pub const VGA_8X8: Font = [
    [0x00, 0x00, 0x00, 0x00, 0x00, 0x00, 0x00, 0x00], // 0x00
    [0x7E, 0x81, 0xA5, 0x81, 0xBD, 0x99, 0x81, 0x7E], // 0x01
    [0x7E, 0xFF, 0xDB, 0xFF, 0xC3, 0xE7, 0xFF, 0x7E], // 0x02
    [0x6C, 0xFE, 0xFE, 0xFE, 0x7C, 0x38, 0x10, 0x00], // 0x03
    [0x10, 0x38, 0x7C, 0xFE, 0x7C, 0x38, 0x10, 0x00], // 0x04
    [0x38, 0x7C, 0x38, 0xFE, 0xFE, 0x7C, 0x38, 0x7C], // 0x05
    [0x10, 0x10, 0x38, 0x7C, 0xFE, 0x7C, 0x38, 0x7C], // 0x06
    [0x00, 0x00, 0x18, 0x3C, 0x3C, 0x18, 0x00, 0x00], // 0x07
    [0xFF, 0xFF, 0xE7, 0xC3, 0xC3, 0xE7, 0xFF, 0xFF], // 0x08
    [0x00, 0x3C, 0x66, 0x42, 0x42, 0x66, 0x3C, 0x00], // 0x09
    [0xFF, 0xC3, 0x99, 0xBD, 0xBD, 0x99, 0xC3, 0xFF], // 0x0A
    [0x0F, 0x07, 0x0F, 0x7D, 0xCC, 0xCC, 0xCC, 0x78], // 0x0B
    [0x3C, 0x66, 0x66, 0x66, 0x3C, 0x18, 0x7E, 0x18], // 0x0C
    [0x3F, 0x33, 0x3F, 0x30, 0x30, 0x70, 0xF0, 0xE0], // 0x0D
    [0x7F, 0x63, 0x7F, 0x63, 0x63, 0x67, 0xE6, 0xC0], // 0x0E
    [0x99, 0x5A, 0x3C, 0xE7, 0xE7, 0x3C, 0x5A, 0x99], // 0x0F
    [0x80, 0xE0, 0xF8, 0xFE, 0xF8, 0xE0, 0x80, 0x00], // 0x10
    [0x02, 0x0E, 0x3E, 0xFE, 0x3E, 0x0E, 0x02, 0x00], // 0x11
    [0x18, 0x3C, 0x7E, 0x18, 0x18, 0x7E, 0x3C, 0x18], // 0x12
    [0x66, 0x66, 0x66, 0x66, 0x66, 0x00, 0x66, 0x00], // 0x13
    [0x7F, 0xDB, 0xDB, 0x7B, 0x1B, 0x1B, 0x1B, 0x00], // 0x14
    [0x3E, 0x63, 0x38, 0x6C, 0x6C, 0x38, 0xCC, 0x78], // 0x15
    [0x00, 0x00, 0x00, 0x00, 0x7E, 0x7E, 0x7E, 0x00], // 0x16
    [0x18, 0x3C, 0x7E, 0x18, 0x7E, 0x3C, 0x18, 0xFF], // 0x17
    [0x18, 0x3C, 0x7E, 0x18, 0x18, 0x18, 0x18, 0x00], // 0x18
    [0x18, 0x18, 0x18, 0x18, 0x7E, 0x3C, 0x18, 0x00], // 0x19
    [0x00, 0x18, 0x0C, 0xFE, 0x0C, 0x18, 0x00, 0x00], // 0x1A
    [0x00, 0x30, 0x60, 0xFE, 0x60, 0x30, 0x00, 0x00], // 0x1B
    [0x00, 0x00, 0xC0, 0xC0, 0xC0, 0xFE, 0x00, 0x00], // 0x1C
    [0x00, 0x24, 0x66, 0xFF, 0x66, 0x24, 0x00, 0x00], // 0x1D
    [0x00, 0x18, 0x3C, 0x7E, 0xFF, 0xFF, 0x00, 0x00], // 0x1E
    [0x00, 0xFF, 0xFF, 0x7E, 0x3C, 0x18, 0x00, 0x00], // 0x1F
    [0x00, 0x00, 0x00, 0x00, 0x00, 0x00, 0x00, 0x00], // 0x20
    [0x30, 0x78, 0x78, 0x30, 0x30, 0x00, 0x30, 0x00], // 0x21
    [0x6C, 0x6C, 0x6C, 0x00, 0x00, 0x00, 0x00, 0x00], // 0x22
    [0x6C, 0x6C, 0xFE, 0x6C, 0xFE, 0x6C, 0x6C, 0x00], // 0x23
    [0x30, 0x7C, 0xC0, 0x78, 0x0C, 0xF8, 0x30, 0x00], // 0x24
    [0x00, 0xC6, 0xCC, 0x18, 0x30, 0x66, 0xC6, 0x00], // 0x25
    [0x38, 0x6C, 0x38, 0x76, 0xDC, 0xCC, 0x76, 0x00], // 0x26
    [0x60, 0x60, 0xC0, 0x00, 0x00, 0x00, 0x00, 0x00], // 0x27
    [0x18, 0x30, 0x60, 0x60, 0x60, 0x30, 0x18, 0x00], // 0x28
    [0x60, 0x30, 0x18, 0x18, 0x18, 0x30, 0x60, 0x00], // 0x29
    [0x00, 0x66, 0x3C, 0xFF, 0x3C, 0x66, 0x00, 0x00], // 0x2A
    [0x00, 0x30, 0x30, 0xFC, 0x30, 0x30, 0x00, 0x00], // 0x2B
    [0x00, 0x00, 0x00, 0x00, 0x00, 0x30, 0x30, 0x60], // 0x2C
    [0x00, 0x00, 0x00, 0xFC, 0x00, 0x00, 0x00, 0x00], // 0x2D
    [0x00, 0x00, 0x00, 0x00, 0x00, 0x30, 0x30, 0x00], // 0x2E
    [0x06, 0x0C, 0x18, 0x30, 0x60, 0xC0, 0x80, 0x00], // 0x2F
    [0x7C, 0xC6, 0xCE, 0xDE, 0xF6, 0xE6, 0x7C, 0x00], // 0x30
    [0x30, 0x70, 0x30, 0x30, 0x30, 0x30, 0xFC, 0x00], // 0x31
    [0x78, 0xCC, 0x0C, 0x38, 0x60, 0xCC, 0xFC, 0x00], // 0x32
    [0x78, 0xCC, 0x0C, 0x38, 0x0C, 0xCC, 0x78, 0x00], // 0x33
    [0x1C, 0x3C, 0x6C, 0xCC, 0xFE, 0x0C, 0x1E, 0x00], // 0x34
    [0xFC, 0xC0, 0xF8, 0x0C, 0x0C, 0xCC, 0x78, 0x00], // 0x35
    [0x38, 0x60, 0xC0, 0xF8, 0xCC, 0xCC, 0x78, 0x00], // 0x36
    [0xFC, 0xCC, 0x0C, 0x18, 0x30, 0x30, 0x30, 0x00], // 0x37
    [0x78, 0xCC, 0xCC, 0x78, 0xCC, 0xCC, 0x78, 0x00], // 0x38
    [0x78, 0xCC, 0xCC, 0x7C, 0x0C, 0x18, 0x70, 0x00], // 0x39
    [0x00, 0x30, 0x30, 0x00, 0x00, 0x30, 0x30, 0x00], // 0x3A
    [0x00, 0x30, 0x30, 0x00, 0x00, 0x30, 0x30, 0x60], // 0x3B
    [0x18, 0x30, 0x60, 0xC0, 0x60, 0x30, 0x18, 0x00], // 0x3C
    [0x00, 0x00, 0xFC, 0x00, 0x00, 0xFC, 0x00, 0x00], // 0x3D
    [0x60, 0x30, 0x18, 0x0C, 0x18, 0x30, 0x60, 0x00], // 0x3E
    [0x78, 0xCC, 0x0C, 0x18, 0x30, 0x00, 0x30, 0x00], // 0x3F
    [0x7C, 0xC6, 0xDE, 0xDE, 0xDE, 0xC0, 0x78, 0x00], // 0x40
    [0x30, 0x78, 0xCC, 0xCC, 0xFC, 0xCC, 0xCC, 0x00], // 0x41
    [0xFC, 0x66, 0x66, 0x7C, 0x66, 0x66, 0xFC, 0x00], // 0x42
    [0x3C, 0x66, 0xC0, 0xC0, 0xC0, 0x66, 0x3C, 0x00], // 0x43
    [0xF8, 0x6C, 0x66, 0x66, 0x66, 0x6C, 0xF8, 0x00], // 0x44
    [0xFE, 0x62, 0x68, 0x78, 0x68, 0x62, 0xFE, 0x00], // 0x45
    [0xFE, 0x62, 0x68, 0x78, 0x68, 0x60, 0xF0, 0x00], // 0x46
    [0x3C, 0x66, 0xC0, 0xC0, 0xCE, 0x66, 0x3E, 0x00], // 0x47
    [0xCC, 0xCC, 0xCC, 0xFC, 0xCC, 0xCC, 0xCC, 0x00], // 0x48
    [0x78, 0x30, 0x30, 0x30, 0x30, 0x30, 0x78, 0x00], // 0x49
    [0x1E, 0x0C, 0x0C, 0x0C, 0xCC, 0xCC, 0x78, 0x00], // 0x4A
    [0xE6, 0x66, 0x6C, 0x78, 0x6C, 0x66, 0xE6, 0x00], // 0x4B
    [0xF0, 0x60, 0x60, 0x60, 0x62, 0x66, 0xFE, 0x00], // 0x4C
    [0xC6, 0xEE, 0xFE, 0xFE, 0xD6, 0xC6, 0xC6, 0x00], // 0x4D
    [0xC6, 0xE6, 0xF6, 0xDE, 0xCE, 0xC6, 0xC6, 0x00], // 0x4E
    [0x38, 0x6C, 0xC6, 0xC6, 0xC6, 0x6C, 0x38, 0x00], // 0x4F
    [0xFC, 0x66, 0x66, 0x7C, 0x60, 0x60, 0xF0, 0x00], // 0x50
    [0x78, 0xCC, 0xCC, 0xCC, 0xDC, 0x78, 0x1C, 0x00], // 0x51
    [0xFC, 0x66, 0x66, 0x7C, 0x6C, 0x66, 0xE6, 0x00], // 0x52
    [0x78, 0xCC, 0xE0, 0x70, 0x1C, 0xCC, 0x78, 0x00], // 0x53
    [0xFC, 0xB4, 0x30, 0x30, 0x30, 0x30, 0x78, 0x00], // 0x54
    [0xCC, 0xCC, 0xCC, 0xCC, 0xCC, 0xCC, 0xFC, 0x00], // 0x55
    [0xCC, 0xCC, 0xCC, 0xCC, 0xCC, 0x78, 0x30, 0x00], // 0x56
    [0xC6, 0xC6, 0xC6, 0xD6, 0xFE, 0xEE, 0xC6, 0x00], // 0x57
    [0xC6, 0xC6, 0x6C, 0x38, 0x38, 0x6C, 0xC6, 0x00], // 0x58
    [0xCC, 0xCC, 0xCC, 0x78, 0x30, 0x30, 0x78, 0x00], // 0x59
    [0xFE, 0xC6, 0x8C, 0x18, 0x32, 0x66, 0xFE, 0x00], // 0x5A
    [0x78, 0x60, 0x60, 0x60, 0x60, 0x60, 0x78, 0x00], // 0x5B
    [0xC0, 0x60, 0x30, 0x18, 0x0C, 0x06, 0x02, 0x00], // 0x5C
    [0x78, 0x18, 0x18, 0x18, 0x18, 0x18, 0x78, 0x00], // 0x5D
    [0x10, 0x38, 0x6C, 0xC6, 0x00, 0x00, 0x00, 0x00], // 0x5E
    [0x00, 0x00, 0x00, 0x00, 0x00, 0x00, 0x00, 0xFF], // 0x5F
    [0x30, 0x30, 0x18, 0x00, 0x00, 0x00, 0x00, 0x00], // 0x60
    [0x00, 0x00, 0x78, 0x0C, 0x7C, 0xCC, 0x76, 0x00], // 0x61
    [0xE0, 0x60, 0x60, 0x7C, 0x66, 0x66, 0xDC, 0x00], // 0x62
    [0x00, 0x00, 0x78, 0xCC, 0xC0, 0xCC, 0x78, 0x00], // 0x63
    [0x1C, 0x0C, 0x0C, 0x7C, 0xCC, 0xCC, 0x76, 0x00], // 0x64
    [0x00, 0x00, 0x78, 0xCC, 0xFC, 0xC0, 0x78, 0x00], // 0x65
    [0x38, 0x6C, 0x60, 0xF0, 0x60, 0x60, 0xF0, 0x00], // 0x66
    [0x00, 0x00, 0x76, 0xCC, 0xCC, 0x7C, 0x0C, 0xF8], // 0x67
    [0xE0, 0x60, 0x6C, 0x76, 0x66, 0x66, 0xE6, 0x00], // 0x68
    [0x30, 0x00, 0x70, 0x30, 0x30, 0x30, 0x78, 0x00], // 0x69
    [0x0C, 0x00, 0x0C, 0x0C, 0x0C, 0xCC, 0xCC, 0x78], // 0x6A
    [0xE0, 0x60, 0x66, 0x6C, 0x78, 0x6C, 0xE6, 0x00], // 0x6B
    [0x70, 0x30, 0x30, 0x30, 0x30, 0x30, 0x78, 0x00], // 0x6C
    [0x00, 0x00, 0xCC, 0xFE, 0xFE, 0xD6, 0xC6, 0x00], // 0x6D
    [0x00, 0x00, 0xF8, 0xCC, 0xCC, 0xCC, 0xCC, 0x00], // 0x6E
    [0x00, 0x00, 0x78, 0xCC, 0xCC, 0xCC, 0x78, 0x00], // 0x6F
    [0x00, 0x00, 0xDC, 0x66, 0x66, 0x7C, 0x60, 0xF0], // 0x70
    [0x00, 0x00, 0x76, 0xCC, 0xCC, 0x7C, 0x0C, 0x1E], // 0x71
    [0x00, 0x00, 0xDC, 0x76, 0x66, 0x60, 0xF0, 0x00], // 0x72
    [0x00, 0x00, 0x7C, 0xC0, 0x78, 0x0C, 0xF8, 0x00], // 0x73
    [0x10, 0x30, 0x7C, 0x30, 0x30, 0x34, 0x18, 0x00], // 0x74
    [0x00, 0x00, 0xCC, 0xCC, 0xCC, 0xCC, 0x76, 0x00], // 0x75
    [0x00, 0x00, 0xCC, 0xCC, 0xCC, 0x78, 0x30, 0x00], // 0x76
    [0x00, 0x00, 0xC6, 0xD6, 0xFE, 0xFE, 0x6C, 0x00], // 0x77
    [0x00, 0x00, 0xC6, 0x6C, 0x38, 0x6C, 0xC6, 0x00], // 0x78
    [0x00, 0x00, 0xCC, 0xCC, 0xCC, 0x7C, 0x0C, 0xF8], // 0x79
    [0x00, 0x00, 0xFC, 0x98, 0x30, 0x64, 0xFC, 0x00], // 0x7A
    [0x1C, 0x30, 0x30, 0xE0, 0x30, 0x30, 0x1C, 0x00], // 0x7B
    [0x18, 0x18, 0x18, 0x00, 0x18, 0x18, 0x18, 0x00], // 0x7C
    [0xE0, 0x30, 0x30, 0x1C, 0x30, 0x30, 0xE0, 0x00], // 0x7D
    [0x76, 0xDC, 0x00, 0x00, 0x00, 0x00, 0x00, 0x00], // 0x7E
    [0x00, 0x10, 0x38, 0x6C, 0xC6, 0xC6, 0xFE, 0x00], // 0x7F
    [0x78, 0xCC, 0xC0, 0xCC, 0x78, 0x18, 0x0C, 0x78], // 0x80
    [0x00, 0xCC, 0x00, 0xCC, 0xCC, 0xCC, 0x7E, 0x00], // 0x81
    [0x1C, 0x00, 0x78, 0xCC, 0xFC, 0xC0, 0x78, 0x00], // 0x82
    [0x7E, 0xC3, 0x3C, 0x06, 0x3E, 0x66, 0x3F, 0x00], // 0x83
    [0xCC, 0x00, 0x78, 0x0C, 0x7C, 0xCC, 0x7E, 0x00], // 0x84
    [0xE0, 0x00, 0x78, 0x0C, 0x7C, 0xCC, 0x7E, 0x00], // 0x85
    [0x30, 0x30, 0x78, 0x0C, 0x7C, 0xCC, 0x7E, 0x00], // 0x86
    [0x00, 0x00, 0x78, 0xC0, 0xC0, 0x78, 0x0C, 0x38], // 0x87
    [0x7E, 0xC3, 0x3C, 0x66, 0x7E, 0x60, 0x3C, 0x00], // 0x88
    [0xCC, 0x00, 0x78, 0xCC, 0xFC, 0xC0, 0x78, 0x00], // 0x89
    [0xE0, 0x00, 0x78, 0xCC, 0xFC, 0xC0, 0x78, 0x00], // 0x8A
    [0xCC, 0x00, 0x70, 0x30, 0x30, 0x30, 0x78, 0x00], // 0x8B
    [0x7C, 0xC6, 0x38, 0x18, 0x18, 0x18, 0x3C, 0x00], // 0x8C
    [0xE0, 0x00, 0x70, 0x30, 0x30, 0x30, 0x78, 0x00], // 0x8D
    [0xC6, 0x38, 0x6C, 0xC6, 0xFE, 0xC6, 0xC6, 0x00], // 0x8E
    [0x30, 0x30, 0x00, 0x78, 0xCC, 0xFC, 0xCC, 0x00], // 0x8F
    [0x1C, 0x00, 0xFC, 0x60, 0x78, 0x60, 0xFC, 0x00], // 0x90
    [0x00, 0x00, 0x7F, 0x0C, 0x7F, 0xCC, 0x7F, 0x00], // 0x91
    [0x3E, 0x6C, 0xCC, 0xFE, 0xCC, 0xCC, 0xCE, 0x00], // 0x92
    [0x78, 0xCC, 0x00, 0x78, 0xCC, 0xCC, 0x78, 0x00], // 0x93
    [0x00, 0xCC, 0x00, 0x78, 0xCC, 0xCC, 0x78, 0x00], // 0x94
    [0x00, 0xE0, 0x00, 0x78, 0xCC, 0xCC, 0x78, 0x00], // 0x95
    [0x78, 0xCC, 0x00, 0xCC, 0xCC, 0xCC, 0x7E, 0x00], // 0x96
    [0x00, 0xE0, 0x00, 0xCC, 0xCC, 0xCC, 0x7E, 0x00], // 0x97
    [0x00, 0xCC, 0x00, 0xCC, 0xCC, 0x7C, 0x0C, 0xF8], // 0x98
    [0xC3, 0x18, 0x3C, 0x66, 0x66, 0x3C, 0x18, 0x00], // 0x99
    [0xCC, 0x00, 0xCC, 0xCC, 0xCC, 0xCC, 0x78, 0x00], // 0x9A
    [0x18, 0x18, 0x7E, 0xC0, 0xC0, 0x7E, 0x18, 0x18], // 0x9B
    [0x38, 0x6C, 0x64, 0xF0, 0x60, 0xE6, 0xFC, 0x00], // 0x9C
    [0xCC, 0xCC, 0x78, 0xFC, 0x30, 0xFC, 0x30, 0x30], // 0x9D
    [0xF8, 0xCC, 0xCC, 0xFA, 0xC6, 0xCF, 0xC6, 0xC7], // 0x9E
    [0x0E, 0x1B, 0x18, 0x3C, 0x18, 0x18, 0xD8, 0x70], // 0x9F
    [0x1C, 0x00, 0x78, 0x0C, 0x7C, 0xCC, 0x7E, 0x00], // 0xA0
    [0x38, 0x00, 0x70, 0x30, 0x30, 0x30, 0x78, 0x00], // 0xA1
    [0x00, 0x1C, 0x00, 0x78, 0xCC, 0xCC, 0x78, 0x00], // 0xA2
    [0x00, 0x1C, 0x00, 0xCC, 0xCC, 0xCC, 0x7E, 0x00], // 0xA3
    [0x00, 0xF8, 0x00, 0xF8, 0xCC, 0xCC, 0xCC, 0x00], // 0xA4
    [0xFC, 0x00, 0xCC, 0xEC, 0xFC, 0xDC, 0xCC, 0x00], // 0xA5
    [0x3C, 0x6C, 0x6C, 0x3E, 0x00, 0x7E, 0x00, 0x00], // 0xA6
    [0x38, 0x6C, 0x6C, 0x38, 0x00, 0x7C, 0x00, 0x00], // 0xA7
    [0x30, 0x00, 0x30, 0x60, 0xC0, 0xCC, 0x78, 0x00], // 0xA8
    [0x00, 0x00, 0x00, 0xFC, 0xC0, 0xC0, 0x00, 0x00], // 0xA9
    [0x00, 0x00, 0x00, 0xFC, 0x0C, 0x0C, 0x00, 0x00], // 0xAA
    [0xC3, 0xC6, 0xCC, 0xDE, 0x33, 0x66, 0xCC, 0x0F], // 0xAB
    [0xC3, 0xC6, 0xCC, 0xDB, 0x37, 0x6F, 0xCF, 0x03], // 0xAC
    [0x18, 0x18, 0x00, 0x18, 0x18, 0x18, 0x18, 0x00], // 0xAD
    [0x00, 0x33, 0x66, 0xCC, 0x66, 0x33, 0x00, 0x00], // 0xAE
    [0x00, 0xCC, 0x66, 0x33, 0x66, 0xCC, 0x00, 0x00], // 0xAF
    [0x22, 0x88, 0x22, 0x88, 0x22, 0x88, 0x22, 0x88], // 0xB0
    [0x55, 0xAA, 0x55, 0xAA, 0x55, 0xAA, 0x55, 0xAA], // 0xB1
    [0xDB, 0x77, 0xDB, 0xEE, 0xDB, 0x77, 0xDB, 0xEE], // 0xB2
    [0x18, 0x18, 0x18, 0x18, 0x18, 0x18, 0x18, 0x18], // 0xB3
    [0x18, 0x18, 0x18, 0x18, 0xF8, 0x18, 0x18, 0x18], // 0xB4
    [0x18, 0x18, 0xF8, 0x18, 0xF8, 0x18, 0x18, 0x18], // 0xB5
    [0x36, 0x36, 0x36, 0x36, 0xF6, 0x36, 0x36, 0x36], // 0xB6
    [0x00, 0x00, 0x00, 0x00, 0xFE, 0x36, 0x36, 0x36], // 0xB7
    [0x00, 0x00, 0xF8, 0x18, 0xF8, 0x18, 0x18, 0x18], // 0xB8
    [0x36, 0x36, 0xF6, 0x06, 0xF6, 0x36, 0x36, 0x36], // 0xB9
    [0x36, 0x36, 0x36, 0x36, 0x36, 0x36, 0x36, 0x36], // 0xBA
    [0x00, 0x00, 0xFE, 0x06, 0xF6, 0x36, 0x36, 0x36], // 0xBB
    [0x36, 0x36, 0xF6, 0x06, 0xFE, 0x00, 0x00, 0x00], // 0xBC
    [0x36, 0x36, 0x36, 0x36, 0xFE, 0x00, 0x00, 0x00], // 0xBD
    [0x18, 0x18, 0xF8, 0x18, 0xF8, 0x00, 0x00, 0x00], // 0xBE
    [0x00, 0x00, 0x00, 0x00, 0xF8, 0x18, 0x18, 0x18], // 0xBF
    [0x18, 0x18, 0x18, 0x18, 0x1F, 0x00, 0x00, 0x00], // 0xC0
    [0x18, 0x18, 0x18, 0x18, 0xFF, 0x00, 0x00, 0x00], // 0xC1
    [0x00, 0x00, 0x00, 0x00, 0xFF, 0x18, 0x18, 0x18], // 0xC2
    [0x18, 0x18, 0x18, 0x18, 0x1F, 0x18, 0x18, 0x18], // 0xC3
    [0x00, 0x00, 0x00, 0x00, 0xFF, 0x00, 0x00, 0x00], // 0xC4
    [0x18, 0x18, 0x18, 0x18, 0xFF, 0x18, 0x18, 0x18], // 0xC5
    [0x18, 0x18, 0x1F, 0x18, 0x1F, 0x18, 0x18, 0x18], // 0xC6
    [0x36, 0x36, 0x36, 0x36, 0x37, 0x36, 0x36, 0x36], // 0xC7
    [0x36, 0x36, 0x37, 0x30, 0x3F, 0x00, 0x00, 0x00], // 0xC8
    [0x00, 0x00, 0x3F, 0x30, 0x37, 0x36, 0x36, 0x36], // 0xC9
    [0x36, 0x36, 0xF7, 0x00, 0xFF, 0x00, 0x00, 0x00], // 0xCA
    [0x00, 0x00, 0xFF, 0x00, 0xF7, 0x36, 0x36, 0x36], // 0xCB
    [0x36, 0x36, 0x37, 0x30, 0x37, 0x36, 0x36, 0x36], // 0xCC
    [0x00, 0x00, 0xFF, 0x00, 0xFF, 0x00, 0x00, 0x00], // 0xCD
    [0x36, 0x36, 0xF7, 0x00, 0xF7, 0x36, 0x36, 0x36], // 0xCE
    [0x18, 0x18, 0xFF, 0x00, 0xFF, 0x00, 0x00, 0x00], // 0xCF
    [0x36, 0x36, 0x36, 0x36, 0xFF, 0x00, 0x00, 0x00], // 0xD0
    [0x00, 0x00, 0xFF, 0x00, 0xFF, 0x18, 0x18, 0x18], // 0xD1
    [0x00, 0x00, 0x00, 0x00, 0xFF, 0x36, 0x36, 0x36], // 0xD2
    [0x36, 0x36, 0x36, 0x36, 0x3F, 0x00, 0x00, 0x00], // 0xD3
    [0x18, 0x18, 0x1F, 0x18, 0x1F, 0x00, 0x00, 0x00], // 0xD4
    [0x00, 0x00, 0x1F, 0x18, 0x1F, 0x18, 0x18, 0x18], // 0xD5
    [0x00, 0x00, 0x00, 0x00, 0x3F, 0x36, 0x36, 0x36], // 0xD6
    [0x36, 0x36, 0x36, 0x36, 0xFF, 0x36, 0x36, 0x36], // 0xD7
    [0x18, 0x18, 0xFF, 0x18, 0xFF, 0x18, 0x18, 0x18], // 0xD8
    [0x18, 0x18, 0x18, 0x18, 0xF8, 0x00, 0x00, 0x00], // 0xD9
    [0x00, 0x00, 0x00, 0x00, 0x1F, 0x18, 0x18, 0x18], // 0xDA
    [0xFF, 0xFF, 0xFF, 0xFF, 0xFF, 0xFF, 0xFF, 0xFF], // 0xDB
    [0x00, 0x00, 0x00, 0x00, 0xFF, 0xFF, 0xFF, 0xFF], // 0xDC
    [0xF0, 0xF0, 0xF0, 0xF0, 0xF0, 0xF0, 0xF0, 0xF0], // 0xDD
    [0x0F, 0x0F, 0x0F, 0x0F, 0x0F, 0x0F, 0x0F, 0x0F], // 0xDE
    [0xFF, 0xFF, 0xFF, 0xFF, 0x00, 0x00, 0x00, 0x00], // 0xDF
    [0x00, 0x00, 0x76, 0xDC, 0xC8, 0xDC, 0x76, 0x00], // 0xE0
    [0x00, 0x78, 0xCC, 0xF8, 0xCC, 0xF8, 0xC0, 0xC0], // 0xE1
    [0x00, 0xFC, 0xCC, 0xC0, 0xC0, 0xC0, 0xC0, 0x00], // 0xE2
    [0x00, 0xFE, 0x6C, 0x6C, 0x6C, 0x6C, 0x6C, 0x00], // 0xE3
    [0xFC, 0xCC, 0x60, 0x30, 0x60, 0xCC, 0xFC, 0x00], // 0xE4
    [0x00, 0x00, 0x7E, 0xD8, 0xD8, 0xD8, 0x70, 0x00], // 0xE5
    [0x00, 0x66, 0x66, 0x66, 0x66, 0x7C, 0x60, 0xC0], // 0xE6
    [0x00, 0x76, 0xDC, 0x18, 0x18, 0x18, 0x18, 0x00], // 0xE7
    [0xFC, 0x30, 0x78, 0xCC, 0xCC, 0x78, 0x30, 0xFC], // 0xE8
    [0x38, 0x6C, 0xC6, 0xFE, 0xC6, 0x6C, 0x38, 0x00], // 0xE9
    [0x38, 0x6C, 0xC6, 0xC6, 0x6C, 0x6C, 0xEE, 0x00], // 0xEA
    [0x1C, 0x30, 0x18, 0x7C, 0xCC, 0xCC, 0x78, 0x00], // 0xEB
    [0x00, 0x00, 0x7E, 0xDB, 0xDB, 0x7E, 0x00, 0x00], // 0xEC
    [0x06, 0x0C, 0x7E, 0xDB, 0xDB, 0x7E, 0x60, 0xC0], // 0xED
    [0x38, 0x60, 0xC0, 0xF8, 0xC0, 0x60, 0x38, 0x00], // 0xEE
    [0x78, 0xCC, 0xCC, 0xCC, 0xCC, 0xCC, 0xCC, 0x00], // 0xEF
    [0x00, 0xFC, 0x00, 0xFC, 0x00, 0xFC, 0x00, 0x00], // 0xF0
    [0x30, 0x30, 0xFC, 0x30, 0x30, 0x00, 0xFC, 0x00], // 0xF1
    [0x60, 0x30, 0x18, 0x30, 0x60, 0x00, 0xFC, 0x00], // 0xF2
    [0x18, 0x30, 0x60, 0x30, 0x18, 0x00, 0xFC, 0x00], // 0xF3
    [0x0E, 0x1B, 0x1B, 0x18, 0x18, 0x18, 0x18, 0x18], // 0xF4
    [0x18, 0x18, 0x18, 0x18, 0x18, 0xD8, 0xD8, 0x70], // 0xF5
    [0x30, 0x30, 0x00, 0xFC, 0x00, 0x30, 0x30, 0x00], // 0xF6
    [0x00, 0x76, 0xDC, 0x00, 0x76, 0xDC, 0x00, 0x00], // 0xF7
    [0x38, 0x6C, 0x6C, 0x38, 0x00, 0x00, 0x00, 0x00], // 0xF8
    [0x00, 0x00, 0x00, 0x18, 0x18, 0x00, 0x00, 0x00], // 0xF9
    [0x00, 0x00, 0x00, 0x00, 0x18, 0x00, 0x00, 0x00], // 0xFA
    [0x0F, 0x0C, 0x0C, 0x0C, 0xEC, 0x6C, 0x3C, 0x1C], // 0xFB
    [0x78, 0x6C, 0x6C, 0x6C, 0x6C, 0x00, 0x00, 0x00], // 0xFC
    [0x70, 0x18, 0x30, 0x60, 0x78, 0x00, 0x00, 0x00], // 0xFD
    [0x00, 0x00, 0x3C, 0x3C, 0x3C, 0x3C, 0x00, 0x00], // 0xFE
    [0x00, 0x00, 0x00, 0x00, 0x00, 0x00, 0x00, 0x00], // 0xFF
];

pub const BBC_MASTER: Font = [
    [0x00, 0x00, 0x00, 0x00, 0x00, 0x00, 0x00, 0x00], // 0x00
    [0x00, 0x00, 0x00, 0x00, 0x00, 0x00, 0x00, 0x00], // 0x01
    [0x00, 0x00, 0x00, 0x00, 0x00, 0x00, 0x00, 0x00], // 0x02
    [0x00, 0x00, 0x00, 0x00, 0x00, 0x00, 0x00, 0x00], // 0x03
    [0x00, 0x00, 0x00, 0x00, 0x00, 0x00, 0x00, 0x00], // 0x04
    [0x00, 0x00, 0x00, 0x00, 0x00, 0x00, 0x00, 0x00], // 0x05
    [0x00, 0x00, 0x00, 0x00, 0x00, 0x00, 0x00, 0x00], // 0x06
    [0x00, 0x00, 0x00, 0x00, 0x00, 0x00, 0x00, 0x00], // 0x07
    [0x00, 0x00, 0x00, 0x00, 0x00, 0x00, 0x00, 0x00], // 0x08
    [0x00, 0x00, 0x00, 0x00, 0x00, 0x00, 0x00, 0x00], // 0x09
    [0x00, 0x00, 0x00, 0x00, 0x00, 0x00, 0x00, 0x00], // 0x0A
    [0x00, 0x00, 0x00, 0x00, 0x00, 0x00, 0x00, 0x00], // 0x0B
    [0x00, 0x00, 0x00, 0x00, 0x00, 0x00, 0x00, 0x00], // 0x0C
    [0x00, 0x00, 0x00, 0x00, 0x00, 0x00, 0x00, 0x00], // 0x0D
    [0x00, 0x00, 0x00, 0x00, 0x00, 0x00, 0x00, 0x00], // 0x0E
    [0x00, 0x00, 0x00, 0x00, 0x00, 0x00, 0x00, 0x00], // 0x0F
    [0x00, 0x00, 0x00, 0x00, 0x00, 0x00, 0x00, 0x00], // 0x10
    [0x00, 0x00, 0x00, 0x00, 0x00, 0x00, 0x00, 0x00], // 0x11
    [0x00, 0x00, 0x00, 0x00, 0x00, 0x00, 0x00, 0x00], // 0x12
    [0x00, 0x00, 0x00, 0x00, 0x00, 0x00, 0x00, 0x00], // 0x13
    [0x00, 0x00, 0x00, 0x00, 0x00, 0x00, 0x00, 0x00], // 0x14
    [0x00, 0x00, 0x00, 0x00, 0x00, 0x00, 0x00, 0x00], // 0x15
    [0x00, 0x00, 0x00, 0x00, 0x00, 0x00, 0x00, 0x00], // 0x16
    [0x00, 0x00, 0x00, 0x00, 0x00, 0x00, 0x00, 0x00], // 0x17
    [0x00, 0x00, 0x00, 0x00, 0x00, 0x00, 0x00, 0x00], // 0x18
    [0x00, 0x00, 0x00, 0x00, 0x00, 0x00, 0x00, 0x00], // 0x19
    [0x00, 0x00, 0x00, 0x00, 0x00, 0x00, 0x00, 0x00], // 0x1A
    [0x00, 0x00, 0x00, 0x00, 0x00, 0x00, 0x00, 0x00], // 0x1B
    [0x00, 0x00, 0x00, 0x00, 0x00, 0x00, 0x00, 0x00], // 0x1C
    [0x00, 0x00, 0x00, 0x00, 0x00, 0x00, 0x00, 0x00], // 0x1D
    [0x00, 0x00, 0x00, 0x00, 0x00, 0x00, 0x00, 0x00], // 0x1E
    [0x00, 0x00, 0x00, 0x00, 0x00, 0x00, 0x00, 0x00], // 0x1F
    [0x00, 0x00, 0x00, 0x00, 0x00, 0x00, 0x00, 0x00], // 0x20
    [0x18, 0x18, 0x18, 0x18, 0x18, 0x00, 0x18, 0x00], // 0x21
    [0x6C, 0x6C, 0x6C, 0x00, 0x00, 0x00, 0x00, 0x00], // 0x22
    [0x36, 0x36, 0x7F, 0x36, 0x7F, 0x36, 0x36, 0x00], // 0x23
    [0x0C, 0x3F, 0x68, 0x3E, 0x0B, 0x7E, 0x18, 0x00], // 0x24
    [0x60, 0x66, 0x0C, 0x18, 0x30, 0x66, 0x06, 0x00], // 0x25
    [0x38, 0x6C, 0x6C, 0x38, 0x6D, 0x66, 0x3B, 0x00], // 0x26
    [0x0C, 0x18, 0x30, 0x00, 0x00, 0x00, 0x00, 0x00], // 0x27
    [0x0C, 0x18, 0x30, 0x30, 0x30, 0x18, 0x0C, 0x00], // 0x28
    [0x30, 0x18, 0x0C, 0x0C, 0x0C, 0x18, 0x30, 0x00], // 0x29
    [0x00, 0x18, 0x7E, 0x3C, 0x7E, 0x18, 0x00, 0x00], // 0x2A
    [0x00, 0x18, 0x18, 0x7E, 0x18, 0x18, 0x00, 0x00], // 0x2B
    [0x00, 0x00, 0x00, 0x00, 0x00, 0x18, 0x18, 0x30], // 0x2C
    [0x00, 0x00, 0x00, 0x7E, 0x00, 0x00, 0x00, 0x00], // 0x2D
    [0x00, 0x00, 0x00, 0x00, 0x00, 0x18, 0x18, 0x00], // 0x2E
    [0x00, 0x06, 0x0C, 0x18, 0x30, 0x60, 0x00, 0x00], // 0x2F
    [0x3C, 0x66, 0x6E, 0x7E, 0x76, 0x66, 0x3C, 0x00], // 0x30
    [0x18, 0x38, 0x18, 0x18, 0x18, 0x18, 0x7E, 0x00], // 0x31
    [0x3C, 0x66, 0x06, 0x0C, 0x18, 0x30, 0x7E, 0x00], // 0x32
    [0x3C, 0x66, 0x06, 0x1C, 0x06, 0x66, 0x3C, 0x00], // 0x33
    [0x0C, 0x1C, 0x3C, 0x6C, 0x7E, 0x0C, 0x0C, 0x00], // 0x34
    [0x7E, 0x60, 0x7C, 0x06, 0x06, 0x66, 0x3C, 0x00], // 0x35
    [0x1C, 0x30, 0x60, 0x7C, 0x66, 0x66, 0x3C, 0x00], // 0x36
    [0x7E, 0x06, 0x0C, 0x18, 0x30, 0x30, 0x30, 0x00], // 0x37
    [0x3C, 0x66, 0x66, 0x3C, 0x66, 0x66, 0x3C, 0x00], // 0x38
    [0x3C, 0x66, 0x66, 0x3E, 0x06, 0x0C, 0x38, 0x00], // 0x39
    [0x00, 0x00, 0x18, 0x18, 0x00, 0x18, 0x18, 0x00], // 0x3A
    [0x00, 0x00, 0x18, 0x18, 0x00, 0x18, 0x18, 0x30], // 0x3B
    [0x0C, 0x18, 0x30, 0x60, 0x30, 0x18, 0x0C, 0x00], // 0x3C
    [0x00, 0x00, 0x7E, 0x00, 0x7E, 0x00, 0x00, 0x00], // 0x3D
    [0x30, 0x18, 0x0C, 0x06, 0x0C, 0x18, 0x30, 0x00], // 0x3E
    [0x3C, 0x66, 0x0C, 0x18, 0x18, 0x00, 0x18, 0x00], // 0x3F
    [0x3C, 0x66, 0x6E, 0x6A, 0x6E, 0x60, 0x3C, 0x00], // 0x40
    [0x3C, 0x66, 0x66, 0x7E, 0x66, 0x66, 0x66, 0x00], // 0x41
    [0x7C, 0x66, 0x66, 0x7C, 0x66, 0x66, 0x7C, 0x00], // 0x42
    [0x3C, 0x66, 0x60, 0x60, 0x60, 0x66, 0x3C, 0x00], // 0x43
    [0x78, 0x6C, 0x66, 0x66, 0x66, 0x6C, 0x78, 0x00], // 0x44
    [0x7E, 0x60, 0x60, 0x7C, 0x60, 0x60, 0x7E, 0x00], // 0x45
    [0x7E, 0x60, 0x60, 0x7C, 0x60, 0x60, 0x60, 0x00], // 0x46
    [0x3C, 0x66, 0x60, 0x6E, 0x66, 0x66, 0x3C, 0x00], // 0x47
    [0x66, 0x66, 0x66, 0x7E, 0x66, 0x66, 0x66, 0x00], // 0x48
    [0x7E, 0x18, 0x18, 0x18, 0x18, 0x18, 0x7E, 0x00], // 0x49
    [0x3E, 0x0C, 0x0C, 0x0C, 0x0C, 0x6C, 0x38, 0x00], // 0x4A
    [0x66, 0x6C, 0x78, 0x70, 0x78, 0x6C, 0x66, 0x00], // 0x4B
    [0x60, 0x60, 0x60, 0x60, 0x60, 0x60, 0x7E, 0x00], // 0x4C
    [0x63, 0x77, 0x7F, 0x6B, 0x6B, 0x63, 0x63, 0x00], // 0x4D
    [0x66, 0x66, 0x76, 0x7E, 0x6E, 0x66, 0x66, 0x00], // 0x4E
    [0x3C, 0x66, 0x66, 0x66, 0x66, 0x66, 0x3C, 0x00], // 0x4F
    [0x7C, 0x66, 0x66, 0x7C, 0x60, 0x60, 0x60, 0x00], // 0x50
    [0x3C, 0x66, 0x66, 0x66, 0x6A, 0x6C, 0x36, 0x00], // 0x51
    [0x7C, 0x66, 0x66, 0x7C, 0x6C, 0x66, 0x66, 0x00], // 0x52
    [0x3C, 0x66, 0x60, 0x3C, 0x06, 0x66, 0x3C, 0x00], // 0x53
    [0x7E, 0x18, 0x18, 0x18, 0x18, 0x18, 0x18, 0x00], // 0x54
    [0x66, 0x66, 0x66, 0x66, 0x66, 0x66, 0x3C, 0x00], // 0x55
    [0x66, 0x66, 0x66, 0x66, 0x66, 0x3C, 0x18, 0x00], // 0x56
    [0x63, 0x63, 0x6B, 0x6B, 0x7F, 0x77, 0x63, 0x00], // 0x57
    [0x66, 0x66, 0x3C, 0x18, 0x3C, 0x66, 0x66, 0x00], // 0x58
    [0x66, 0x66, 0x66, 0x3C, 0x18, 0x18, 0x18, 0x00], // 0x59
    [0x7E, 0x06, 0x0C, 0x18, 0x30, 0x60, 0x7E, 0x00], // 0x5A
    [0x7C, 0x60, 0x60, 0x60, 0x60, 0x60, 0x7C, 0x00], // 0x5B
    [0x00, 0x60, 0x30, 0x18, 0x0C, 0x06, 0x00, 0x00], // 0x5C
    [0x3E, 0x06, 0x06, 0x06, 0x06, 0x06, 0x3E, 0x00], // 0x5D
    [0x18, 0x3C, 0x66, 0x42, 0x00, 0x00, 0x00, 0x00], // 0x5E
    [0x00, 0x00, 0x00, 0x00, 0x00, 0x00, 0x00, 0xFF], // 0x5F
    [0x1C, 0x36, 0x30, 0x7C, 0x30, 0x30, 0x7E, 0x00], // 0x60
    [0x00, 0x00, 0x3C, 0x06, 0x3E, 0x66, 0x3E, 0x00], // 0x61
    [0x60, 0x60, 0x7C, 0x66, 0x66, 0x66, 0x7C, 0x00], // 0x62
    [0x00, 0x00, 0x3C, 0x66, 0x60, 0x66, 0x3C, 0x00], // 0x63
    [0x06, 0x06, 0x3E, 0x66, 0x66, 0x66, 0x3E, 0x00], // 0x64
    [0x00, 0x00, 0x3C, 0x66, 0x7E, 0x60, 0x3C, 0x00], // 0x65
    [0x1C, 0x30, 0x30, 0x7C, 0x30, 0x30, 0x30, 0x00], // 0x66
    [0x00, 0x00, 0x3E, 0x66, 0x66, 0x3E, 0x06, 0x3C], // 0x67
    [0x60, 0x60, 0x7C, 0x66, 0x66, 0x66, 0x66, 0x00], // 0x68
    [0x18, 0x00, 0x38, 0x18, 0x18, 0x18, 0x3C, 0x00], // 0x69
    [0x18, 0x00, 0x38, 0x18, 0x18, 0x18, 0x18, 0x70], // 0x6A
    [0x60, 0x60, 0x66, 0x6C, 0x78, 0x6C, 0x66, 0x00], // 0x6B
    [0x38, 0x18, 0x18, 0x18, 0x18, 0x18, 0x3C, 0x00], // 0x6C
    [0x00, 0x00, 0x36, 0x7F, 0x6B, 0x6B, 0x63, 0x00], // 0x6D
    [0x00, 0x00, 0x7C, 0x66, 0x66, 0x66, 0x66, 0x00], // 0x6E
    [0x00, 0x00, 0x3C, 0x66, 0x66, 0x66, 0x3C, 0x00], // 0x6F
    [0x00, 0x00, 0x7C, 0x66, 0x66, 0x7C, 0x60, 0x60], // 0x70
    [0x00, 0x00, 0x3E, 0x66, 0x66, 0x3E, 0x06, 0x07], // 0x71
    [0x00, 0x00, 0x6C, 0x76, 0x60, 0x60, 0x60, 0x00], // 0x72
    [0x00, 0x00, 0x3E, 0x60, 0x3C, 0x06, 0x7C, 0x00], // 0x73
    [0x30, 0x30, 0x7C, 0x30, 0x30, 0x30, 0x1C, 0x00], // 0x74
    [0x00, 0x00, 0x66, 0x66, 0x66, 0x66, 0x3E, 0x00], // 0x75
    [0x00, 0x00, 0x66, 0x66, 0x66, 0x3C, 0x18, 0x00], // 0x76
    [0x00, 0x00, 0x63, 0x6B, 0x6B, 0x7F, 0x36, 0x00], // 0x77
    [0x00, 0x00, 0x66, 0x3C, 0x18, 0x3C, 0x66, 0x00], // 0x78
    [0x00, 0x00, 0x66, 0x66, 0x66, 0x3E, 0x06, 0x3C], // 0x79
    [0x00, 0x00, 0x7E, 0x0C, 0x18, 0x30, 0x7E, 0x00], // 0x7A
    [0x0C, 0x18, 0x18, 0x70, 0x18, 0x18, 0x0C, 0x00], // 0x7B
    [0x18, 0x18, 0x18, 0x00, 0x18, 0x18, 0x18, 0x00], // 0x7C
    [0x30, 0x18, 0x18, 0x0E, 0x18, 0x18, 0x30, 0x00], // 0x7D
    [0x31, 0x6B, 0x46, 0x00, 0x00, 0x00, 0x00, 0x00], // 0x7E
    [0xFF, 0xFF, 0xFF, 0xFF, 0xFF, 0xFF, 0xFF, 0xFF], // 0x7F
    [0x66, 0x00, 0x3C, 0x66, 0x7E, 0x66, 0x66, 0x00], // 0x80
    [0x3C, 0x66, 0x3C, 0x66, 0x7E, 0x66, 0x66, 0x00], // 0x81
    [0x3F, 0x66, 0x66, 0x7F, 0x66, 0x66, 0x67, 0x00], // 0x82
    [0x3C, 0x66, 0x60, 0x60, 0x60, 0x66, 0x3C, 0x60], // 0x83
    [0x0C, 0x18, 0x7E, 0x60, 0x7C, 0x60, 0x7E, 0x00], // 0x84
    [0x66, 0x3C, 0x66, 0x66, 0x66, 0x66, 0x3C, 0x00], // 0x85
    [0x66, 0x00, 0x66, 0x66, 0x66, 0x66, 0x3C, 0x00], // 0x86
    [0x7E, 0xC3, 0x9D, 0xB1, 0x9D, 0xC3, 0x7E, 0x00], // 0x87
    [0x00, 0x18, 0x38, 0x7F, 0x38, 0x18, 0x00, 0x00], // 0x88
    [0x00, 0x18, 0x1C, 0xFE, 0x1C, 0x18, 0x00, 0x00], // 0x89
    [0x18, 0x18, 0x18, 0x18, 0x7E, 0x3C, 0x18, 0x00], // 0x8A
    [0x00, 0x18, 0x3C, 0x7E, 0x18, 0x18, 0x18, 0x18], // 0x8B
    [0x30, 0x18, 0x3C, 0x06, 0x3E, 0x66, 0x3E, 0x00], // 0x8C
    [0x30, 0x18, 0x3C, 0x66, 0x7E, 0x60, 0x3C, 0x00], // 0x8D
    [0x66, 0x00, 0x3C, 0x66, 0x7E, 0x60, 0x3C, 0x00], // 0x8E
    [0x3C, 0x66, 0x3C, 0x66, 0x7E, 0x60, 0x3C, 0x00], // 0x8F
    [0x66, 0x00, 0x3C, 0x06, 0x3E, 0x66, 0x3E, 0x00], // 0x90
    [0x3C, 0x66, 0x3C, 0x06, 0x3E, 0x66, 0x3E, 0x00], // 0x91
    [0x00, 0x00, 0x3F, 0x0D, 0x3F, 0x6C, 0x3F, 0x00], // 0x92
    [0x00, 0x00, 0x3C, 0x66, 0x60, 0x66, 0x3C, 0x60], // 0x93
    [0x0C, 0x18, 0x3C, 0x66, 0x7E, 0x60, 0x3C, 0x00], // 0x94
    [0x66, 0x00, 0x3C, 0x66, 0x66, 0x66, 0x3C, 0x00], // 0x95
    [0x66, 0x00, 0x66, 0x66, 0x66, 0x66, 0x3E, 0x00], // 0x96
    [0x30, 0x18, 0x00, 0x38, 0x18, 0x18, 0x3C, 0x00], // 0x97
    [0x3C, 0x66, 0x00, 0x38, 0x18, 0x18, 0x3C, 0x00], // 0x98
    [0x30, 0x18, 0x00, 0x3C, 0x66, 0x66, 0x3C, 0x00], // 0x99
    [0x3C, 0x66, 0x00, 0x3C, 0x66, 0x66, 0x3C, 0x00], // 0x9A
    [0x30, 0x18, 0x00, 0x66, 0x66, 0x66, 0x3E, 0x00], // 0x9B
    [0x3C, 0x66, 0x00, 0x66, 0x66, 0x66, 0x3E, 0x00], // 0x9C
    [0x66, 0x00, 0x66, 0x66, 0x66, 0x3E, 0x06, 0x3C], // 0x9D
    [0x00, 0x66, 0x3C, 0x66, 0x66, 0x3C, 0x66, 0x00], // 0x9E
    [0x3C, 0x60, 0x3C, 0x66, 0x3C, 0x06, 0x3C, 0x00], // 0x9F
    [0x3C, 0x66, 0x3C, 0x00, 0x00, 0x00, 0x00, 0x00], // 0xA0
    [0x00, 0x00, 0x00, 0x18, 0x18, 0x18, 0x18, 0x18], // 0xA1
    [0x00, 0x00, 0x00, 0x1F, 0x00, 0x00, 0x00, 0x00], // 0xA2
    [0x00, 0x00, 0x00, 0x1F, 0x18, 0x18, 0x18, 0x18], // 0xA3
    [0x00, 0x00, 0x00, 0xF8, 0x00, 0x00, 0x00, 0x00], // 0xA4
    [0x00, 0x00, 0x00, 0xF8, 0x18, 0x18, 0x18, 0x18], // 0xA5
    [0x00, 0x00, 0x00, 0xFF, 0x00, 0x00, 0x00, 0x00], // 0xA6
    [0x00, 0x00, 0x00, 0xFF, 0x18, 0x18, 0x18, 0x18], // 0xA7
    [0x18, 0x18, 0x18, 0x18, 0x00, 0x00, 0x00, 0x00], // 0xA8
    [0x18, 0x18, 0x18, 0x18, 0x18, 0x18, 0x18, 0x18], // 0xA9
    [0x18, 0x18, 0x18, 0x1F, 0x00, 0x00, 0x00, 0x00], // 0xAA
    [0x18, 0x18, 0x18, 0x1F, 0x18, 0x18, 0x18, 0x18], // 0xAB
    [0x18, 0x18, 0x18, 0xF8, 0x00, 0x00, 0x00, 0x00], // 0xAC
    [0x18, 0x18, 0x18, 0xF8, 0x18, 0x18, 0x18, 0x18], // 0xAD
    [0x18, 0x18, 0x18, 0xFF, 0x00, 0x00, 0x00, 0x00], // 0xAE
    [0x18, 0x18, 0x18, 0xFF, 0x18, 0x18, 0x18, 0x18], // 0xAF
    [0x00, 0x00, 0x00, 0x07, 0x0C, 0x18, 0x18, 0x18], // 0xB0
    [0x00, 0x00, 0x00, 0xE0, 0x30, 0x18, 0x18, 0x18], // 0xB1
    [0x18, 0x18, 0x0C, 0x07, 0x00, 0x00, 0x00, 0x00], // 0xB2
    [0x18, 0x18, 0x30, 0xE0, 0x00, 0x00, 0x00, 0x00], // 0xB3
    [0x18, 0x00, 0x18, 0x18, 0x30, 0x66, 0x3C, 0x00], // 0xB4
    [0x18, 0x00, 0x18, 0x18, 0x18, 0x18, 0x18, 0x00], // 0xB5
    [0x36, 0x6C, 0x00, 0x66, 0x76, 0x6E, 0x66, 0x00], // 0xB6
    [0x36, 0x6C, 0x00, 0x7C, 0x66, 0x66, 0x66, 0x00], // 0xB7
    [0x18, 0x7E, 0x18, 0x18, 0x18, 0x18, 0x18, 0x00], // 0xB8
    [0x18, 0x7E, 0x18, 0x18, 0x18, 0x7E, 0x18, 0x00], // 0xB9
    [0x18, 0x18, 0x18, 0x00, 0x00, 0x00, 0x00, 0x00], // 0xBA
    [0x30, 0x18, 0x0C, 0x00, 0x00, 0x00, 0x00, 0x00], // 0xBB
    [0x3F, 0x7B, 0x7B, 0x3B, 0x1B, 0x1B, 0x1F, 0x00], // 0xBC
    [0x00, 0x00, 0x00, 0x18, 0x18, 0x00, 0x00, 0x00], // 0xBD
    [0x03, 0x03, 0x06, 0x06, 0x76, 0x1C, 0x0C, 0x00], // 0xBE
    [0xAA, 0x55, 0xAA, 0x55, 0xAA, 0x55, 0xAA, 0x55], // 0xBF
    [0x3E, 0x63, 0x67, 0x6B, 0x73, 0x63, 0x3E, 0x00], // 0xC0
    [0x1C, 0x36, 0x63, 0x63, 0x7F, 0x63, 0x63, 0x00], // 0xC1
    [0x7E, 0x33, 0x33, 0x3E, 0x33, 0x33, 0x7E, 0x00], // 0xC2
    [0x7F, 0x63, 0x60, 0x60, 0x60, 0x60, 0x60, 0x00], // 0xC3
    [0x1C, 0x1C, 0x36, 0x36, 0x63, 0x63, 0x7F, 0x00], // 0xC4
    [0x7F, 0x33, 0x30, 0x3E, 0x30, 0x33, 0x7F, 0x00], // 0xC5
    [0x7E, 0x66, 0x0C, 0x18, 0x30, 0x66, 0x7E, 0x00], // 0xC6
    [0x77, 0x33, 0x33, 0x3F, 0x33, 0x33, 0x77, 0x00], // 0xC7
    [0x3E, 0x63, 0x63, 0x7F, 0x63, 0x63, 0x3E, 0x00], // 0xC8
    [0x3C, 0x18, 0x18, 0x18, 0x18, 0x18, 0x3C, 0x00], // 0xC9
    [0x63, 0x66, 0x6C, 0x78, 0x6C, 0x66, 0x63, 0x00], // 0xCA
    [0x1C, 0x1C, 0x36, 0x36, 0x63, 0x63, 0x63, 0x00], // 0xCB
    [0x63, 0x77, 0x7F, 0x6B, 0x63, 0x63, 0x63, 0x00], // 0xCC
    [0x63, 0x73, 0x7B, 0x6F, 0x67, 0x63, 0x63, 0x00], // 0xCD
    [0x7E, 0x00, 0x00, 0x3C, 0x00, 0x00, 0x7E, 0x00], // 0xCE
    [0x3E, 0x63, 0x63, 0x63, 0x63, 0x63, 0x3E, 0x00], // 0xCF
    [0x7F, 0x36, 0x36, 0x36, 0x36, 0x36, 0x36, 0x00], // 0xD0
    [0x7E, 0x33, 0x33, 0x3E, 0x30, 0x30, 0x78, 0x00], // 0xD1
    [0x7F, 0x63, 0x30, 0x18, 0x30, 0x63, 0x7F, 0x00], // 0xD2
    [0x7E, 0x5A, 0x18, 0x18, 0x18, 0x18, 0x18, 0x00], // 0xD3
    [0x66, 0x66, 0x66, 0x3C, 0x18, 0x18, 0x3C, 0x00], // 0xD4
    [0x3E, 0x08, 0x3E, 0x6B, 0x3E, 0x08, 0x3E, 0x00], // 0xD5
    [0x63, 0x63, 0x36, 0x1C, 0x36, 0x63, 0x63, 0x00], // 0xD6
    [0x3E, 0x08, 0x6B, 0x6B, 0x3E, 0x08, 0x3E, 0x00], // 0xD7
    [0x3E, 0x63, 0x63, 0x63, 0x36, 0x36, 0x63, 0x00], // 0xD8
    [0x7F, 0x63, 0x63, 0x36, 0x36, 0x1C, 0x1C, 0x00], // 0xD9
    [0x18, 0x18, 0x7E, 0x18, 0x18, 0x00, 0x7E, 0x00], // 0xDA
    [0x00, 0x7E, 0x00, 0x18, 0x18, 0x7E, 0x18, 0x18], // 0xDB
    [0x18, 0x18, 0x18, 0x18, 0x18, 0x18, 0x18, 0x00], // 0xDC
    [0x36, 0x36, 0x36, 0x36, 0x36, 0x36, 0x36, 0x00], // 0xDD
    [0x00, 0x66, 0x66, 0x66, 0x66, 0x66, 0x3C, 0x00], // 0xDE
    [0x00, 0x3C, 0x66, 0x66, 0x66, 0x66, 0x66, 0x00], // 0xDF
    [0x00, 0x03, 0x3E, 0x67, 0x6B, 0x73, 0x3E, 0x60], // 0xE0
    [0x00, 0x00, 0x3B, 0x6E, 0x66, 0x6E, 0x3B, 0x00], // 0xE1
    [0x1E, 0x33, 0x33, 0x3E, 0x33, 0x33, 0x3E, 0x60], // 0xE2
    [0x00, 0x00, 0x66, 0x36, 0x1C, 0x18, 0x30, 0x30], // 0xE3
    [0x3C, 0x60, 0x30, 0x3C, 0x66, 0x66, 0x3C, 0x00], // 0xE4
    [0x00, 0x00, 0x1E, 0x30, 0x1C, 0x30, 0x1E, 0x00], // 0xE5
    [0x3E, 0x0C, 0x18, 0x30, 0x60, 0x60, 0x3E, 0x06], // 0xE6
    [0x00, 0x00, 0x7C, 0x66, 0x66, 0x66, 0x06, 0x06], // 0xE7
    [0x3C, 0x66, 0x66, 0x7E, 0x66, 0x66, 0x3C, 0x00], // 0xE8
    [0x00, 0x00, 0x18, 0x18, 0x18, 0x18, 0x0C, 0x00], // 0xE9
    [0x00, 0x00, 0x66, 0x6C, 0x78, 0x6C, 0x66, 0x00], // 0xEA
    [0x60, 0x30, 0x18, 0x1C, 0x36, 0x63, 0x63, 0x00], // 0xEB
    [0x00, 0x00, 0x33, 0x33, 0x33, 0x33, 0x3E, 0x60], // 0xEC
    [0x00, 0x00, 0x63, 0x33, 0x1B, 0x1E, 0x1C, 0x00], // 0xED
    [0x3C, 0x60, 0x60, 0x3C, 0x60, 0x60, 0x3E, 0x06], // 0xEE
    [0x00, 0x00, 0x3E, 0x63, 0x63, 0x63, 0x3E, 0x00], // 0xEF
    [0x00, 0x00, 0x7F, 0x36, 0x36, 0x36, 0x36, 0x00], // 0xF0
    [0x00, 0x00, 0x3C, 0x66, 0x66, 0x7C, 0x60, 0x60], // 0xF1
    [0x00, 0x00, 0x3F, 0x66, 0x66, 0x66, 0x3C, 0x00], // 0xF2
    [0x00, 0x00, 0x7E, 0x18, 0x18, 0x18, 0x0C, 0x00], // 0xF3
    [0x00, 0x00, 0x73, 0x33, 0x33, 0x33, 0x1E, 0x00], // 0xF4
    [0x00, 0x00, 0x3E, 0x6B, 0x6B, 0x3E, 0x18, 0x18], // 0xF5
    [0x00, 0x00, 0x66, 0x36, 0x1C, 0x1C, 0x36, 0x33], // 0xF6
    [0x00, 0x00, 0x63, 0x6B, 0x6B, 0x3E, 0x18, 0x18], // 0xF7
    [0x00, 0x00, 0x36, 0x63, 0x6B, 0x7F, 0x36, 0x00], // 0xF8
    [0x38, 0x0C, 0x06, 0x3E, 0x66, 0x66, 0x3C, 0x00], // 0xF9
    [0x00, 0x31, 0x6B, 0x46, 0x00, 0x7F, 0x00, 0x00], // 0xFA
    [0x00, 0x7E, 0x00, 0x7E, 0x00, 0x7E, 0x00, 0x00], // 0xFB
    [0x07, 0x1C, 0x70, 0x1C, 0x07, 0x00, 0x7F, 0x00], // 0xFC
    [0x06, 0x0C, 0x7E, 0x18, 0x7E, 0x30, 0x60, 0x00], // 0xFD
    [0x70, 0x1C, 0x07, 0x1C, 0x70, 0x00, 0x7F, 0x00], // 0xFE
    [0xFF, 0xFF, 0xFF, 0xFF, 0xFF, 0xFF, 0xFF, 0xFF], // 0xFF
];

pub const BBC_MASTER_INTERNATIONAL: Font = [
    [0x00, 0x00, 0x3C, 0x06, 0x3E, 0x66, 0x3E, 0x00], // 0x00
    [0x3C, 0x66, 0x66, 0x7E, 0x66, 0x66, 0x66, 0x00], // 0x01
    [0x0C, 0x18, 0x3C, 0x06, 0x3E, 0x66, 0x3E, 0x00], // 0x02
    [0x0C, 0x18, 0x00, 0x3C, 0x66, 0x7E, 0x66, 0x00], // 0x03
    [0x30, 0x18, 0x3C, 0x06, 0x3E, 0x66, 0x3E, 0x00], // 0x04
    [0x30, 0x18, 0x00, 0x3C, 0x66, 0x7E, 0x66, 0x00], // 0x05
    [0x18, 0x66, 0x3C, 0x06, 0x3E, 0x66, 0x3E, 0x00], // 0x06
    [0x18, 0x66, 0x00, 0x3C, 0x66, 0x7E, 0x66, 0x00], // 0x07
    [0x66, 0x00, 0x3C, 0x06, 0x3E, 0x66, 0x3E, 0x00], // 0x08
    [0x66, 0x66, 0x00, 0x3C, 0x66, 0x7E, 0x66, 0x00], // 0x09
    [0x36, 0x6C, 0x3C, 0x06, 0x3E, 0x66, 0x3E, 0x00], // 0x0A
    [0x36, 0x6C, 0x00, 0x3C, 0x66, 0x7E, 0x66, 0x00], // 0x0B
    [0x26, 0x1C, 0x3C, 0x06, 0x3E, 0x66, 0x3E, 0x00], // 0x0C
    [0x46, 0x3C, 0x00, 0x3C, 0x66, 0x7E, 0x66, 0x00], // 0x0D
    [0x3C, 0x66, 0x3C, 0x06, 0x3E, 0x66, 0x3E, 0x00], // 0x0E
    [0x3C, 0x66, 0x3C, 0x3C, 0x66, 0x7E, 0x66, 0x00], // 0x0F
    [0x7E, 0x00, 0x3C, 0x06, 0x3E, 0x66, 0x3E, 0x00], // 0x10
    [0x7E, 0x00, 0x3C, 0x66, 0x7E, 0x66, 0x66, 0x00], // 0x11
    [0x00, 0x3C, 0x06, 0x3E, 0x66, 0x3E, 0x04, 0x03], // 0x12
    [0x00, 0x3C, 0x66, 0x7E, 0x66, 0x66, 0x04, 0x03], // 0x13
    [0x00, 0x00, 0x3F, 0x0D, 0x3F, 0x6C, 0x3F, 0x00], // 0x14
    [0x3F, 0x66, 0x66, 0x7F, 0x66, 0x66, 0x67, 0x00], // 0x15
    [0x60, 0x60, 0x7C, 0x66, 0x66, 0x66, 0x7C, 0x00], // 0x16
    [0x7C, 0x66, 0x66, 0x7C, 0x66, 0x66, 0x7C, 0x00], // 0x17
    [0x00, 0x00, 0x3C, 0x66, 0x60, 0x66, 0x3C, 0x00], // 0x18
    [0x3C, 0x66, 0x60, 0x60, 0x60, 0x66, 0x3C, 0x00], // 0x19
    [0x0C, 0x18, 0x3C, 0x66, 0x60, 0x66, 0x3C, 0x00], // 0x1A
    [0x0C, 0x18, 0x3E, 0x60, 0x60, 0x60, 0x3E, 0x00], // 0x1B
    [0x18, 0x66, 0x3C, 0x66, 0x60, 0x66, 0x3C, 0x00], // 0x1C
    [0x18, 0x66, 0x3E, 0x60, 0x60, 0x60, 0x3E, 0x00], // 0x1D
    [0x66, 0x18, 0x3C, 0x66, 0x60, 0x66, 0x3C, 0x00], // 0x1E
    [0x66, 0x18, 0x3E, 0x60, 0x60, 0x60, 0x3E, 0x00], // 0x1F
    [0x18, 0x00, 0x3C, 0x66, 0x60, 0x66, 0x3C, 0x00], // 0x20
    [0x18, 0x00, 0x3E, 0x60, 0x60, 0x60, 0x3E, 0x00], // 0x21
    [0x00, 0x00, 0x3C, 0x66, 0x60, 0x66, 0x3C, 0x60], // 0x22
    [0x3C, 0x66, 0x60, 0x60, 0x66, 0x3C, 0x30, 0x60], // 0x23
    [0x06, 0x06, 0x3E, 0x66, 0x66, 0x66, 0x3E, 0x00], // 0x24
    [0x78, 0x6C, 0x66, 0x66, 0x66, 0x6C, 0x78, 0x00], // 0x25
    [0x03, 0x06, 0x3E, 0x66, 0x66, 0x66, 0x3E, 0x00], // 0x26
    [0x66, 0x18, 0x7C, 0x66, 0x66, 0x66, 0x7C, 0x00], // 0x27
    [0x06, 0x0F, 0x06, 0x3E, 0x66, 0x66, 0x3E, 0x00], // 0x28
    [0x78, 0x6C, 0x66, 0xF6, 0x66, 0x6C, 0x78, 0x00], // 0x29
    [0x18, 0x3E, 0x0C, 0x06, 0x3E, 0x66, 0x3E, 0x00], // 0x2A
    [0x00, 0x00, 0x3C, 0x66, 0x7E, 0x60, 0x3C, 0x00], // 0x2B
    [0x7E, 0x60, 0x60, 0x7C, 0x60, 0x60, 0x7E, 0x00], // 0x2C
    [0x0C, 0x18, 0x3C, 0x66, 0x7E, 0x60, 0x3C, 0x00], // 0x2D
    [0x0C, 0x18, 0x7E, 0x60, 0x7C, 0x60, 0x7E, 0x00], // 0x2E
    [0x30, 0x18, 0x3C, 0x66, 0x7E, 0x60, 0x3C, 0x00], // 0x2F
    [0x30, 0x18, 0x7E, 0x60, 0x7C, 0x60, 0x7E, 0x00], // 0x30
    [0x3C, 0x66, 0x3C, 0x66, 0x7E, 0x60, 0x3C, 0x00], // 0x31
    [0x3C, 0x66, 0x7E, 0x60, 0x7C, 0x60, 0x7E, 0x00], // 0x32
    [0x66, 0x00, 0x3C, 0x66, 0x7E, 0x60, 0x3C, 0x00], // 0x33
    [0x66, 0x00, 0x7E, 0x60, 0x7C, 0x60, 0x7E, 0x00], // 0x34
    [0x66, 0x18, 0x3C, 0x66, 0x7E, 0x60, 0x3C, 0x00], // 0x35
    [0x66, 0x18, 0x7E, 0x60, 0x7C, 0x60, 0x7E, 0x00], // 0x36
    [0x18, 0x00, 0x3C, 0x66, 0x7E, 0x60, 0x3C, 0x00], // 0x37
    [0x18, 0x00, 0x7E, 0x60, 0x7C, 0x60, 0x7E, 0x00], // 0x38
    [0x7E, 0x00, 0x3C, 0x66, 0x7E, 0x60, 0x3C, 0x00], // 0x39
    [0x7E, 0x00, 0x7E, 0x60, 0x7C, 0x60, 0x7E, 0x00], // 0x3A
    [0x00, 0x3C, 0x66, 0x7E, 0x60, 0x3C, 0x18, 0x0C], // 0x3B
    [0x00, 0x7E, 0x60, 0x7C, 0x60, 0x7E, 0x18, 0x0C], // 0x3C
    [0x1C, 0x30, 0x30, 0x7C, 0x30, 0x30, 0x30, 0x00], // 0x3D
    [0x7E, 0x60, 0x60, 0x7C, 0x60, 0x60, 0x60, 0x00], // 0x3E
    [0x00, 0x00, 0x3E, 0x66, 0x66, 0x3E, 0x06, 0x3C], // 0x3F
    [0x3C, 0x66, 0x60, 0x6E, 0x66, 0x66, 0x3C, 0x00], // 0x40
    [0x0C, 0x18, 0x3E, 0x66, 0x66, 0x3E, 0x06, 0x3C], // 0x41
    [0x18, 0x66, 0x3E, 0x66, 0x66, 0x3E, 0x06, 0x3C], // 0x42
    [0x18, 0x66, 0x3C, 0x60, 0x6E, 0x66, 0x3C, 0x00], // 0x43
    [0x66, 0x18, 0x3E, 0x66, 0x66, 0x3E, 0x06, 0x3C], // 0x44
    [0x66, 0x18, 0x3C, 0x60, 0x6E, 0x66, 0x3C, 0x00], // 0x45
    [0x18, 0x00, 0x3E, 0x66, 0x66, 0x3E, 0x06, 0x3C], // 0x46
    [0x18, 0x00, 0x3C, 0x60, 0x6E, 0x66, 0x3C, 0x00], // 0x47
    [0x3C, 0x66, 0x60, 0x6E, 0x66, 0x66, 0x3C, 0x60], // 0x48
    [0x60, 0x60, 0x7C, 0x66, 0x66, 0x66, 0x66, 0x00], // 0x49
    [0x66, 0x66, 0x66, 0x7E, 0x66, 0x66, 0x66, 0x00], // 0x4A
    [0x18, 0x66, 0x60, 0x60, 0x7C, 0x66, 0x66, 0x00], // 0x4B
    [0x18, 0x66, 0x00, 0x66, 0x7E, 0x66, 0x66, 0x00], // 0x4C
    [0x60, 0xF0, 0x60, 0x7C, 0x66, 0x66, 0x66, 0x00], // 0x4D
    [0x66, 0xFF, 0x66, 0x7E, 0x66, 0x66, 0x66, 0x00], // 0x4E
    [0x18, 0x00, 0x38, 0x18, 0x18, 0x18, 0x3C, 0x00], // 0x4F
    [0x7E, 0x18, 0x18, 0x18, 0x18, 0x18, 0x7E, 0x00], // 0x50
    [0x0C, 0x18, 0x00, 0x38, 0x18, 0x18, 0x3C, 0x00], // 0x51
    [0x0C, 0x18, 0x00, 0x7E, 0x18, 0x18, 0x7E, 0x00], // 0x52
    [0x30, 0x18, 0x00, 0x38, 0x18, 0x18, 0x3C, 0x00], // 0x53
    [0x30, 0x18, 0x00, 0x7E, 0x18, 0x18, 0x7E, 0x00], // 0x54
    [0x3C, 0x66, 0x00, 0x38, 0x18, 0x18, 0x3C, 0x00], // 0x55
    [0x3C, 0x66, 0x00, 0x7E, 0x18, 0x18, 0x7E, 0x00], // 0x56
    [0x66, 0x00, 0x00, 0x38, 0x18, 0x18, 0x3C, 0x00], // 0x57
    [0x66, 0x66, 0x00, 0x7E, 0x18, 0x18, 0x7E, 0x00], // 0x58
    [0x36, 0x6C, 0x00, 0x38, 0x18, 0x18, 0x3C, 0x00], // 0x59
    [0x36, 0x6C, 0x00, 0x7E, 0x18, 0x18, 0x7E, 0x00], // 0x5A
    [0x18, 0x00, 0x7E, 0x18, 0x18, 0x18, 0x7E, 0x00], // 0x5B
    [0x7E, 0x00, 0x38, 0x18, 0x18, 0x18, 0x3C, 0x00], // 0x5C
    [0x7E, 0x00, 0x7E, 0x18, 0x18, 0x18, 0x7E, 0x00], // 0x5D
    [0x18, 0x00, 0x38, 0x18, 0x18, 0x3C, 0x18, 0x0C], // 0x5E
    [0x7E, 0x18, 0x18, 0x18, 0x18, 0x7E, 0x18, 0x0C], // 0x5F
    [0x18, 0x00, 0x38, 0x18, 0x18, 0x18, 0x18, 0x70], // 0x60
    [0x3E, 0x0C, 0x0C, 0x0C, 0x0C, 0x6C, 0x38, 0x00], // 0x61
    [0x18, 0x66, 0x00, 0x38, 0x18, 0x18, 0x18, 0x70], // 0x62
    [0x18, 0x66, 0x00, 0x3E, 0x0C, 0x6C, 0x38, 0x00], // 0x63
    [0x60, 0x60, 0x66, 0x6C, 0x78, 0x6C, 0x66, 0x00], // 0x64
    [0x66, 0x6C, 0x78, 0x70, 0x78, 0x6C, 0x66, 0x00], // 0x65
    [0x60, 0x66, 0x6C, 0x78, 0x6C, 0x66, 0x0C, 0x06], // 0x66
    [0x66, 0x6C, 0x78, 0x78, 0x6C, 0x66, 0x0C, 0x06], // 0x67
    [0x00, 0x00, 0x66, 0x6C, 0x78, 0x6C, 0x66, 0x00], // 0x68
    [0x38, 0x18, 0x18, 0x18, 0x18, 0x18, 0x3C, 0x00], // 0x69
    [0x60, 0x60, 0x60, 0x60, 0x60, 0x60, 0x7E, 0x00], // 0x6A
    [0x0C, 0x18, 0x38, 0x18, 0x18, 0x18, 0x3C, 0x00], // 0x6B
    [0x0C, 0x18, 0x60, 0x60, 0x60, 0x60, 0x7E, 0x00], // 0x6C
    [0x66, 0x18, 0x38, 0x18, 0x18, 0x18, 0x3C, 0x00], // 0x6D
    [0x66, 0x18, 0x60, 0x60, 0x60, 0x60, 0x7E, 0x00], // 0x6E
    [0x38, 0x18, 0x18, 0x18, 0x18, 0x18, 0x3C, 0x06], // 0x6F
    [0x60, 0x60, 0x60, 0x60, 0x60, 0x7E, 0x18, 0x0C], // 0x70
    [0x38, 0x18, 0x18, 0x1E, 0x78, 0x18, 0x3C, 0x00], // 0x71
    [0x60, 0x60, 0x60, 0x78, 0xE0, 0x60, 0x7E, 0x00], // 0x72
    [0x00, 0x00, 0x36, 0x7F, 0x6B, 0x6B, 0x63, 0x00], // 0x73
    [0x63, 0x77, 0x7F, 0x6B, 0x6B, 0x63, 0x63, 0x00], // 0x74
    [0x00, 0x00, 0x7C, 0x66, 0x66, 0x66, 0x66, 0x00], // 0x75
    [0x66, 0x66, 0x76, 0x7E, 0x6E, 0x66, 0x66, 0x00], // 0x76
    [0x0C, 0x18, 0x7C, 0x66, 0x66, 0x66, 0x66, 0x00], // 0x77
    [0x0C, 0x18, 0x00, 0x66, 0x76, 0x6E, 0x66, 0x00], // 0x78
    [0x36, 0x6C, 0x00, 0x7C, 0x66, 0x66, 0x66, 0x00], // 0x79
    [0x36, 0x6C, 0x00, 0x66, 0x76, 0x6E, 0x66, 0x00], // 0x7A
    [0x66, 0x18, 0x00, 0x7C, 0x66, 0x66, 0x66, 0x00], // 0x7B
    [0x00, 0x00, 0x7C, 0x66, 0x66, 0x66, 0x0C, 0x06], // 0x7C
    [0x66, 0x76, 0x7E, 0x6E, 0x66, 0x66, 0x0C, 0x06], // 0x7D
    [0x60, 0x3C, 0x66, 0x03, 0x03, 0x33, 0x1E, 0x00], // 0x7E
    [0xC0, 0x7C, 0xC6, 0xC3, 0xC3, 0xDB, 0xCE, 0x00], // 0x7F
    [0x00, 0x00, 0x3C, 0x66, 0x66, 0x66, 0x3C, 0x00], // 0x80
    [0x3C, 0x66, 0x66, 0x66, 0x66, 0x66, 0x3C, 0x00], // 0x81
    [0x0C, 0x18, 0x00, 0x3C, 0x66, 0x66, 0x3C, 0x00], // 0x82
    [0x0C, 0x18, 0x3C, 0x66, 0x66, 0x66, 0x3C, 0x00], // 0x83
    [0x30, 0x18, 0x00, 0x3C, 0x66, 0x66, 0x3C, 0x00], // 0x84
    [0x30, 0x18, 0x3C, 0x66, 0x66, 0x66, 0x3C, 0x00], // 0x85
    [0x3C, 0x66, 0x00, 0x3C, 0x66, 0x66, 0x3C, 0x00], // 0x86
    [0x3C, 0x66, 0x3C, 0x66, 0x66, 0x66, 0x3C, 0x00], // 0x87
    [0x66, 0x00, 0x00, 0x3C, 0x66, 0x66, 0x3C, 0x00], // 0x88
    [0x66, 0x00, 0x3C, 0x66, 0x66, 0x66, 0x3C, 0x00], // 0x89
    [0x36, 0x6C, 0x00, 0x3C, 0x66, 0x66, 0x3C, 0x00], // 0x8A
    [0x36, 0x6C, 0x3C, 0x66, 0x66, 0x66, 0x3C, 0x00], // 0x8B
    [0x33, 0x66, 0x00, 0x3C, 0x66, 0x66, 0x3C, 0x00], // 0x8C
    [0x33, 0x66, 0x3C, 0x66, 0x66, 0x66, 0x3C, 0x00], // 0x8D
    [0x7E, 0x00, 0x00, 0x3C, 0x66, 0x66, 0x3C, 0x00], // 0x8E
    [0x7E, 0x00, 0x3C, 0x66, 0x66, 0x66, 0x3C, 0x00], // 0x8F
    [0x00, 0x02, 0x3C, 0x6E, 0x76, 0x66, 0xBC, 0x00], // 0x90
    [0x3D, 0x66, 0x6E, 0x7E, 0x76, 0x66, 0xBC, 0x00], // 0x91
    [0x00, 0x00, 0x7C, 0x66, 0x66, 0x7C, 0x60, 0x60], // 0x92
    [0x7C, 0x66, 0x66, 0x7C, 0x60, 0x60, 0x60, 0x00], // 0x93
    [0x00, 0x00, 0x3E, 0x66, 0x66, 0x3E, 0x06, 0x07], // 0x94
    [0x3C, 0x66, 0x66, 0x66, 0x6A, 0x6C, 0x36, 0x00], // 0x95
    [0x00, 0x00, 0x6C, 0x76, 0x60, 0x60, 0x60, 0x00], // 0x96
    [0x7C, 0x66, 0x66, 0x7C, 0x6C, 0x66, 0x66, 0x00], // 0x97
    [0x0C, 0x18, 0x6C, 0x76, 0x60, 0x60, 0x60, 0x00], // 0x98
    [0x0C, 0x18, 0x7C, 0x66, 0x7C, 0x6C, 0x66, 0x00], // 0x99
    [0x66, 0x18, 0x6C, 0x76, 0x60, 0x60, 0x60, 0x00], // 0x9A
    [0x66, 0x18, 0x7C, 0x66, 0x7C, 0x6C, 0x66, 0x00], // 0x9B
    [0x00, 0x00, 0x6C, 0x76, 0x60, 0x60, 0x78, 0x0C], // 0x9C
    [0x7C, 0x66, 0x66, 0x7C, 0x6C, 0x66, 0x66, 0x30], // 0x9D
    [0x00, 0x00, 0x3E, 0x60, 0x3C, 0x06, 0x7C, 0x00], // 0x9E
    [0x3C, 0x66, 0x60, 0x3C, 0x06, 0x66, 0x3C, 0x00], // 0x9F
    [0x0C, 0x18, 0x3C, 0x60, 0x3C, 0x06, 0x3C, 0x00], // 0xA0
    [0x0C, 0x18, 0x3E, 0x60, 0x3C, 0x06, 0x7C, 0x00], // 0xA1
    [0x18, 0x66, 0x3C, 0x60, 0x3C, 0x06, 0x3C, 0x00], // 0xA2
    [0x18, 0x66, 0x3E, 0x60, 0x3C, 0x06, 0x7C, 0x00], // 0xA3
    [0x66, 0x18, 0x3C, 0x60, 0x3C, 0x06, 0x3C, 0x00], // 0xA4
    [0x66, 0x18, 0x3E, 0x60, 0x3C, 0x06, 0x7C, 0x00], // 0xA5
    [0x00, 0x3C, 0x60, 0x3C, 0x06, 0x3C, 0x06, 0x0C], // 0xA6
    [0x00, 0x3E, 0x60, 0x3C, 0x06, 0x7C, 0x06, 0x0C], // 0xA7
    [0x3C, 0x66, 0x66, 0x6C, 0x66, 0x66, 0x6C, 0xC0], // 0xA8
    [0x30, 0x30, 0x7C, 0x30, 0x30, 0x30, 0x1C, 0x00], // 0xA9
    [0x7E, 0x18, 0x18, 0x18, 0x18, 0x18, 0x18, 0x00], // 0xAA
    [0x66, 0x18, 0x30, 0x7C, 0x30, 0x30, 0x1C, 0x00], // 0xAB
    [0x66, 0x18, 0x7E, 0x18, 0x18, 0x18, 0x18, 0x00], // 0xAC
    [0x30, 0x30, 0x7C, 0x30, 0x30, 0x30, 0x1C, 0x30], // 0xAD
    [0x7E, 0x18, 0x18, 0x18, 0x18, 0x18, 0x18, 0x30], // 0xAE
    [0x30, 0x30, 0x7C, 0x30, 0xFC, 0x30, 0x1C, 0x00], // 0xAF
    [0x7E, 0x18, 0x18, 0x18, 0x7E, 0x18, 0x18, 0x00], // 0xB0
    [0x60, 0x60, 0x7C, 0x66, 0x7C, 0x60, 0x60, 0x00], // 0xB1
    [0xF0, 0x60, 0x7C, 0x66, 0x7C, 0x60, 0xF0, 0x00], // 0xB2
    [0x00, 0x00, 0x66, 0x66, 0x66, 0x66, 0x3E, 0x00], // 0xB3
    [0x66, 0x66, 0x66, 0x66, 0x66, 0x66, 0x3C, 0x00], // 0xB4
    [0x0C, 0x18, 0x00, 0x66, 0x66, 0x66, 0x3E, 0x00], // 0xB5
    [0x0C, 0x18, 0x66, 0x66, 0x66, 0x66, 0x3C, 0x00], // 0xB6
    [0x30, 0x18, 0x00, 0x66, 0x66, 0x66, 0x3E, 0x00], // 0xB7
    [0x30, 0x18, 0x66, 0x66, 0x66, 0x66, 0x3C, 0x00], // 0xB8
    [0x3C, 0x66, 0x00, 0x66, 0x66, 0x66, 0x3E, 0x00], // 0xB9
    [0x3C, 0x66, 0x00, 0x66, 0x66, 0x66, 0x3C, 0x00], // 0xBA
    [0x66, 0x00, 0x00, 0x66, 0x66, 0x66, 0x3E, 0x00], // 0xBB
    [0x66, 0x00, 0x66, 0x66, 0x66, 0x66, 0x3C, 0x00], // 0xBC
    [0x36, 0x6C, 0x00, 0x66, 0x66, 0x66, 0x3E, 0x00], // 0xBD
    [0x36, 0x6C, 0x00, 0x66, 0x66, 0x66, 0x3C, 0x00], // 0xBE
    [0x66, 0x3C, 0x00, 0x66, 0x66, 0x66, 0x3E, 0x00], // 0xBF
    [0x66, 0x3C, 0x00, 0x66, 0x66, 0x66, 0x3C, 0x00], // 0xC0
    [0x33, 0x66, 0x00, 0x66, 0x66, 0x66, 0x3E, 0x00], // 0xC1
    [0x33, 0x66, 0x00, 0x66, 0x66, 0x66, 0x3C, 0x00], // 0xC2
    [0x3C, 0x66, 0x3C, 0x66, 0x66, 0x66, 0x3E, 0x00], // 0xC3
    [0x3C, 0x66, 0x3C, 0x66, 0x66, 0x66, 0x3C, 0x00], // 0xC4
    [0x7E, 0x00, 0x00, 0x66, 0x66, 0x66, 0x3E, 0x00], // 0xC5
    [0x7E, 0x00, 0x66, 0x66, 0x66, 0x66, 0x3C, 0x00], // 0xC6
    [0x00, 0x00, 0x00, 0x66, 0x66, 0x66, 0x3E, 0x03], // 0xC7
    [0x00, 0x00, 0x66, 0x66, 0x66, 0x66, 0x3C, 0x06], // 0xC8
    [0x00, 0x00, 0x66, 0x66, 0x66, 0x3C, 0x18, 0x00], // 0xC9
    [0x66, 0x66, 0x66, 0x66, 0x66, 0x3C, 0x18, 0x00], // 0xCA
    [0x00, 0x00, 0x63, 0x6B, 0x6B, 0x7F, 0x36, 0x00], // 0xCB
    [0x63, 0x63, 0x6B, 0x6B, 0x7F, 0x77, 0x63, 0x00], // 0xCC
    [0x00, 0x00, 0x66, 0x3C, 0x18, 0x3C, 0x66, 0x00], // 0xCD
    [0x66, 0x66, 0x3C, 0x18, 0x3C, 0x66, 0x66, 0x00], // 0xCE
    [0x00, 0x00, 0x66, 0x66, 0x66, 0x3E, 0x06, 0x3C], // 0xCF
    [0x66, 0x66, 0x66, 0x3C, 0x18, 0x18, 0x18, 0x00], // 0xD0
    [0x0C, 0x18, 0x66, 0x66, 0x66, 0x3E, 0x06, 0x3C], // 0xD1
    [0x0C, 0x18, 0x66, 0x66, 0x3C, 0x18, 0x18, 0x00], // 0xD2
    [0x66, 0x00, 0x66, 0x66, 0x66, 0x3E, 0x06, 0x3C], // 0xD3
    [0x00, 0x00, 0x7E, 0x0C, 0x18, 0x30, 0x7E, 0x00], // 0xD4
    [0x7E, 0x06, 0x0C, 0x18, 0x30, 0x60, 0x7E, 0x00], // 0xD5
    [0x0C, 0x18, 0x7E, 0x0C, 0x18, 0x30, 0x7E, 0x00], // 0xD6
    [0x66, 0x18, 0x7E, 0x0C, 0x18, 0x30, 0x7E, 0x00], // 0xD7
    [0x66, 0x18, 0x7E, 0x0C, 0x18, 0x30, 0x7E, 0x00], // 0xD8
    [0x18, 0x00, 0x7E, 0x0C, 0x18, 0x30, 0x7E, 0x00], // 0xD9
    [0x18, 0x00, 0x7E, 0x0C, 0x18, 0x30, 0x7E, 0x00], // 0xDA
    [0x18, 0x38, 0x18, 0x18, 0x18, 0x18, 0x7E, 0x00], // 0xDB
    [0x3C, 0x66, 0x06, 0x0C, 0x18, 0x30, 0x7E, 0x00], // 0xDC
    [0x3C, 0x66, 0x06, 0x1C, 0x06, 0x66, 0x3C, 0x00], // 0xDD
    [0x0C, 0x1C, 0x3C, 0x6C, 0x7E, 0x0C, 0x0C, 0x00], // 0xDE
    [0x7E, 0x60, 0x7C, 0x06, 0x06, 0x66, 0x3C, 0x00], // 0xDF
    [0x1C, 0x30, 0x60, 0x7C, 0x66, 0x66, 0x3C, 0x00], // 0xE0
    [0x7E, 0x06, 0x0C, 0x18, 0x30, 0x30, 0x30, 0x00], // 0xE1
    [0x3C, 0x66, 0x66, 0x3C, 0x66, 0x66, 0x3C, 0x00], // 0xE2
    [0x3C, 0x66, 0x66, 0x3E, 0x06, 0x0C, 0x38, 0x00], // 0xE3
    [0x3C, 0x66, 0x6E, 0x7E, 0x76, 0x66, 0x3C, 0x00], // 0xE4
    [0x00, 0x66, 0x3C, 0x66, 0x66, 0x3C, 0x66, 0x00], // 0xE5
    [0x1C, 0x36, 0x30, 0x7C, 0x30, 0x30, 0x7E, 0x00], // 0xE6
    [0x0C, 0x3F, 0x68, 0x3E, 0x0B, 0x7E, 0x18, 0x00], // 0xE7
    [0x08, 0x3E, 0x6B, 0x68, 0x6B, 0x3E, 0x08, 0x00], // 0xE8
    [0x66, 0x3C, 0x18, 0x18, 0x7E, 0x18, 0x18, 0x00], // 0xE9
    [0x00, 0x00, 0x00, 0x00, 0x00, 0x00, 0x00, 0x00], // 0xEA
    [0x18, 0x18, 0x18, 0x18, 0x18, 0x00, 0x18, 0x00], // 0xEB
    [0x18, 0x00, 0x18, 0x18, 0x18, 0x18, 0x18, 0x00], // 0xEC
    [0x6C, 0x6C, 0x6C, 0x00, 0x00, 0x00, 0x00, 0x00], // 0xED
    [0x0C, 0x18, 0x30, 0x00, 0x00, 0x00, 0x00, 0x00], // 0xEE
    [0x0C, 0x18, 0x30, 0x30, 0x30, 0x18, 0x0C, 0x00], // 0xEF
    [0x30, 0x18, 0x0C, 0x0C, 0x0C, 0x18, 0x30, 0x00], // 0xF0
    [0x00, 0x00, 0x00, 0x00, 0x00, 0x18, 0x18, 0x30], // 0xF1
    [0x00, 0x00, 0x00, 0x00, 0x00, 0x00, 0x00, 0xFF], // 0xF2
    [0x00, 0x00, 0x00, 0x7E, 0x00, 0x00, 0x00, 0x00], // 0xF3
    [0x00, 0x00, 0x00, 0x00, 0x00, 0x18, 0x18, 0x00], // 0xF4
    [0x00, 0x06, 0x0C, 0x18, 0x30, 0x60, 0x00, 0x00], // 0xF5
    [0x00, 0x00, 0x18, 0x18, 0x00, 0x18, 0x18, 0x00], // 0xF6
    [0x00, 0x00, 0x18, 0x18, 0x00, 0x18, 0x18, 0x30], // 0xF7
    [0x3C, 0x66, 0x0C, 0x18, 0x18, 0x00, 0x18, 0x00], // 0xF8
    [0x18, 0x00, 0x18, 0x18, 0x30, 0x66, 0x3C, 0x00], // 0xF9
    [0x00, 0x33, 0x66, 0xCC, 0xCC, 0x66, 0x33, 0x00], // 0xFA
    [0x00, 0xCC, 0x66, 0x33, 0x33, 0x66, 0xCC, 0x00], // 0xFB
    [0x00, 0x18, 0x18, 0x7E, 0x18, 0x18, 0x00, 0x00], // 0xFC
    [0x18, 0x18, 0x7E, 0x18, 0x18, 0x00, 0x7E, 0x00], // 0xFD
    [0x0C, 0x18, 0x30, 0x60, 0x30, 0x18, 0x0C, 0x00], // 0xFE
    [0x00, 0x00, 0x7E, 0x00, 0x7E, 0x00, 0x00, 0x00], // 0xFF
];

pub const BBC_MICRO: Font = [
    [0x00, 0x00, 0x00, 0x00, 0x00, 0x00, 0x00, 0x00], // 0x00
    [0x00, 0x00, 0x00, 0x00, 0x00, 0x00, 0x00, 0x00], // 0x01
    [0x00, 0x00, 0x00, 0x00, 0x00, 0x00, 0x00, 0x00], // 0x02
    [0x00, 0x00, 0x00, 0x00, 0x00, 0x00, 0x00, 0x00], // 0x03
    [0x00, 0x00, 0x00, 0x00, 0x00, 0x00, 0x00, 0x00], // 0x04
    [0x00, 0x00, 0x00, 0x00, 0x00, 0x00, 0x00, 0x00], // 0x05
    [0x00, 0x00, 0x00, 0x00, 0x00, 0x00, 0x00, 0x00], // 0x06
    [0x00, 0x00, 0x00, 0x00, 0x00, 0x00, 0x00, 0x00], // 0x07
    [0x00, 0x00, 0x00, 0x00, 0x00, 0x00, 0x00, 0x00], // 0x08
    [0x00, 0x00, 0x00, 0x00, 0x00, 0x00, 0x00, 0x00], // 0x09
    [0x00, 0x00, 0x00, 0x00, 0x00, 0x00, 0x00, 0x00], // 0x0A
    [0x00, 0x00, 0x00, 0x00, 0x00, 0x00, 0x00, 0x00], // 0x0B
    [0x00, 0x00, 0x00, 0x00, 0x00, 0x00, 0x00, 0x00], // 0x0C
    [0x00, 0x00, 0x00, 0x00, 0x00, 0x00, 0x00, 0x00], // 0x0D
    [0x00, 0x00, 0x00, 0x00, 0x00, 0x00, 0x00, 0x00], // 0x0E
    [0x00, 0x00, 0x00, 0x00, 0x00, 0x00, 0x00, 0x00], // 0x0F
    [0x00, 0x00, 0x00, 0x00, 0x00, 0x00, 0x00, 0x00], // 0x10
    [0x00, 0x00, 0x00, 0x00, 0x00, 0x00, 0x00, 0x00], // 0x11
    [0x00, 0x00, 0x00, 0x00, 0x00, 0x00, 0x00, 0x00], // 0x12
    [0x00, 0x00, 0x00, 0x00, 0x00, 0x00, 0x00, 0x00], // 0x13
    [0x00, 0x00, 0x00, 0x00, 0x00, 0x00, 0x00, 0x00], // 0x14
    [0x00, 0x00, 0x00, 0x00, 0x00, 0x00, 0x00, 0x00], // 0x15
    [0x00, 0x00, 0x00, 0x00, 0x00, 0x00, 0x00, 0x00], // 0x16
    [0x00, 0x00, 0x00, 0x00, 0x00, 0x00, 0x00, 0x00], // 0x17
    [0x00, 0x00, 0x00, 0x00, 0x00, 0x00, 0x00, 0x00], // 0x18
    [0x00, 0x00, 0x00, 0x00, 0x00, 0x00, 0x00, 0x00], // 0x19
    [0x00, 0x00, 0x00, 0x00, 0x00, 0x00, 0x00, 0x00], // 0x1A
    [0x00, 0x00, 0x00, 0x00, 0x00, 0x00, 0x00, 0x00], // 0x1B
    [0x00, 0x00, 0x00, 0x00, 0x00, 0x00, 0x00, 0x00], // 0x1C
    [0x00, 0x00, 0x00, 0x00, 0x00, 0x00, 0x00, 0x00], // 0x1D
    [0x00, 0x00, 0x00, 0x00, 0x00, 0x00, 0x00, 0x00], // 0x1E
    [0x00, 0x00, 0x00, 0x00, 0x00, 0x00, 0x00, 0x00], // 0x1F
    [0x00, 0x00, 0x00, 0x00, 0x00, 0x00, 0x00, 0x00], // 0x20
    [0x18, 0x18, 0x18, 0x18, 0x18, 0x00, 0x18, 0x00], // 0x21
    [0x6C, 0x6C, 0x6C, 0x00, 0x00, 0x00, 0x00, 0x00], // 0x22
    [0x36, 0x36, 0x7F, 0x36, 0x7F, 0x36, 0x36, 0x00], // 0x23
    [0x0C, 0x3F, 0x68, 0x3E, 0x0B, 0x7E, 0x18, 0x00], // 0x24
    [0x60, 0x66, 0x0C, 0x18, 0x30, 0x66, 0x06, 0x00], // 0x25
    [0x38, 0x6C, 0x6C, 0x38, 0x6D, 0x66, 0x3B, 0x00], // 0x26
    [0x0C, 0x18, 0x30, 0x00, 0x00, 0x00, 0x00, 0x00], // 0x27
    [0x0C, 0x18, 0x30, 0x30, 0x30, 0x18, 0x0C, 0x00], // 0x28
    [0x30, 0x18, 0x0C, 0x0C, 0x0C, 0x18, 0x30, 0x00], // 0x29
    [0x00, 0x18, 0x7E, 0x3C, 0x7E, 0x18, 0x00, 0x00], // 0x2A
    [0x00, 0x18, 0x18, 0x7E, 0x18, 0x18, 0x00, 0x00], // 0x2B
    [0x00, 0x00, 0x00, 0x00, 0x00, 0x18, 0x18, 0x30], // 0x2C
    [0x00, 0x00, 0x00, 0x7E, 0x00, 0x00, 0x00, 0x00], // 0x2D
    [0x00, 0x00, 0x00, 0x00, 0x00, 0x18, 0x18, 0x00], // 0x2E
    [0x00, 0x06, 0x0C, 0x18, 0x30, 0x60, 0x00, 0x00], // 0x2F
    [0x3C, 0x66, 0x6E, 0x7E, 0x76, 0x66, 0x3C, 0x00], // 0x30
    [0x18, 0x38, 0x18, 0x18, 0x18, 0x18, 0x7E, 0x00], // 0x31
    [0x3C, 0x66, 0x06, 0x0C, 0x18, 0x30, 0x7E, 0x00], // 0x32
    [0x3C, 0x66, 0x06, 0x1C, 0x06, 0x66, 0x3C, 0x00], // 0x33
    [0x0C, 0x1C, 0x3C, 0x6C, 0x7E, 0x0C, 0x0C, 0x00], // 0x34
    [0x7E, 0x60, 0x7C, 0x06, 0x06, 0x66, 0x3C, 0x00], // 0x35
    [0x1C, 0x30, 0x60, 0x7C, 0x66, 0x66, 0x3C, 0x00], // 0x36
    [0x7E, 0x06, 0x0C, 0x18, 0x30, 0x30, 0x30, 0x00], // 0x37
    [0x3C, 0x66, 0x66, 0x3C, 0x66, 0x66, 0x3C, 0x00], // 0x38
    [0x3C, 0x66, 0x66, 0x3E, 0x06, 0x0C, 0x38, 0x00], // 0x39
    [0x00, 0x00, 0x18, 0x18, 0x00, 0x18, 0x18, 0x00], // 0x3A
    [0x00, 0x00, 0x18, 0x18, 0x00, 0x18, 0x18, 0x30], // 0x3B
    [0x0C, 0x18, 0x30, 0x60, 0x30, 0x18, 0x0C, 0x00], // 0x3C
    [0x00, 0x00, 0x7E, 0x00, 0x7E, 0x00, 0x00, 0x00], // 0x3D
    [0x30, 0x18, 0x0C, 0x06, 0x0C, 0x18, 0x30, 0x00], // 0x3E
    [0x3C, 0x66, 0x0C, 0x18, 0x18, 0x00, 0x18, 0x00], // 0x3F
    [0x3C, 0x66, 0x6E, 0x6A, 0x6E, 0x60, 0x3C, 0x00], // 0x40
    [0x3C, 0x66, 0x66, 0x7E, 0x66, 0x66, 0x66, 0x00], // 0x41
    [0x7C, 0x66, 0x66, 0x7C, 0x66, 0x66, 0x7C, 0x00], // 0x42
    [0x3C, 0x66, 0x60, 0x60, 0x60, 0x66, 0x3C, 0x00], // 0x43
    [0x78, 0x6C, 0x66, 0x66, 0x66, 0x6C, 0x78, 0x00], // 0x44
    [0x7E, 0x60, 0x60, 0x7C, 0x60, 0x60, 0x7E, 0x00], // 0x45
    [0x7E, 0x60, 0x60, 0x7C, 0x60, 0x60, 0x60, 0x00], // 0x46
    [0x3C, 0x66, 0x60, 0x6E, 0x66, 0x66, 0x3C, 0x00], // 0x47
    [0x66, 0x66, 0x66, 0x7E, 0x66, 0x66, 0x66, 0x00], // 0x48
    [0x7E, 0x18, 0x18, 0x18, 0x18, 0x18, 0x7E, 0x00], // 0x49
    [0x3E, 0x0C, 0x0C, 0x0C, 0x0C, 0x6C, 0x38, 0x00], // 0x4A
    [0x66, 0x6C, 0x78, 0x70, 0x78, 0x6C, 0x66, 0x00], // 0x4B
    [0x60, 0x60, 0x60, 0x60, 0x60, 0x60, 0x7E, 0x00], // 0x4C
    [0x63, 0x77, 0x7F, 0x6B, 0x6B, 0x63, 0x63, 0x00], // 0x4D
    [0x66, 0x66, 0x76, 0x7E, 0x6E, 0x66, 0x66, 0x00], // 0x4E
    [0x3C, 0x66, 0x66, 0x66, 0x66, 0x66, 0x3C, 0x00], // 0x4F
    [0x7C, 0x66, 0x66, 0x7C, 0x60, 0x60, 0x60, 0x00], // 0x50
    [0x3C, 0x66, 0x66, 0x66, 0x6A, 0x6C, 0x36, 0x00], // 0x51
    [0x7C, 0x66, 0x66, 0x7C, 0x6C, 0x66, 0x66, 0x00], // 0x52
    [0x3C, 0x66, 0x60, 0x3C, 0x06, 0x66, 0x3C, 0x00], // 0x53
    [0x7E, 0x18, 0x18, 0x18, 0x18, 0x18, 0x18, 0x00], // 0x54
    [0x66, 0x66, 0x66, 0x66, 0x66, 0x66, 0x3C, 0x00], // 0x55
    [0x66, 0x66, 0x66, 0x66, 0x66, 0x3C, 0x18, 0x00], // 0x56
    [0x63, 0x63, 0x6B, 0x6B, 0x7F, 0x77, 0x63, 0x00], // 0x57
    [0x66, 0x66, 0x3C, 0x18, 0x3C, 0x66, 0x66, 0x00], // 0x58
    [0x66, 0x66, 0x66, 0x3C, 0x18, 0x18, 0x18, 0x00], // 0x59
    [0x7E, 0x06, 0x0C, 0x18, 0x30, 0x60, 0x7E, 0x00], // 0x5A
    [0x7C, 0x60, 0x60, 0x60, 0x60, 0x60, 0x7C, 0x00], // 0x5B
    [0x00, 0x60, 0x30, 0x18, 0x0C, 0x06, 0x00, 0x00], // 0x5C
    [0x3E, 0x06, 0x06, 0x06, 0x06, 0x06, 0x3E, 0x00], // 0x5D
    [0x18, 0x3C, 0x66, 0x42, 0x00, 0x00, 0x00, 0x00], // 0x5E
    [0x00, 0x00, 0x00, 0x00, 0x00, 0x00, 0x00, 0xFF], // 0x5F
    [0x1C, 0x36, 0x30, 0x7C, 0x30, 0x30, 0x7E, 0x00], // 0x60
    [0x00, 0x00, 0x3C, 0x06, 0x3E, 0x66, 0x3E, 0x00], // 0x61
    [0x60, 0x60, 0x7C, 0x66, 0x66, 0x66, 0x7C, 0x00], // 0x62
    [0x00, 0x00, 0x3C, 0x66, 0x60, 0x66, 0x3C, 0x00], // 0x63
    [0x06, 0x06, 0x3E, 0x66, 0x66, 0x66, 0x3E, 0x00], // 0x64
    [0x00, 0x00, 0x3C, 0x66, 0x7E, 0x60, 0x3C, 0x00], // 0x65
    [0x1C, 0x30, 0x30, 0x7C, 0x30, 0x30, 0x30, 0x00], // 0x66
    [0x00, 0x00, 0x3E, 0x66, 0x66, 0x3E, 0x06, 0x3C], // 0x67
    [0x60, 0x60, 0x7C, 0x66, 0x66, 0x66, 0x66, 0x00], // 0x68
    [0x18, 0x00, 0x38, 0x18, 0x18, 0x18, 0x3C, 0x00], // 0x69
    [0x18, 0x00, 0x38, 0x18, 0x18, 0x18, 0x18, 0x70], // 0x6A
    [0x60, 0x60, 0x66, 0x6C, 0x78, 0x6C, 0x66, 0x00], // 0x6B
    [0x38, 0x18, 0x18, 0x18, 0x18, 0x18, 0x3C, 0x00], // 0x6C
    [0x00, 0x00, 0x36, 0x7F, 0x6B, 0x6B, 0x63, 0x00], // 0x6D
    [0x00, 0x00, 0x7C, 0x66, 0x66, 0x66, 0x66, 0x00], // 0x6E
    [0x00, 0x00, 0x3C, 0x66, 0x66, 0x66, 0x3C, 0x00], // 0x6F
    [0x00, 0x00, 0x7C, 0x66, 0x66, 0x7C, 0x60, 0x60], // 0x70
    [0x00, 0x00, 0x3E, 0x66, 0x66, 0x3E, 0x06, 0x07], // 0x71
    [0x00, 0x00, 0x6C, 0x76, 0x60, 0x60, 0x60, 0x00], // 0x72
    [0x00, 0x00, 0x3E, 0x60, 0x3C, 0x06, 0x7C, 0x00], // 0x73
    [0x30, 0x30, 0x7C, 0x30, 0x30, 0x30, 0x1C, 0x00], // 0x74
    [0x00, 0x00, 0x66, 0x66, 0x66, 0x66, 0x3E, 0x00], // 0x75
    [0x00, 0x00, 0x66, 0x66, 0x66, 0x3C, 0x18, 0x00], // 0x76
    [0x00, 0x00, 0x63, 0x6B, 0x6B, 0x7F, 0x36, 0x00], // 0x77
    [0x00, 0x00, 0x66, 0x3C, 0x18, 0x3C, 0x66, 0x00], // 0x78
    [0x00, 0x00, 0x66, 0x66, 0x66, 0x3E, 0x06, 0x3C], // 0x79
    [0x00, 0x00, 0x7E, 0x0C, 0x18, 0x30, 0x7E, 0x00], // 0x7A
    [0x0C, 0x18, 0x18, 0x70, 0x18, 0x18, 0x0C, 0x00], // 0x7B
    [0x18, 0x18, 0x18, 0x00, 0x18, 0x18, 0x18, 0x00], // 0x7C
    [0x30, 0x18, 0x18, 0x0E, 0x18, 0x18, 0x30, 0x00], // 0x7D
    [0x31, 0x6B, 0x46, 0x00, 0x00, 0x00, 0x00, 0x00], // 0x7E
    [0xFF, 0xFF, 0xFF, 0xFF, 0xFF, 0xFF, 0xFF, 0xFF], // 0x7F
    [0x00, 0x00, 0x00, 0x00, 0x00, 0x00, 0x00, 0x00], // 0x80
    [0x00, 0x00, 0x00, 0x00, 0x00, 0x00, 0x00, 0x00], // 0x81
    [0x00, 0x00, 0x00, 0x00, 0x00, 0x00, 0x00, 0x00], // 0x82
    [0x00, 0x00, 0x00, 0x00, 0x00, 0x00, 0x00, 0x00], // 0x83
    [0x00, 0x00, 0x00, 0x00, 0x00, 0x00, 0x00, 0x00], // 0x84
    [0x00, 0x00, 0x00, 0x00, 0x00, 0x00, 0x00, 0x00], // 0x85
    [0x00, 0x00, 0x00, 0x00, 0x00, 0x00, 0x00, 0x00], // 0x86
    [0x00, 0x00, 0x00, 0x00, 0x00, 0x00, 0x00, 0x00], // 0x87
    [0x00, 0x00, 0x00, 0x00, 0x00, 0x00, 0x00, 0x00], // 0x88
    [0x00, 0x00, 0x00, 0x00, 0x00, 0x00, 0x00, 0x00], // 0x89
    [0x00, 0x00, 0x00, 0x00, 0x00, 0x00, 0x00, 0x00], // 0x8A
    [0x00, 0x00, 0x00, 0x00, 0x00, 0x00, 0x00, 0x00], // 0x8B
    [0x00, 0x00, 0x00, 0x00, 0x00, 0x00, 0x00, 0x00], // 0x8C
    [0x00, 0x00, 0x00, 0x00, 0x00, 0x00, 0x00, 0x00], // 0x8D
    [0x00, 0x00, 0x00, 0x00, 0x00, 0x00, 0x00, 0x00], // 0x8E
    [0x00, 0x00, 0x00, 0x00, 0x00, 0x00, 0x00, 0x00], // 0x8F
    [0x00, 0x00, 0x00, 0x00, 0x00, 0x00, 0x00, 0x00], // 0x90
    [0x00, 0x00, 0x00, 0x00, 0x00, 0x00, 0x00, 0x00], // 0x91
    [0x00, 0x00, 0x00, 0x00, 0x00, 0x00, 0x00, 0x00], // 0x92
    [0x00, 0x00, 0x00, 0x00, 0x00, 0x00, 0x00, 0x00], // 0x93
    [0x00, 0x00, 0x00, 0x00, 0x00, 0x00, 0x00, 0x00], // 0x94
    [0x00, 0x00, 0x00, 0x00, 0x00, 0x00, 0x00, 0x00], // 0x95
    [0x00, 0x00, 0x00, 0x00, 0x00, 0x00, 0x00, 0x00], // 0x96
    [0x00, 0x00, 0x00, 0x00, 0x00, 0x00, 0x00, 0x00], // 0x97
    [0x00, 0x00, 0x00, 0x00, 0x00, 0x00, 0x00, 0x00], // 0x98
    [0x00, 0x00, 0x00, 0x00, 0x00, 0x00, 0x00, 0x00], // 0x99
    [0x00, 0x00, 0x00, 0x00, 0x00, 0x00, 0x00, 0x00], // 0x9A
    [0x00, 0x00, 0x00, 0x00, 0x00, 0x00, 0x00, 0x00], // 0x9B
    [0x00, 0x00, 0x00, 0x00, 0x00, 0x00, 0x00, 0x00], // 0x9C
    [0x00, 0x00, 0x00, 0x00, 0x00, 0x00, 0x00, 0x00], // 0x9D
    [0x00, 0x00, 0x00, 0x00, 0x00, 0x00, 0x00, 0x00], // 0x9E
    [0x00, 0x00, 0x00, 0x00, 0x00, 0x00, 0x00, 0x00], // 0x9F
    [0x00, 0x00, 0x00, 0x00, 0x00, 0x00, 0x00, 0x00], // 0xA0
    [0x00, 0x00, 0x00, 0x00, 0x00, 0x00, 0x00, 0x00], // 0xA1
    [0x00, 0x00, 0x00, 0x00, 0x00, 0x00, 0x00, 0x00], // 0xA2
    [0x00, 0x00, 0x00, 0x00, 0x00, 0x00, 0x00, 0x00], // 0xA3
    [0x00, 0x00, 0x00, 0x00, 0x00, 0x00, 0x00, 0x00], // 0xA4
    [0x00, 0x00, 0x00, 0x00, 0x00, 0x00, 0x00, 0x00], // 0xA5
    [0x00, 0x00, 0x00, 0x00, 0x00, 0x00, 0x00, 0x00], // 0xA6
    [0x00, 0x00, 0x00, 0x00, 0x00, 0x00, 0x00, 0x00], // 0xA7
    [0x00, 0x00, 0x00, 0x00, 0x00, 0x00, 0x00, 0x00], // 0xA8
    [0x00, 0x00, 0x00, 0x00, 0x00, 0x00, 0x00, 0x00], // 0xA9
    [0x00, 0x00, 0x00, 0x00, 0x00, 0x00, 0x00, 0x00], // 0xAA
    [0x00, 0x00, 0x00, 0x00, 0x00, 0x00, 0x00, 0x00], // 0xAB
    [0x00, 0x00, 0x00, 0x00, 0x00, 0x00, 0x00, 0x00], // 0xAC
    [0x00, 0x00, 0x00, 0x00, 0x00, 0x00, 0x00, 0x00], // 0xAD
    [0x00, 0x00, 0x00, 0x00, 0x00, 0x00, 0x00, 0x00], // 0xAE
    [0x00, 0x00, 0x00, 0x00, 0x00, 0x00, 0x00, 0x00], // 0xAF
    [0x00, 0x00, 0x00, 0x00, 0x00, 0x00, 0x00, 0x00], // 0xB0
    [0x00, 0x00, 0x00, 0x00, 0x00, 0x00, 0x00, 0x00], // 0xB1
    [0x00, 0x00, 0x00, 0x00, 0x00, 0x00, 0x00, 0x00], // 0xB2
    [0x00, 0x00, 0x00, 0x00, 0x00, 0x00, 0x00, 0x00], // 0xB3
    [0x00, 0x00, 0x00, 0x00, 0x00, 0x00, 0x00, 0x00], // 0xB4
    [0x00, 0x00, 0x00, 0x00, 0x00, 0x00, 0x00, 0x00], // 0xB5
    [0x00, 0x00, 0x00, 0x00, 0x00, 0x00, 0x00, 0x00], // 0xB6
    [0x00, 0x00, 0x00, 0x00, 0x00, 0x00, 0x00, 0x00], // 0xB7
    [0x00, 0x00, 0x00, 0x00, 0x00, 0x00, 0x00, 0x00], // 0xB8
    [0x00, 0x00, 0x00, 0x00, 0x00, 0x00, 0x00, 0x00], // 0xB9
    [0x00, 0x00, 0x00, 0x00, 0x00, 0x00, 0x00, 0x00], // 0xBA
    [0x00, 0x00, 0x00, 0x00, 0x00, 0x00, 0x00, 0x00], // 0xBB
    [0x00, 0x00, 0x00, 0x00, 0x00, 0x00, 0x00, 0x00], // 0xBC
    [0x00, 0x00, 0x00, 0x00, 0x00, 0x00, 0x00, 0x00], // 0xBD
    [0x00, 0x00, 0x00, 0x00, 0x00, 0x00, 0x00, 0x00], // 0xBE
    [0x00, 0x00, 0x00, 0x00, 0x00, 0x00, 0x00, 0x00], // 0xBF
    [0x00, 0x00, 0x00, 0x00, 0x00, 0x00, 0x00, 0x00], // 0xC0
    [0x00, 0x00, 0x00, 0x00, 0x00, 0x00, 0x00, 0x00], // 0xC1
    [0x00, 0x00, 0x00, 0x00, 0x00, 0x00, 0x00, 0x00], // 0xC2
    [0x00, 0x00, 0x00, 0x00, 0x00, 0x00, 0x00, 0x00], // 0xC3
    [0x00, 0x00, 0x00, 0x00, 0x00, 0x00, 0x00, 0x00], // 0xC4
    [0x00, 0x00, 0x00, 0x00, 0x00, 0x00, 0x00, 0x00], // 0xC5
    [0x00, 0x00, 0x00, 0x00, 0x00, 0x00, 0x00, 0x00], // 0xC6
    [0x00, 0x00, 0x00, 0x00, 0x00, 0x00, 0x00, 0x00], // 0xC7
    [0x00, 0x00, 0x00, 0x00, 0x00, 0x00, 0x00, 0x00], // 0xC8
    [0x00, 0x00, 0x00, 0x00, 0x00, 0x00, 0x00, 0x00], // 0xC9
    [0x00, 0x00, 0x00, 0x00, 0x00, 0x00, 0x00, 0x00], // 0xCA
    [0x00, 0x00, 0x00, 0x00, 0x00, 0x00, 0x00, 0x00], // 0xCB
    [0x00, 0x00, 0x00, 0x00, 0x00, 0x00, 0x00, 0x00], // 0xCC
    [0x00, 0x00, 0x00, 0x00, 0x00, 0x00, 0x00, 0x00], // 0xCD
    [0x00, 0x00, 0x00, 0x00, 0x00, 0x00, 0x00, 0x00], // 0xCE
    [0x00, 0x00, 0x00, 0x00, 0x00, 0x00, 0x00, 0x00], // 0xCF
    [0x00, 0x00, 0x00, 0x00, 0x00, 0x00, 0x00, 0x00], // 0xD0
    [0x00, 0x00, 0x00, 0x00, 0x00, 0x00, 0x00, 0x00], // 0xD1
    [0x00, 0x00, 0x00, 0x00, 0x00, 0x00, 0x00, 0x00], // 0xD2
    [0x00, 0x00, 0x00, 0x00, 0x00, 0x00, 0x00, 0x00], // 0xD3
    [0x00, 0x00, 0x00, 0x00, 0x00, 0x00, 0x00, 0x00], // 0xD4
    [0x00, 0x00, 0x00, 0x00, 0x00, 0x00, 0x00, 0x00], // 0xD5
    [0x00, 0x00, 0x00, 0x00, 0x00, 0x00, 0x00, 0x00], // 0xD6
    [0x00, 0x00, 0x00, 0x00, 0x00, 0x00, 0x00, 0x00], // 0xD7
    [0x00, 0x00, 0x00, 0x00, 0x00, 0x00, 0x00, 0x00], // 0xD8
    [0x00, 0x00, 0x00, 0x00, 0x00, 0x00, 0x00, 0x00], // 0xD9
    [0x00, 0x00, 0x00, 0x00, 0x00, 0x00, 0x00, 0x00], // 0xDA
    [0x00, 0x00, 0x00, 0x00, 0x00, 0x00, 0x00, 0x00], // 0xDB
    [0x00, 0x00, 0x00, 0x00, 0x00, 0x00, 0x00, 0x00], // 0xDC
    [0x00, 0x00, 0x00, 0x00, 0x00, 0x00, 0x00, 0x00], // 0xDD
    [0x00, 0x00, 0x00, 0x00, 0x00, 0x00, 0x00, 0x00], // 0xDE
    [0x00, 0x00, 0x00, 0x00, 0x00, 0x00, 0x00, 0x00], // 0xDF
    [0x00, 0x00, 0x00, 0x00, 0x00, 0x00, 0x00, 0x00], // 0xE0
    [0x00, 0x00, 0x00, 0x00, 0x00, 0x00, 0x00, 0x00], // 0xE1
    [0x00, 0x00, 0x00, 0x00, 0x00, 0x00, 0x00, 0x00], // 0xE2
    [0x00, 0x00, 0x00, 0x00, 0x00, 0x00, 0x00, 0x00], // 0xE3
    [0x00, 0x00, 0x00, 0x00, 0x00, 0x00, 0x00, 0x00], // 0xE4
    [0x00, 0x00, 0x00, 0x00, 0x00, 0x00, 0x00, 0x00], // 0xE5
    [0x00, 0x00, 0x00, 0x00, 0x00, 0x00, 0x00, 0x00], // 0xE6
    [0x00, 0x00, 0x00, 0x00, 0x00, 0x00, 0x00, 0x00], // 0xE7
    [0x00, 0x00, 0x00, 0x00, 0x00, 0x00, 0x00, 0x00], // 0xE8
    [0x00, 0x00, 0x00, 0x00, 0x00, 0x00, 0x00, 0x00], // 0xE9
    [0x00, 0x00, 0x00, 0x00, 0x00, 0x00, 0x00, 0x00], // 0xEA
    [0x00, 0x00, 0x00, 0x00, 0x00, 0x00, 0x00, 0x00], // 0xEB
    [0x00, 0x00, 0x00, 0x00, 0x00, 0x00, 0x00, 0x00], // 0xEC
    [0x00, 0x00, 0x00, 0x00, 0x00, 0x00, 0x00, 0x00], // 0xED
    [0x00, 0x00, 0x00, 0x00, 0x00, 0x00, 0x00, 0x00], // 0xEE
    [0x00, 0x00, 0x00, 0x00, 0x00, 0x00, 0x00, 0x00], // 0xEF
    [0x00, 0x00, 0x00, 0x00, 0x00, 0x00, 0x00, 0x00], // 0xF0
    [0x00, 0x00, 0x00, 0x00, 0x00, 0x00, 0x00, 0x00], // 0xF1
    [0x00, 0x00, 0x00, 0x00, 0x00, 0x00, 0x00, 0x00], // 0xF2
    [0x00, 0x00, 0x00, 0x00, 0x00, 0x00, 0x00, 0x00], // 0xF3
    [0x00, 0x00, 0x00, 0x00, 0x00, 0x00, 0x00, 0x00], // 0xF4
    [0x00, 0x00, 0x00, 0x00, 0x00, 0x00, 0x00, 0x00], // 0xF5
    [0x00, 0x00, 0x00, 0x00, 0x00, 0x00, 0x00, 0x00], // 0xF6
    [0x00, 0x00, 0x00, 0x00, 0x00, 0x00, 0x00, 0x00], // 0xF7
    [0x00, 0x00, 0x00, 0x00, 0x00, 0x00, 0x00, 0x00], // 0xF8
    [0x00, 0x00, 0x00, 0x00, 0x00, 0x00, 0x00, 0x00], // 0xF9
    [0x00, 0x00, 0x00, 0x00, 0x00, 0x00, 0x00, 0x00], // 0xFA
    [0x00, 0x00, 0x00, 0x00, 0x00, 0x00, 0x00, 0x00], // 0xFB
    [0x00, 0x00, 0x00, 0x00, 0x00, 0x00, 0x00, 0x00], // 0xFC
    [0x00, 0x00, 0x00, 0x00, 0x00, 0x00, 0x00, 0x00], // 0xFD
    [0x00, 0x00, 0x00, 0x00, 0x00, 0x00, 0x00, 0x00], // 0xFE
    [0x00, 0x00, 0x00, 0x00, 0x00, 0x00, 0x00, 0x00], // 0xFF
];

pub const SYSTEM_8X8: Font = [
    [0x00, 0x00, 0x00, 0x00, 0x00, 0x00, 0x00, 0x00], // 0x00
    [0x1C, 0x22, 0x55, 0x41, 0x63, 0x5D, 0x22, 0x1C], // 0x01
    [0x1C, 0x3E, 0x6B, 0x7F, 0x5D, 0x63, 0x3E, 0x1C], // 0x02
    [0x36, 0x7F, 0x7F, 0x7F, 0x3E, 0x1C, 0x08, 0x00], // 0x03
    [0x08, 0x1C, 0x3E, 0x7F, 0x3E, 0x1C, 0x08, 0x00], // 0x04
    [0x1C, 0x1C, 0x7F, 0x7F, 0x36, 0x08, 0x3E, 0x00], // 0x05
    [0x08, 0x1C, 0x3E, 0x7F, 0x36, 0x08, 0x3E, 0x00], // 0x06
    [0x00, 0x00, 0x18, 0x3C, 0x3C, 0x18, 0x00, 0x00], // 0x07
    [0xFF, 0xFF, 0xE7, 0xC3, 0xC3, 0xE7, 0xFF, 0xFF], // 0x08
    [0x00, 0x18, 0x24, 0x42, 0x42, 0x24, 0x18, 0x00], // 0x09
    [0xFF, 0xE7, 0xDB, 0xBD, 0xBD, 0xDB, 0xE7, 0xFF], // 0x0A
    [0x07, 0x03, 0x05, 0x3C, 0x44, 0x44, 0x44, 0x38], // 0x0B
    [0x1C, 0x22, 0x22, 0x22, 0x1C, 0x08, 0x3E, 0x08], // 0x0C
    [0x08, 0x0C, 0x0A, 0x0A, 0x0A, 0x18, 0x18, 0x00], // 0x0D
    [0x06, 0x3A, 0x26, 0x3A, 0x22, 0x26, 0x66, 0x60], // 0x0E
    [0x49, 0x3E, 0x22, 0x63, 0x22, 0x3E, 0x49, 0x00], // 0x0F
    [0x00, 0x20, 0x38, 0x3E, 0x3E, 0x38, 0x20, 0x00], // 0x10
    [0x00, 0x04, 0x1C, 0x7C, 0x7C, 0x1C, 0x04, 0x00], // 0x11
    [0x08, 0x1C, 0x08, 0x08, 0x08, 0x1C, 0x08, 0x00], // 0x12
    [0x66, 0x66, 0x66, 0x66, 0x00, 0x66, 0x66, 0x00], // 0x13
    [0x3F, 0x7A, 0x7A, 0x3A, 0x0A, 0x0A, 0x0A, 0x0A], // 0x14
    [0x3E, 0x60, 0x3C, 0x66, 0x3C, 0x06, 0x7C, 0x00], // 0x15
    [0x00, 0x00, 0x00, 0x00, 0xFF, 0xFF, 0xFF, 0xFF], // 0x16
    [0x08, 0x1C, 0x08, 0x08, 0x08, 0x1C, 0x08, 0x3E], // 0x17
    [0x08, 0x1C, 0x08, 0x08, 0x08, 0x08, 0x08, 0x00], // 0x18
    [0x08, 0x08, 0x08, 0x08, 0x08, 0x1C, 0x08, 0x00], // 0x19
    [0x00, 0x00, 0x00, 0x04, 0x7E, 0x04, 0x00, 0x00], // 0x1A
    [0x00, 0x00, 0x00, 0x20, 0x7E, 0x20, 0x00, 0x00], // 0x1B
    [0x00, 0x00, 0x00, 0x60, 0x60, 0x7E, 0x00, 0x00], // 0x1C
    [0x00, 0x00, 0x00, 0x24, 0x7E, 0x24, 0x00, 0x00], // 0x1D
    [0x00, 0x00, 0x18, 0x18, 0x3C, 0x3C, 0x7E, 0x00], // 0x1E
    [0x00, 0x00, 0x7E, 0x3C, 0x3C, 0x18, 0x18, 0x00], // 0x1F
    [0x00, 0x00, 0x00, 0x00, 0x00, 0x00, 0x00, 0x00], // 0x20
    [0x18, 0x3C, 0x3C, 0x18, 0x18, 0x00, 0x18, 0x00], // 0x21
    [0x36, 0x36, 0x36, 0x00, 0x00, 0x00, 0x00, 0x00], // 0x22
    [0x22, 0x22, 0x7F, 0x22, 0x7F, 0x22, 0x22, 0x00], // 0x23
    [0x18, 0x3E, 0x60, 0x3C, 0x06, 0x7C, 0x18, 0x00], // 0x24
    [0x00, 0x63, 0x66, 0x0C, 0x18, 0x33, 0x63, 0x00], // 0x25
    [0x1C, 0x36, 0x1C, 0x3B, 0x6E, 0x66, 0x3B, 0x00], // 0x26
    [0x18, 0x18, 0x18, 0x00, 0x00, 0x00, 0x00, 0x00], // 0x27
    [0x0C, 0x18, 0x30, 0x30, 0x30, 0x18, 0x0C, 0x00], // 0x28
    [0x30, 0x18, 0x0C, 0x0C, 0x0C, 0x18, 0x30, 0x00], // 0x29
    [0x00, 0x66, 0x3C, 0xFF, 0x3C, 0x66, 0x00, 0x00], // 0x2A
    [0x00, 0x18, 0x18, 0x7E, 0x18, 0x18, 0x00, 0x00], // 0x2B
    [0x00, 0x00, 0x00, 0x00, 0x00, 0x38, 0x18, 0x30], // 0x2C
    [0x00, 0x00, 0x00, 0x7E, 0x00, 0x00, 0x00, 0x00], // 0x2D
    [0x00, 0x00, 0x00, 0x00, 0x00, 0x18, 0x18, 0x00], // 0x2E
    [0x03, 0x06, 0x0C, 0x18, 0x30, 0x60, 0x40, 0x00], // 0x2F
    [0x1E, 0x33, 0x33, 0x33, 0x33, 0x33, 0x1E, 0x00], // 0x30
    [0x18, 0x78, 0x18, 0x18, 0x18, 0x18, 0x7E, 0x00], // 0x31
    [0x3C, 0x66, 0x06, 0x1C, 0x30, 0x60, 0x7E, 0x00], // 0x32
    [0x3C, 0x66, 0x06, 0x1C, 0x06, 0x66, 0x3C, 0x00], // 0x33
    [0x0E, 0x1A, 0x36, 0x66, 0x7F, 0x06, 0x06, 0x00], // 0x34
    [0x7E, 0x60, 0x7C, 0x06, 0x06, 0x66, 0x3C, 0x00], // 0x35
    [0x1C, 0x30, 0x60, 0x7C, 0x66, 0x66, 0x3C, 0x00], // 0x36
    [0x7E, 0x06, 0x06, 0x0C, 0x18, 0x30, 0x30, 0x00], // 0x37
    [0x3C, 0x66, 0x66, 0x3C, 0x66, 0x66, 0x3C, 0x00], // 0x38
    [0x3C, 0x66, 0x66, 0x3E, 0x06, 0x0C, 0x38, 0x00], // 0x39
    [0x00, 0x00, 0x18, 0x18, 0x00, 0x18, 0x18, 0x00], // 0x3A
    [0x00, 0x00, 0x18, 0x18, 0x00, 0x38, 0x18, 0x30], // 0x3B
    [0x0C, 0x18, 0x30, 0x60, 0x30, 0x18, 0x0C, 0x00], // 0x3C
    [0x00, 0x00, 0x7E, 0x00, 0x7E, 0x00, 0x00, 0x00], // 0x3D
    [0x30, 0x18, 0x0C, 0x06, 0x0C, 0x18, 0x30, 0x00], // 0x3E
    [0x3C, 0x66, 0x06, 0x0C, 0x18, 0x00, 0x18, 0x00], // 0x3F
    [0x3E, 0x41, 0x4F, 0x5B, 0x4F, 0x40, 0x3C, 0x00], // 0x40
    [0x18, 0x3C, 0x66, 0x66, 0x7E, 0x66, 0x66, 0x00], // 0x41
    [0x7C, 0x66, 0x66, 0x7E, 0x63, 0x63, 0x7E, 0x00], // 0x42
    [0x1E, 0x33, 0x60, 0x60, 0x60, 0x33, 0x1E, 0x00], // 0x43
    [0x7C, 0x66, 0x63, 0x63, 0x63, 0x66, 0x7C, 0x00], // 0x44
    [0x3F, 0x30, 0x30, 0x3E, 0x30, 0x30, 0x3F, 0x00], // 0x45
    [0x3F, 0x30, 0x30, 0x3E, 0x30, 0x30, 0x30, 0x00], // 0x46
    [0x1E, 0x33, 0x60, 0x60, 0x67, 0x33, 0x1F, 0x00], // 0x47
    [0x66, 0x66, 0x66, 0x7E, 0x66, 0x66, 0x66, 0x00], // 0x48
    [0x3C, 0x18, 0x18, 0x18, 0x18, 0x18, 0x3C, 0x00], // 0x49
    [0x06, 0x06, 0x06, 0x06, 0x66, 0x66, 0x3C, 0x00], // 0x4A
    [0x63, 0x66, 0x6C, 0x78, 0x6C, 0x66, 0x63, 0x00], // 0x4B
    [0x30, 0x30, 0x30, 0x30, 0x30, 0x30, 0x3F, 0x00], // 0x4C
    [0x41, 0x63, 0x77, 0x6B, 0x6B, 0x63, 0x63, 0x00], // 0x4D
    [0x63, 0x73, 0x7B, 0x6F, 0x67, 0x63, 0x63, 0x00], // 0x4E
    [0x1C, 0x36, 0x63, 0x63, 0x63, 0x36, 0x1C, 0x00], // 0x4F
    [0x3E, 0x33, 0x33, 0x33, 0x3E, 0x30, 0x30, 0x00], // 0x50
    [0x1C, 0x36, 0x63, 0x63, 0x6B, 0x36, 0x1E, 0x03], // 0x51
    [0x7C, 0x66, 0x66, 0x7C, 0x6C, 0x66, 0x63, 0x00], // 0x52
    [0x3C, 0x66, 0x70, 0x1C, 0x0E, 0x66, 0x3C, 0x00], // 0x53
    [0x7E, 0x18, 0x18, 0x18, 0x18, 0x18, 0x18, 0x00], // 0x54
    [0x66, 0x66, 0x66, 0x66, 0x66, 0x66, 0x3C, 0x00], // 0x55
    [0x66, 0x66, 0x66, 0x66, 0x66, 0x3C, 0x18, 0x00], // 0x56
    [0x63, 0x63, 0x63, 0x6B, 0x6B, 0x36, 0x36, 0x00], // 0x57
    [0x63, 0x63, 0x36, 0x1C, 0x36, 0x63, 0x63, 0x00], // 0x58
    [0x66, 0x66, 0x66, 0x3C, 0x18, 0x18, 0x18, 0x00], // 0x59
    [0x7F, 0x06, 0x0C, 0x18, 0x30, 0x60, 0x7F, 0x00], // 0x5A
    [0x3C, 0x30, 0x30, 0x30, 0x30, 0x30, 0x3C, 0x00], // 0x5B
    [0x60, 0x30, 0x18, 0x0C, 0x06, 0x03, 0x01, 0x00], // 0x5C
    [0x3C, 0x0C, 0x0C, 0x0C, 0x0C, 0x0C, 0x3C, 0x00], // 0x5D
    [0x08, 0x1C, 0x36, 0x63, 0x00, 0x00, 0x00, 0x00], // 0x5E
    [0x00, 0x00, 0x00, 0x00, 0x00, 0x00, 0x00, 0xFF], // 0x5F
    [0x30, 0x18, 0x0C, 0x00, 0x00, 0x00, 0x00, 0x00], // 0x60
    [0x00, 0x00, 0x3C, 0x06, 0x3E, 0x66, 0x3E, 0x00], // 0x61
    [0x60, 0x60, 0x7C, 0x66, 0x66, 0x66, 0x7C, 0x00], // 0x62
    [0x00, 0x00, 0x3C, 0x66, 0x60, 0x66, 0x3C, 0x00], // 0x63
    [0x06, 0x06, 0x3E, 0x66, 0x66, 0x66, 0x3E, 0x00], // 0x64
    [0x00, 0x00, 0x3C, 0x66, 0x7E, 0x60, 0x3C, 0x00], // 0x65
    [0x1C, 0x36, 0x30, 0x7E, 0x30, 0x30, 0x30, 0x00], // 0x66
    [0x00, 0x00, 0x3E, 0x66, 0x66, 0x3E, 0x06, 0x7C], // 0x67
    [0x60, 0x60, 0x7C, 0x66, 0x66, 0x66, 0x66, 0x00], // 0x68
    [0x18, 0x00, 0x38, 0x18, 0x18, 0x18, 0x7E, 0x00], // 0x69
    [0x0C, 0x00, 0x3C, 0x0C, 0x0C, 0x0C, 0x6C, 0x38], // 0x6A
    [0x60, 0x60, 0x66, 0x6C, 0x78, 0x6C, 0x66, 0x00], // 0x6B
    [0x38, 0x18, 0x18, 0x18, 0x18, 0x18, 0x7E, 0x00], // 0x6C
    [0x00, 0x00, 0x66, 0x7F, 0x6B, 0x6B, 0x63, 0x00], // 0x6D
    [0x00, 0x00, 0x7C, 0x66, 0x66, 0x66, 0x66, 0x00], // 0x6E
    [0x00, 0x00, 0x3C, 0x66, 0x66, 0x66, 0x3C, 0x00], // 0x6F
    [0x00, 0x00, 0x7C, 0x66, 0x66, 0x66, 0x7C, 0x60], // 0x70
    [0x00, 0x00, 0x3E, 0x66, 0x66, 0x66, 0x3E, 0x06], // 0x71
    [0x00, 0x00, 0x6E, 0x33, 0x30, 0x30, 0x78, 0x00], // 0x72
    [0x00, 0x00, 0x3E, 0x60, 0x3C, 0x06, 0x7C, 0x00], // 0x73
    [0x00, 0x30, 0x7E, 0x30, 0x30, 0x36, 0x1C, 0x00], // 0x74
    [0x00, 0x00, 0x66, 0x66, 0x66, 0x66, 0x3E, 0x00], // 0x75
    [0x00, 0x00, 0x66, 0x66, 0x66, 0x3C, 0x18, 0x00], // 0x76
    [0x00, 0x00, 0x63, 0x6B, 0x6B, 0x36, 0x36, 0x00], // 0x77
    [0x00, 0x00, 0x63, 0x36, 0x1C, 0x36, 0x63, 0x00], // 0x78
    [0x00, 0x00, 0x66, 0x66, 0x66, 0x3C, 0x18, 0x70], // 0x79
    [0x00, 0x00, 0x7E, 0x0C, 0x18, 0x30, 0x7E, 0x00], // 0x7A
    [0x0E, 0x18, 0x18, 0x70, 0x18, 0x18, 0x0E, 0x00], // 0x7B
    [0x18, 0x18, 0x18, 0x18, 0x18, 0x18, 0x18, 0x00], // 0x7C
    [0x70, 0x18, 0x18, 0x0E, 0x18, 0x18, 0x70, 0x00], // 0x7D
    [0x31, 0x49, 0x46, 0x00, 0x00, 0x00, 0x00, 0x00], // 0x7E
    [0x18, 0x3C, 0x66, 0x42, 0x42, 0x42, 0x7E, 0x00], // 0x7F
    [0x1E, 0x33, 0x60, 0x60, 0x33, 0x1E, 0x06, 0x1C], // 0x80
    [0x66, 0x00, 0x66, 0x66, 0x66, 0x66, 0x3E, 0x00], // 0x81
    [0x06, 0x0C, 0x00, 0x3C, 0x6E, 0x60, 0x3C, 0x00], // 0x82
    [0x18, 0x66, 0x00, 0x3C, 0x06, 0x76, 0x3E, 0x00], // 0x83
    [0x66, 0x00, 0x3C, 0x06, 0x3E, 0x66, 0x3E, 0x00], // 0x84
    [0x30, 0x18, 0x00, 0x3C, 0x06, 0x76, 0x3E, 0x00], // 0x85
    [0x1C, 0x14, 0x3C, 0x06, 0x3E, 0x66, 0x3E, 0x00], // 0x86
    [0x00, 0x00, 0x3E, 0x60, 0x60, 0x3E, 0x0C, 0x38], // 0x87
    [0x18, 0x66, 0x00, 0x3C, 0x6E, 0x60, 0x3C, 0x00], // 0x88
    [0x66, 0x00, 0x3C, 0x66, 0x7E, 0x60, 0x3C, 0x00], // 0x89
    [0x30, 0x18, 0x00, 0x3C, 0x6E, 0x60, 0x3C, 0x00], // 0x8A
    [0x66, 0x00, 0x38, 0x18, 0x18, 0x18, 0x7E, 0x00], // 0x8B
    [0x18, 0x66, 0x00, 0x38, 0x18, 0x18, 0x7E, 0x00], // 0x8C
    [0x60, 0x30, 0x00, 0x38, 0x18, 0x18, 0x7E, 0x00], // 0x8D
    [0x66, 0x18, 0x3C, 0x66, 0x7E, 0x66, 0x66, 0x00], // 0x8E
    [0x3C, 0x24, 0x3C, 0x66, 0x7E, 0x66, 0x66, 0x00], // 0x8F
    [0x03, 0x06, 0x3F, 0x30, 0x3E, 0x30, 0x3F, 0x00], // 0x90
    [0x00, 0x00, 0x76, 0x09, 0x3F, 0x48, 0x77, 0x00], // 0x91
    [0x1F, 0x3C, 0x6C, 0x7F, 0x6C, 0x6C, 0x6F, 0x00], // 0x92
    [0x18, 0x66, 0x00, 0x3C, 0x66, 0x66, 0x3C, 0x00], // 0x93
    [0x66, 0x00, 0x3C, 0x66, 0x66, 0x66, 0x3C, 0x00], // 0x94
    [0x30, 0x18, 0x00, 0x3C, 0x66, 0x66, 0x3C, 0x00], // 0x95
    [0x18, 0x66, 0x00, 0x66, 0x66, 0x66, 0x3E, 0x00], // 0x96
    [0x30, 0x18, 0x00, 0x66, 0x66, 0x66, 0x3E, 0x00], // 0x97
    [0x66, 0x00, 0x66, 0x66, 0x66, 0x3C, 0x18, 0x70], // 0x98
    [0x63, 0x1C, 0x36, 0x63, 0x63, 0x36, 0x1C, 0x00], // 0x99
    [0x66, 0x00, 0x66, 0x66, 0x66, 0x66, 0x3C, 0x00], // 0x9A
    [0x00, 0x06, 0x3C, 0x66, 0x7E, 0x66, 0x3C, 0x60], // 0x9B
    [0x1C, 0x36, 0x30, 0x7C, 0x30, 0x20, 0x7E, 0x00], // 0x9C
    [0x1D, 0x36, 0x67, 0x6B, 0x73, 0x36, 0x5C, 0x00], // 0x9D
    [0x00, 0x22, 0x14, 0x08, 0x14, 0x22, 0x00, 0x00], // 0x9E
    [0x03, 0x04, 0x04, 0x04, 0x0C, 0x08, 0x08, 0x30], // 0x9F
    [0x06, 0x0C, 0x00, 0x3C, 0x06, 0x76, 0x3E, 0x00], // 0xA0
    [0x0C, 0x18, 0x00, 0x38, 0x18, 0x18, 0x7E, 0x00], // 0xA1
    [0x06, 0x0C, 0x00, 0x3C, 0x66, 0x66, 0x3C, 0x00], // 0xA2
    [0x06, 0x0C, 0x00, 0x66, 0x66, 0x66, 0x3E, 0x00], // 0xA3
    [0x72, 0x4E, 0x00, 0x7C, 0x66, 0x66, 0x66, 0x00], // 0xA4
    [0x19, 0x26, 0x73, 0x5B, 0x6D, 0x67, 0x63, 0x00], // 0xA5
    [0x3C, 0x06, 0x3E, 0x66, 0x3E, 0x00, 0x7E, 0x00], // 0xA6
    [0x3C, 0x66, 0x66, 0x66, 0x3C, 0x00, 0x7E, 0x00], // 0xA7
    [0x00, 0x18, 0x00, 0x18, 0x30, 0x60, 0x66, 0x3C], // 0xA8
    [0x7E, 0x81, 0xB9, 0xA5, 0xB9, 0xA5, 0x81, 0x7E], // 0xA9
    [0x00, 0x00, 0x00, 0x7E, 0x06, 0x06, 0x00, 0x00], // 0xAA
    [0x40, 0xC0, 0xC0, 0xDE, 0xC3, 0x0E, 0x18, 0x1F], // 0xAB
    [0x40, 0xC0, 0xC0, 0xC7, 0xCB, 0x13, 0x1F, 0x03], // 0xAC
    [0x00, 0x18, 0x00, 0x18, 0x18, 0x3C, 0x3C, 0x18], // 0xAD
    [0x00, 0x00, 0x33, 0x66, 0xCC, 0x66, 0x33, 0x00], // 0xAE
    [0x00, 0x00, 0xCC, 0x66, 0x33, 0x66, 0xCC, 0x00], // 0xAF
    [0x88, 0x00, 0x22, 0x00, 0x88, 0x00, 0x22, 0x00], // 0xB0
    [0x88, 0x22, 0x88, 0x22, 0x88, 0x22, 0x88, 0x22], // 0xB1
    [0xAA, 0x55, 0xAA, 0x55, 0xAA, 0x55, 0xAA, 0x55], // 0xB2
    [0x08, 0x08, 0x08, 0x08, 0x08, 0x08, 0x08, 0x08], // 0xB3
    [0x08, 0x08, 0x08, 0xF8, 0x08, 0x08, 0x08, 0x08], // 0xB4
    [0x06, 0x0C, 0x3C, 0x66, 0x7E, 0x66, 0x66, 0x00], // 0xB5
    [0x3C, 0x42, 0x3C, 0x66, 0x7E, 0x66, 0x66, 0x00], // 0xB6
    [0x60, 0x30, 0x3C, 0x66, 0x7E, 0x66, 0x66, 0x00], // 0xB7
    [0x7E, 0x81, 0x9D, 0xB1, 0xB1, 0x9D, 0x81, 0x7E], // 0xB8
    [0x14, 0x14, 0xF4, 0x04, 0xF4, 0x14, 0x14, 0x14], // 0xB9
    [0x14, 0x14, 0x14, 0x14, 0x14, 0x14, 0x14, 0x14], // 0xBA
    [0x00, 0x00, 0xFC, 0x04, 0xF4, 0x14, 0x14, 0x14], // 0xBB
    [0x14, 0x14, 0xF4, 0x04, 0xFC, 0x00, 0x00, 0x00], // 0xBC
    [0x00, 0x0C, 0x3E, 0x60, 0x60, 0x3E, 0x0C, 0x00], // 0xBD
    [0x66, 0x66, 0x3C, 0x18, 0x7E, 0x18, 0x18, 0x00], // 0xBE
    [0x00, 0x00, 0x00, 0xF8, 0x08, 0x08, 0x08, 0x08], // 0xBF
    [0x08, 0x08, 0x08, 0x0F, 0x00, 0x00, 0x00, 0x00], // 0xC0
    [0x08, 0x08, 0x08, 0xFF, 0x00, 0x00, 0x00, 0x00], // 0xC1
    [0x00, 0x00, 0x00, 0xFF, 0x08, 0x08, 0x08, 0x08], // 0xC2
    [0x08, 0x08, 0x08, 0x0F, 0x08, 0x08, 0x08, 0x08], // 0xC3
    [0x00, 0x00, 0x00, 0xFF, 0x00, 0x00, 0x00, 0x00], // 0xC4
    [0x08, 0x08, 0x08, 0xFF, 0x08, 0x08, 0x08, 0x08], // 0xC5
    [0x72, 0x4E, 0x00, 0x3C, 0x06, 0x76, 0x3E, 0x00], // 0xC6
    [0x32, 0x4C, 0x3C, 0x66, 0x7E, 0x66, 0x66, 0x00], // 0xC7
    [0x14, 0x14, 0x17, 0x10, 0x1F, 0x00, 0x00, 0x00], // 0xC8
    [0x00, 0x00, 0x1F, 0x10, 0x17, 0x14, 0x14, 0x14], // 0xC9
    [0x14, 0x14, 0xF7, 0x00, 0xFF, 0x00, 0x00, 0x00], // 0xCA
    [0x00, 0x00, 0xFF, 0x00, 0xF7, 0x14, 0x14, 0x14], // 0xCB
    [0x14, 0x14, 0x17, 0x10, 0x17, 0x14, 0x14, 0x14], // 0xCC
    [0x00, 0x00, 0xFF, 0x00, 0xFF, 0x00, 0x00, 0x00], // 0xCD
    [0x14, 0x14, 0xF7, 0x00, 0xF7, 0x14, 0x14, 0x14], // 0xCE
    [0x00, 0x66, 0x3C, 0x66, 0x66, 0x3C, 0x66, 0x00], // 0xCF
    [0x36, 0x78, 0x0C, 0x3C, 0x66, 0x66, 0x3C, 0x00], // 0xD0
    [0x7C, 0x66, 0x63, 0xFB, 0x63, 0x66, 0x7C, 0x00], // 0xD1
    [0x0C, 0x12, 0x3F, 0x30, 0x3E, 0x30, 0x3F, 0x00], // 0xD2
    [0x33, 0x00, 0x3F, 0x30, 0x3E, 0x30, 0x3F, 0x00], // 0xD3
    [0x18, 0x0C, 0x3F, 0x30, 0x3E, 0x30, 0x3F, 0x00], // 0xD4
    [0x00, 0x00, 0x38, 0x18, 0x18, 0x18, 0x7E, 0x00], // 0xD5
    [0x0C, 0x18, 0x3C, 0x18, 0x18, 0x18, 0x3C, 0x00], // 0xD6
    [0x3C, 0x42, 0x3C, 0x18, 0x18, 0x18, 0x3C, 0x00], // 0xD7
    [0x66, 0x00, 0x3C, 0x18, 0x18, 0x18, 0x3C, 0x00], // 0xD8
    [0x08, 0x08, 0x08, 0xF8, 0x00, 0x00, 0x00, 0x00], // 0xD9
    [0x00, 0x00, 0x00, 0x0F, 0x08, 0x08, 0x08, 0x08], // 0xDA
    [0xFF, 0xFF, 0xFF, 0xFF, 0xFF, 0xFF, 0xFF, 0xFF], // 0xDB
    [0x00, 0x00, 0x00, 0x00, 0xFF, 0xFF, 0xFF, 0xFF], // 0xDC
    [0x18, 0x18, 0x18, 0x00, 0x18, 0x18, 0x18, 0x00], // 0xDD
    [0x30, 0x18, 0x3C, 0x18, 0x18, 0x18, 0x3C, 0x00], // 0xDE
    [0xFF, 0xFF, 0xFF, 0xFF, 0x00, 0x00, 0x00, 0x00], // 0xDF
    [0x06, 0x0C, 0x1C, 0x36, 0x63, 0x36, 0x1C, 0x00], // 0xE0
    [0x3C, 0x66, 0x66, 0x6C, 0x66, 0x66, 0x6C, 0x00], // 0xE1
    [0x1C, 0x22, 0x1C, 0x36, 0x63, 0x36, 0x1C, 0x00], // 0xE2
    [0x30, 0x18, 0x1C, 0x36, 0x63, 0x36, 0x1C, 0x00], // 0xE3
    [0x72, 0x4E, 0x00, 0x3C, 0x66, 0x66, 0x3C, 0x00], // 0xE4
    [0x39, 0x4E, 0x1C, 0x36, 0x63, 0x36, 0x1C, 0x00], // 0xE5
    [0x00, 0x00, 0x66, 0x66, 0x66, 0x66, 0x7B, 0x60], // 0xE6
    [0x60, 0x60, 0x7C, 0x66, 0x66, 0x7C, 0x60, 0x60], // 0xE7
    [0x60, 0x7E, 0x63, 0x63, 0x63, 0x7E, 0x60, 0x00], // 0xE8
    [0x0C, 0x18, 0x66, 0x66, 0x66, 0x66, 0x3C, 0x00], // 0xE9
    [0x18, 0x66, 0x00, 0x66, 0x66, 0x66, 0x3C, 0x00], // 0xEA
    [0x30, 0x18, 0x66, 0x66, 0x66, 0x66, 0x3C, 0x00], // 0xEB
    [0x0C, 0x18, 0x66, 0x66, 0x66, 0x3C, 0x18, 0x70], // 0xEC
    [0x0C, 0x18, 0x66, 0x66, 0x3C, 0x18, 0x18, 0x00], // 0xED
    [0xFF, 0x00, 0x00, 0x00, 0x00, 0x00, 0x00, 0x00], // 0xEE
    [0x0C, 0x18, 0x30, 0x00, 0x00, 0x00, 0x00, 0x00], // 0xEF
    [0x00, 0x00, 0x00, 0x7E, 0x00, 0x00, 0x00, 0x00], // 0xF0
    [0x18, 0x18, 0x7E, 0x18, 0x18, 0x00, 0x7E, 0x00], // 0xF1
    [0x00, 0x00, 0x00, 0x00, 0x00, 0xFF, 0x00, 0xFF], // 0xF2
    [0xE0, 0x30, 0xE0, 0x37, 0xEB, 0x13, 0x1F, 0x03], // 0xF3
    [0x3F, 0x7A, 0x7A, 0x3A, 0x0A, 0x0A, 0x0A, 0x0A], // 0xF4
    [0x3E, 0x60, 0x3C, 0x66, 0x3C, 0x06, 0x7C, 0x00], // 0xF5
    [0x00, 0x08, 0x00, 0x3E, 0x00, 0x08, 0x00, 0x00], // 0xF6
    [0x00, 0x00, 0x00, 0x00, 0x10, 0x18, 0x0C, 0x38], // 0xF7
    [0x1C, 0x22, 0x22, 0x22, 0x1C, 0x00, 0x00, 0x00], // 0xF8
    [0x66, 0x00, 0x00, 0x00, 0x00, 0x00, 0x00, 0x00], // 0xF9
    [0x00, 0x00, 0x00, 0x18, 0x18, 0x00, 0x00, 0x00], // 0xFA
    [0x18, 0x38, 0x18, 0x18, 0x3C, 0x00, 0x00, 0x00], // 0xFB
    [0x3C, 0x06, 0x1C, 0x06, 0x3C, 0x00, 0x00, 0x00], // 0xFC
    [0x3C, 0x06, 0x1C, 0x30, 0x3E, 0x00, 0x00, 0x00], // 0xFD
    [0xFF, 0xFF, 0xFF, 0xFF, 0xFF, 0xFF, 0xFF, 0xFF], // 0xFE
    [0x00, 0x00, 0x00, 0x00, 0x00, 0x00, 0x00, 0x00], // 0xFF
];

pub const MSX_ARABIC_AX500: Font = [
    [0x00, 0x00, 0x00, 0x00, 0x00, 0x00, 0x00, 0x00], // 0x00
    [0x00, 0x00, 0x00, 0x00, 0x00, 0x00, 0x00, 0x00], // 0x01
    [0x00, 0x00, 0x00, 0x00, 0x00, 0x00, 0x00, 0x00], // 0x02
    [0x00, 0x00, 0x00, 0x00, 0x00, 0x00, 0x00, 0x00], // 0x03
    [0x00, 0x00, 0x00, 0x00, 0x00, 0x00, 0x00, 0x00], // 0x04
    [0x00, 0x00, 0x00, 0x00, 0x00, 0x00, 0x00, 0x00], // 0x05
    [0x00, 0x00, 0x00, 0x00, 0x00, 0x00, 0x00, 0x00], // 0x06
    [0x00, 0x00, 0x00, 0x00, 0x00, 0x00, 0x00, 0x00], // 0x07
    [0x00, 0x00, 0x00, 0x00, 0x00, 0x00, 0x00, 0x00], // 0x08
    [0x00, 0x00, 0x00, 0x00, 0x00, 0x00, 0x00, 0x00], // 0x09
    [0x00, 0x00, 0x00, 0x00, 0x00, 0x00, 0x00, 0x00], // 0x0A
    [0x00, 0x00, 0x00, 0x00, 0x00, 0x00, 0x00, 0x00], // 0x0B
    [0x00, 0x00, 0x00, 0x00, 0x00, 0x00, 0x00, 0x00], // 0x0C
    [0x00, 0x00, 0x00, 0x00, 0x00, 0x00, 0x00, 0x00], // 0x0D
    [0x00, 0x00, 0x00, 0x00, 0x00, 0x00, 0x00, 0x00], // 0x0E
    [0x00, 0x00, 0x00, 0x00, 0x00, 0x00, 0x00, 0x00], // 0x0F
    [0x00, 0x7C, 0x28, 0x28, 0x28, 0x4E, 0x00, 0x00], // 0x10
    [0x10, 0x10, 0x10, 0xFF, 0x00, 0x00, 0x00, 0x00], // 0x11
    [0x00, 0x00, 0x00, 0xFF, 0x10, 0x10, 0x10, 0x10], // 0x12
    [0x10, 0x10, 0x10, 0xF0, 0x10, 0x10, 0x10, 0x10], // 0x13
    [0x10, 0x10, 0x10, 0x1F, 0x10, 0x10, 0x10, 0x10], // 0x14
    [0x10, 0x10, 0x10, 0xFF, 0x10, 0x10, 0x10, 0x10], // 0x15
    [0x10, 0x10, 0x10, 0x10, 0x10, 0x10, 0x10, 0x10], // 0x16
    [0x00, 0x00, 0x00, 0xFF, 0x00, 0x00, 0x00, 0x00], // 0x17
    [0x00, 0x00, 0x00, 0x1F, 0x10, 0x10, 0x10, 0x10], // 0x18
    [0x00, 0x00, 0x00, 0xF0, 0x10, 0x10, 0x10, 0x10], // 0x19
    [0x10, 0x10, 0x10, 0x1F, 0x00, 0x00, 0x00, 0x00], // 0x1A
    [0x10, 0x10, 0x10, 0xF0, 0x00, 0x00, 0x00, 0x00], // 0x1B
    [0x81, 0x42, 0x24, 0x18, 0x18, 0x24, 0x42, 0x81], // 0x1C
    [0x00, 0x00, 0x00, 0x00, 0x00, 0x00, 0x00, 0x00], // 0x1D
    [0x00, 0x00, 0x00, 0x00, 0x00, 0x00, 0x00, 0x00], // 0x1E
    [0x00, 0x00, 0x00, 0x00, 0x00, 0x00, 0x00, 0x00], // 0x1F
    [0x00, 0x00, 0x00, 0x00, 0x00, 0x00, 0x00, 0x00], // 0x20
    [0x10, 0x10, 0x10, 0x10, 0x00, 0x00, 0x10, 0x00], // 0x21
    [0x28, 0x28, 0x28, 0x00, 0x00, 0x00, 0x00, 0x00], // 0x22
    [0x28, 0x28, 0x7C, 0x28, 0x7C, 0x28, 0x28, 0x00], // 0x23
    [0x10, 0x3C, 0x50, 0x38, 0x14, 0x78, 0x10, 0x00], // 0x24
    [0x60, 0x64, 0x08, 0x10, 0x20, 0x4C, 0x0C, 0x00], // 0x25
    [0x20, 0x50, 0x20, 0x54, 0x48, 0x4C, 0x30, 0x00], // 0x26
    [0x08, 0x10, 0x20, 0x00, 0x00, 0x00, 0x00, 0x00], // 0x27
    [0x08, 0x10, 0x20, 0x20, 0x20, 0x10, 0x08, 0x00], // 0x28
    [0x20, 0x10, 0x08, 0x08, 0x08, 0x10, 0x20, 0x00], // 0x29
    [0x10, 0x54, 0x38, 0x10, 0x38, 0x54, 0x10, 0x00], // 0x2A
    [0x00, 0x10, 0x10, 0x7C, 0x10, 0x10, 0x00, 0x00], // 0x2B
    [0x00, 0x00, 0x00, 0x00, 0x00, 0x10, 0x10, 0x20], // 0x2C
    [0x00, 0x00, 0x00, 0x3C, 0x00, 0x00, 0x00, 0x00], // 0x2D
    [0x00, 0x00, 0x00, 0x00, 0x00, 0x30, 0x30, 0x00], // 0x2E
    [0x00, 0x00, 0x04, 0x08, 0x10, 0x20, 0x40, 0x00], // 0x2F
    [0x38, 0x44, 0x4C, 0x54, 0x64, 0x44, 0x38, 0x00], // 0x30
    [0x10, 0x30, 0x50, 0x10, 0x10, 0x10, 0x7C, 0x00], // 0x31
    [0x38, 0x44, 0x04, 0x08, 0x30, 0x40, 0x7C, 0x00], // 0x32
    [0x38, 0x44, 0x04, 0x18, 0x04, 0x44, 0x38, 0x00], // 0x33
    [0x08, 0x18, 0x28, 0x48, 0x7C, 0x08, 0x08, 0x00], // 0x34
    [0x7C, 0x40, 0x70, 0x08, 0x04, 0x08, 0x70, 0x00], // 0x35
    [0x18, 0x20, 0x40, 0x78, 0x44, 0x44, 0x38, 0x00], // 0x36
    [0x7C, 0x44, 0x08, 0x10, 0x10, 0x10, 0x10, 0x00], // 0x37
    [0x38, 0x44, 0x44, 0x38, 0x44, 0x44, 0x38, 0x00], // 0x38
    [0x38, 0x44, 0x44, 0x3C, 0x04, 0x08, 0x30, 0x00], // 0x39
    [0x00, 0x00, 0x10, 0x00, 0x00, 0x10, 0x00, 0x00], // 0x3A
    [0x00, 0x00, 0x10, 0x00, 0x00, 0x10, 0x10, 0x20], // 0x3B
    [0x0C, 0x18, 0x30, 0x60, 0x30, 0x18, 0x0C, 0x00], // 0x3C
    [0x00, 0x00, 0x7C, 0x00, 0x7C, 0x00, 0x00, 0x00], // 0x3D
    [0x60, 0x30, 0x18, 0x0C, 0x18, 0x30, 0x60, 0x00], // 0x3E
    [0x38, 0x44, 0x04, 0x08, 0x10, 0x00, 0x10, 0x00], // 0x3F
    [0x38, 0x44, 0x04, 0x34, 0x54, 0x54, 0x38, 0x00], // 0x40
    [0x10, 0x28, 0x44, 0x44, 0x7C, 0x44, 0x44, 0x00], // 0x41
    [0x78, 0x24, 0x24, 0x38, 0x24, 0x24, 0x78, 0x00], // 0x42
    [0x18, 0x24, 0x40, 0x40, 0x40, 0x24, 0x18, 0x00], // 0x43
    [0x70, 0x28, 0x24, 0x24, 0x24, 0x28, 0x70, 0x00], // 0x44
    [0x7C, 0x40, 0x40, 0x78, 0x40, 0x40, 0x7C, 0x00], // 0x45
    [0x7C, 0x40, 0x40, 0x78, 0x40, 0x40, 0x40, 0x00], // 0x46
    [0x38, 0x44, 0x40, 0x5C, 0x44, 0x44, 0x38, 0x00], // 0x47
    [0x44, 0x44, 0x44, 0x7C, 0x44, 0x44, 0x44, 0x00], // 0x48
    [0x38, 0x10, 0x10, 0x10, 0x10, 0x10, 0x38, 0x00], // 0x49
    [0x1C, 0x08, 0x08, 0x08, 0x48, 0x48, 0x30, 0x00], // 0x4A
    [0x44, 0x48, 0x50, 0x60, 0x50, 0x48, 0x44, 0x00], // 0x4B
    [0x40, 0x40, 0x40, 0x40, 0x40, 0x40, 0x7C, 0x00], // 0x4C
    [0x44, 0x6C, 0x54, 0x54, 0x44, 0x44, 0x44, 0x00], // 0x4D
    [0x44, 0x64, 0x64, 0x54, 0x4C, 0x4C, 0x44, 0x00], // 0x4E
    [0x38, 0x44, 0x44, 0x44, 0x44, 0x44, 0x38, 0x00], // 0x4F
    [0x78, 0x44, 0x44, 0x78, 0x40, 0x40, 0x40, 0x00], // 0x50
    [0x38, 0x44, 0x44, 0x44, 0x54, 0x48, 0x34, 0x00], // 0x51
    [0x78, 0x44, 0x44, 0x78, 0x50, 0x48, 0x44, 0x00], // 0x52
    [0x38, 0x44, 0x40, 0x38, 0x04, 0x44, 0x38, 0x00], // 0x53
    [0x7C, 0x10, 0x10, 0x10, 0x10, 0x10, 0x10, 0x00], // 0x54
    [0x44, 0x44, 0x44, 0x44, 0x44, 0x44, 0x38, 0x00], // 0x55
    [0x44, 0x44, 0x44, 0x44, 0x28, 0x28, 0x10, 0x00], // 0x56
    [0x44, 0x44, 0x44, 0x54, 0x54, 0x6C, 0x44, 0x00], // 0x57
    [0x44, 0x44, 0x28, 0x10, 0x28, 0x44, 0x44, 0x00], // 0x58
    [0x44, 0x44, 0x44, 0x38, 0x10, 0x10, 0x10, 0x00], // 0x59
    [0x7C, 0x04, 0x08, 0x10, 0x20, 0x40, 0x7C, 0x00], // 0x5A
    [0x38, 0x20, 0x20, 0x20, 0x20, 0x20, 0x38, 0x00], // 0x5B
    [0x00, 0x00, 0x40, 0x20, 0x10, 0x08, 0x04, 0x00], // 0x5C
    [0x38, 0x08, 0x08, 0x08, 0x08, 0x08, 0x38, 0x00], // 0x5D
    [0x10, 0x28, 0x44, 0x00, 0x00, 0x00, 0x00, 0x00], // 0x5E
    [0x00, 0x00, 0x00, 0x00, 0x00, 0x00, 0x7C, 0x00], // 0x5F
    [0x20, 0x10, 0x08, 0x00, 0x00, 0x00, 0x00, 0x00], // 0x60
    [0x00, 0x00, 0x38, 0x04, 0x3C, 0x44, 0x3C, 0x00], // 0x61
    [0x40, 0x40, 0x58, 0x64, 0x44, 0x64, 0x58, 0x00], // 0x62
    [0x00, 0x00, 0x38, 0x44, 0x40, 0x44, 0x38, 0x00], // 0x63
    [0x04, 0x04, 0x34, 0x4C, 0x44, 0x4C, 0x34, 0x00], // 0x64
    [0x00, 0x00, 0x38, 0x44, 0x7C, 0x40, 0x38, 0x00], // 0x65
    [0x08, 0x14, 0x10, 0x7C, 0x10, 0x10, 0x10, 0x00], // 0x66
    [0x00, 0x00, 0x34, 0x4C, 0x4C, 0x34, 0x04, 0x38], // 0x67
    [0x40, 0x40, 0x78, 0x44, 0x44, 0x44, 0x44, 0x00], // 0x68
    [0x10, 0x00, 0x30, 0x10, 0x10, 0x10, 0x38, 0x00], // 0x69
    [0x08, 0x00, 0x18, 0x08, 0x08, 0x08, 0x48, 0x30], // 0x6A
    [0x20, 0x20, 0x24, 0x28, 0x30, 0x28, 0x24, 0x00], // 0x6B
    [0x30, 0x10, 0x10, 0x10, 0x10, 0x10, 0x38, 0x00], // 0x6C
    [0x00, 0x00, 0x68, 0x54, 0x54, 0x54, 0x54, 0x00], // 0x6D
    [0x00, 0x00, 0x58, 0x64, 0x44, 0x44, 0x44, 0x00], // 0x6E
    [0x00, 0x00, 0x38, 0x44, 0x44, 0x44, 0x38, 0x00], // 0x6F
    [0x00, 0x00, 0x58, 0x64, 0x64, 0x58, 0x40, 0x40], // 0x70
    [0x00, 0x00, 0x34, 0x4C, 0x4C, 0x34, 0x04, 0x04], // 0x71
    [0x00, 0x00, 0x58, 0x64, 0x40, 0x40, 0x40, 0x00], // 0x72
    [0x00, 0x00, 0x3C, 0x40, 0x78, 0x04, 0x78, 0x00], // 0x73
    [0x20, 0x20, 0x78, 0x20, 0x20, 0x24, 0x18, 0x00], // 0x74
    [0x00, 0x00, 0x48, 0x48, 0x48, 0x48, 0x34, 0x00], // 0x75
    [0x00, 0x00, 0x44, 0x44, 0x44, 0x28, 0x10, 0x00], // 0x76
    [0x00, 0x00, 0x44, 0x54, 0x54, 0x54, 0x28, 0x00], // 0x77
    [0x00, 0x00, 0x44, 0x28, 0x10, 0x28, 0x44, 0x00], // 0x78
    [0x00, 0x00, 0x44, 0x44, 0x4C, 0x34, 0x04, 0x38], // 0x79
    [0x00, 0x00, 0x7C, 0x08, 0x10, 0x20, 0x7C, 0x00], // 0x7A
    [0x0C, 0x10, 0x10, 0x20, 0x10, 0x10, 0x0C, 0x00], // 0x7B
    [0x10, 0x10, 0x10, 0x00, 0x10, 0x10, 0x10, 0x00], // 0x7C
    [0x60, 0x10, 0x10, 0x08, 0x10, 0x10, 0x60, 0x00], // 0x7D
    [0x20, 0x54, 0x08, 0x00, 0x00, 0x00, 0x00, 0x00], // 0x7E
    [0x00, 0x00, 0x00, 0x00, 0x00, 0x00, 0x00, 0x00], // 0x7F
    [0x00, 0x00, 0x00, 0x00, 0x00, 0x00, 0x00, 0x00], // 0x80
    [0x10, 0x10, 0x10, 0x10, 0x00, 0x00, 0x10, 0x00], // 0x81
    [0x28, 0x28, 0x28, 0x00, 0x00, 0x00, 0x00, 0x00], // 0x82
    [0x28, 0x28, 0x7C, 0x28, 0x7C, 0x28, 0x28, 0x00], // 0x83
    [0x10, 0x3C, 0x50, 0x38, 0x14, 0x78, 0x10, 0x00], // 0x84
    [0x60, 0x64, 0x08, 0x10, 0x20, 0x4C, 0x0C, 0x00], // 0x85
    [0x20, 0x50, 0x20, 0x54, 0x48, 0x4C, 0x30, 0x00], // 0x86
    [0x08, 0x10, 0x20, 0x00, 0x00, 0x00, 0x00, 0x00], // 0x87
    [0x20, 0x10, 0x08, 0x08, 0x08, 0x10, 0x20, 0x00], // 0x88
    [0x08, 0x10, 0x20, 0x20, 0x20, 0x10, 0x08, 0x00], // 0x89
    [0x10, 0x54, 0x38, 0x10, 0x38, 0x54, 0x10, 0x00], // 0x8A
    [0x00, 0x10, 0x10, 0x7C, 0x10, 0x10, 0x00, 0x00], // 0x8B
    [0x00, 0x00, 0x10, 0x20, 0x30, 0x30, 0x00, 0x00], // 0x8C
    [0x00, 0x00, 0x00, 0x3C, 0x00, 0x00, 0x00, 0x00], // 0x8D
    [0x00, 0x00, 0x00, 0x00, 0x00, 0x30, 0x30, 0x00], // 0x8E
    [0x00, 0x00, 0x04, 0x08, 0x10, 0x20, 0x40, 0x00], // 0x8F
    [0x00, 0x00, 0x10, 0x38, 0x38, 0x10, 0x00, 0x00], // 0x90
    [0x00, 0x10, 0x30, 0x10, 0x10, 0x10, 0x10, 0x00], // 0x91
    [0x00, 0x78, 0x40, 0x40, 0x20, 0x10, 0x08, 0x00], // 0x92
    [0x00, 0x54, 0x54, 0x7C, 0x40, 0x40, 0x40, 0x00], // 0x93
    [0x00, 0x78, 0x40, 0x20, 0x20, 0x40, 0x78, 0x00], // 0x94
    [0x00, 0x10, 0x28, 0x44, 0x44, 0x44, 0x38, 0x00], // 0x95
    [0x00, 0x7C, 0x04, 0x04, 0x04, 0x04, 0x04, 0x00], // 0x96
    [0x00, 0x44, 0x44, 0x44, 0x28, 0x28, 0x10, 0x00], // 0x97
    [0x00, 0x10, 0x28, 0x28, 0x44, 0x44, 0x44, 0x00], // 0x98
    [0x00, 0x3C, 0x24, 0x3C, 0x04, 0x04, 0x04, 0x00], // 0x99
    [0x00, 0x00, 0x10, 0x00, 0x00, 0x10, 0x00, 0x00], // 0x9A
    [0x00, 0x10, 0x20, 0x30, 0x00, 0x30, 0x30, 0x00], // 0x9B
    [0x60, 0x30, 0x18, 0x0C, 0x18, 0x30, 0x60, 0x00], // 0x9C
    [0x00, 0x00, 0x7C, 0x00, 0x7C, 0x00, 0x00, 0x00], // 0x9D
    [0x0C, 0x18, 0x30, 0x60, 0x30, 0x18, 0x0C, 0x00], // 0x9E
    [0x38, 0x44, 0x40, 0x20, 0x10, 0x10, 0x00, 0x10], // 0x9F
    [0x38, 0x44, 0x04, 0x34, 0x54, 0x54, 0x38, 0x00], // 0xA0
    [0x0C, 0x18, 0x01, 0x01, 0xFE, 0x00, 0x00, 0x00], // 0xA1
    [0x30, 0x60, 0x00, 0x06, 0x89, 0x84, 0x78, 0x00], // 0xA2
    [0x00, 0x00, 0x01, 0x01, 0xFE, 0x00, 0x08, 0x00], // 0xA3
    [0x00, 0x00, 0x41, 0x41, 0x3E, 0x00, 0x08, 0x00], // 0xA4
    [0x00, 0x14, 0x01, 0x01, 0xFE, 0x00, 0x00, 0x00], // 0xA5
    [0x00, 0x14, 0x41, 0x41, 0x3E, 0x00, 0x00, 0x00], // 0xA6
    [0x08, 0x14, 0x01, 0x01, 0xFE, 0x00, 0x00, 0x00], // 0xA7
    [0x08, 0x14, 0x41, 0x41, 0x3E, 0x00, 0x00, 0x00], // 0xA8
    [0x00, 0x00, 0x1C, 0x02, 0xFF, 0x00, 0x08, 0x00], // 0xA9
    [0x00, 0x00, 0x1C, 0x02, 0x1F, 0x20, 0x24, 0x1F], // 0xAA
    [0x00, 0x00, 0x1C, 0x02, 0xFF, 0x00, 0x00, 0x00], // 0xAB
    [0x00, 0x00, 0x1C, 0x02, 0x1F, 0x20, 0x20, 0x1F], // 0xAC
    [0x08, 0x00, 0x1C, 0x02, 0xFF, 0x00, 0x00, 0x00], // 0xAD
    [0x08, 0x00, 0x1C, 0x02, 0x1F, 0x20, 0x20, 0x1F], // 0xAE
    [0x00, 0x00, 0x00, 0x15, 0xFF, 0x00, 0x00, 0x00], // 0xAF
    [0x00, 0x00, 0x00, 0x55, 0x5F, 0x50, 0x20, 0x00], // 0xB0
    [0x04, 0x0A, 0x00, 0x15, 0xFF, 0x00, 0x00, 0x00], // 0xB1
    [0x04, 0x0A, 0x00, 0x55, 0x5F, 0x50, 0x20, 0x00], // 0xB2
    [0x00, 0x00, 0x07, 0x29, 0xFF, 0x00, 0x00, 0x00], // 0xB3
    [0x00, 0x00, 0x07, 0x59, 0x5F, 0x50, 0x20, 0x00], // 0xB4
    [0x02, 0x00, 0x07, 0x29, 0xFF, 0x00, 0x00, 0x00], // 0xB5
    [0x02, 0x00, 0x07, 0x59, 0x5F, 0x50, 0x20, 0x00], // 0xB6
    [0x10, 0x10, 0x17, 0x19, 0xFF, 0x00, 0x00, 0x00], // 0xB7
    [0x12, 0x10, 0x17, 0x19, 0xFF, 0x00, 0x00, 0x00], // 0xB8
    [0x00, 0x0E, 0x10, 0x10, 0xFE, 0x00, 0x00, 0x00], // 0xB9
    [0x00, 0x0E, 0x08, 0x1E, 0x20, 0x20, 0x1E, 0x00], // 0xBA
    [0x1C, 0x04, 0x04, 0x04, 0x04, 0x04, 0x1C, 0x00], // 0xBB
    [0x00, 0x00, 0x20, 0x10, 0x08, 0x04, 0x02, 0x00], // 0xBC
    [0x1C, 0x10, 0x10, 0x10, 0x10, 0x10, 0x1C, 0x00], // 0xBD
    [0x08, 0x14, 0x22, 0x00, 0x00, 0x00, 0x00, 0x00], // 0xBE
    [0x00, 0x00, 0x00, 0x00, 0x00, 0x00, 0x3E, 0x00], // 0xBF
    [0x00, 0x00, 0x0F, 0x06, 0xFB, 0x00, 0x00, 0x00], // 0xC0
    [0x00, 0x00, 0x3C, 0x18, 0x2F, 0x40, 0x3E, 0x00], // 0xC1
    [0x20, 0x0E, 0x10, 0x10, 0xFE, 0x00, 0x00, 0x00], // 0xC2
    [0x10, 0x0E, 0x08, 0x1E, 0x20, 0x20, 0x1E, 0x00], // 0xC3
    [0x02, 0x00, 0x0F, 0x06, 0xFB, 0x00, 0x00, 0x00], // 0xC4
    [0x08, 0x00, 0x3C, 0x18, 0x2F, 0x40, 0x3E, 0x00], // 0xC5
    [0x02, 0x00, 0x07, 0x05, 0xFF, 0x00, 0x00, 0x00], // 0xC6
    [0x02, 0x00, 0x87, 0x85, 0x7F, 0x00, 0x00, 0x00], // 0xC7
    [0x05, 0x00, 0x07, 0x05, 0xFF, 0x00, 0x00, 0x00], // 0xC8
    [0x05, 0x00, 0x07, 0x45, 0x47, 0x41, 0x3E, 0x00], // 0xC9
    [0x1E, 0x20, 0x3E, 0x01, 0xFF, 0x00, 0x00, 0x00], // 0xCA
    [0x01, 0x0D, 0x59, 0x41, 0x3E, 0x00, 0x00, 0x00], // 0xCB
    [0x01, 0x01, 0x01, 0x01, 0xFE, 0x00, 0x00, 0x00], // 0xCC
    [0x01, 0x01, 0x01, 0x01, 0x21, 0x21, 0x1E, 0x00], // 0xCD
    [0x00, 0x00, 0x02, 0x05, 0xFD, 0x02, 0x00, 0x00], // 0xCE
    [0x00, 0x00, 0x02, 0x05, 0x1D, 0x22, 0x20, 0x20], // 0xCF
    [0x08, 0x00, 0x01, 0x01, 0xFE, 0x00, 0x00, 0x00], // 0xD0
    [0x00, 0x08, 0x00, 0x41, 0x41, 0x41, 0x3E, 0x00], // 0xD1
    [0x00, 0x0E, 0x01, 0x0D, 0xFF, 0x00, 0x00, 0x00], // 0xD2
    [0x00, 0x00, 0x07, 0x05, 0x07, 0x00, 0x00, 0x00], // 0xD3
    [0x00, 0x00, 0x01, 0x01, 0xFE, 0x00, 0x14, 0x00], // 0xD4
    [0x00, 0x03, 0x04, 0x43, 0x41, 0x3E, 0x00, 0x14], // 0xD5
    [0x00, 0x00, 0x00, 0x0E, 0x89, 0x84, 0x7C, 0x28], // 0xD6
    [0x1C, 0x20, 0x08, 0x08, 0x08, 0x08, 0x00, 0x00], // 0xD7
    [0x38, 0x50, 0x10, 0x10, 0x1F, 0x00, 0x00, 0x00], // 0xD8
    [0x0C, 0x18, 0x04, 0x04, 0x04, 0x04, 0x00, 0x00], // 0xD9
    [0x30, 0x60, 0x10, 0x10, 0x1F, 0x00, 0x00, 0x00], // 0xDA
    [0x60, 0x10, 0x10, 0x08, 0x10, 0x10, 0x60, 0x00], // 0xDB
    [0x10, 0x10, 0x10, 0x00, 0x10, 0x10, 0x10, 0x00], // 0xDC
    [0x0C, 0x10, 0x10, 0x20, 0x10, 0x10, 0x0C, 0x00], // 0xDD
    [0x20, 0x54, 0x08, 0x00, 0x00, 0x00, 0x00, 0x00], // 0xDE
    [0x06, 0x0C, 0x02, 0x05, 0x07, 0x01, 0x3E, 0x00], // 0xDF
    [0x08, 0x08, 0x08, 0x08, 0x00, 0x0C, 0x18, 0x00], // 0xE0
    [0x10, 0x10, 0x10, 0x10, 0x1F, 0x00, 0x18, 0x30], // 0xE1
    [0x08, 0x08, 0x08, 0x08, 0x08, 0x00, 0x00, 0x00], // 0xE2
    [0x10, 0x10, 0x10, 0x10, 0x1F, 0x00, 0x00, 0x00], // 0xE3
    [0x05, 0x00, 0x07, 0x05, 0x07, 0x00, 0x00, 0x00], // 0xE4
    [0x00, 0x04, 0x02, 0x11, 0x1F, 0x00, 0x00, 0x00], // 0xE5
    [0x10, 0x04, 0x02, 0x11, 0x1F, 0x00, 0x00, 0x00], // 0xE6
    [0x00, 0x00, 0x00, 0x01, 0x01, 0x02, 0x3C, 0x00], // 0xE7
    [0x00, 0x02, 0x00, 0x01, 0x01, 0x02, 0x3C, 0x00], // 0xE8
    [0x00, 0x00, 0x02, 0x05, 0x07, 0x01, 0x3E, 0x00], // 0xE9
    [0x00, 0x00, 0x03, 0x04, 0x43, 0x41, 0x3E, 0x00], // 0xEA
    [0x00, 0x00, 0x00, 0x0E, 0x89, 0x84, 0x7C, 0x00], // 0xEB
    [0x01, 0x01, 0x09, 0x05, 0x02, 0x1C, 0x00, 0x00], // 0xEC
    [0x31, 0x61, 0x09, 0x05, 0x02, 0x1C, 0x00, 0x00], // 0xED
    [0x39, 0x41, 0x09, 0x05, 0x02, 0x1C, 0x00, 0x00], // 0xEE
    [0x01, 0x01, 0x09, 0x05, 0x02, 0x1C, 0x03, 0x06], // 0xEF
    [0x00, 0x00, 0x0C, 0x08, 0x1C, 0x00, 0x00, 0x00], // 0xF0
    [0x00, 0x00, 0x00, 0x00, 0xFF, 0x00, 0x00, 0x00], // 0xF1
    [0x05, 0x0A, 0x00, 0x00, 0x00, 0x00, 0x00, 0x00], // 0xF2
    [0x1B, 0x09, 0x12, 0x00, 0x00, 0x00, 0x00, 0x00], // 0xF3
    [0x00, 0x00, 0x00, 0x00, 0x00, 0x00, 0x05, 0x0A], // 0xF4
    [0x01, 0x02, 0x00, 0x00, 0x00, 0x00, 0x00, 0x00], // 0xF5
    [0x01, 0x02, 0x00, 0x00, 0xFF, 0x00, 0x00, 0x00], // 0xF6
    [0x03, 0x01, 0x06, 0x00, 0x00, 0x00, 0x00, 0x00], // 0xF7
    [0x03, 0x01, 0x06, 0x00, 0xFF, 0x00, 0x00, 0x00], // 0xF8
    [0x00, 0x00, 0x00, 0x00, 0x00, 0x00, 0x01, 0x02], // 0xF9
    [0x00, 0x00, 0x00, 0x00, 0xFF, 0x00, 0x01, 0x02], // 0xFA
    [0x15, 0x0A, 0x00, 0x00, 0x00, 0x00, 0x00, 0x00], // 0xFB
    [0x15, 0x0A, 0x00, 0x00, 0xFF, 0x00, 0x00, 0x00], // 0xFC
    [0x03, 0x05, 0x06, 0x00, 0x00, 0x00, 0x00, 0x00], // 0xFD
    [0x03, 0x05, 0x06, 0x00, 0xFF, 0x00, 0x00, 0x00], // 0xFE
    [0x00, 0x00, 0x00, 0x00, 0x00, 0x00, 0x00, 0x00], // 0xFF
];

pub const MSX_RUSSIAN: Font = [
    [0x00, 0x00, 0x00, 0x00, 0x00, 0x00, 0x00, 0x00], // 0x00
    [0x3C, 0x42, 0xA5, 0x81, 0xA5, 0x99, 0x42, 0x3C], // 0x01
    [0x3C, 0x7E, 0xDB, 0xFF, 0xFF, 0xDB, 0x66, 0x3C], // 0x02
    [0x6C, 0xFE, 0xFE, 0xFE, 0x7C, 0x38, 0x10, 0x00], // 0x03
    [0x10, 0x38, 0x7C, 0xFE, 0x7C, 0x38, 0x10, 0x00], // 0x04
    [0x10, 0x38, 0x54, 0xFE, 0x54, 0x10, 0x38, 0x00], // 0x05
    [0x10, 0x38, 0x7C, 0xFE, 0xFE, 0x10, 0x38, 0x00], // 0x06
    [0x00, 0x00, 0x00, 0x30, 0x30, 0x00, 0x00, 0x00], // 0x07
    [0xFF, 0xFF, 0xFF, 0xE7, 0xE7, 0xFF, 0xFF, 0xFF], // 0x08
    [0x38, 0x44, 0x82, 0x82, 0x82, 0x44, 0x38, 0x00], // 0x09
    [0xC7, 0xBB, 0x7D, 0x7D, 0x7D, 0xBB, 0xC7, 0xFF], // 0x0A
    [0x0F, 0x03, 0x05, 0x79, 0x88, 0x88, 0x88, 0x70], // 0x0B
    [0x38, 0x44, 0x44, 0x44, 0x38, 0x10, 0x7C, 0x10], // 0x0C
    [0x30, 0x28, 0x24, 0x24, 0x28, 0x20, 0xE0, 0xC0], // 0x0D
    [0x3C, 0x24, 0x3C, 0x24, 0x24, 0xE4, 0xDC, 0x18], // 0x0E
    [0x10, 0x54, 0x38, 0xEE, 0x38, 0x54, 0x10, 0x00], // 0x0F
    [0x10, 0x10, 0x10, 0x7C, 0x10, 0x10, 0x10, 0x10], // 0x10
    [0x10, 0x10, 0x10, 0xFF, 0x00, 0x00, 0x00, 0x00], // 0x11
    [0x00, 0x00, 0x00, 0xFF, 0x10, 0x10, 0x10, 0x10], // 0x12
    [0x10, 0x10, 0x10, 0xF0, 0x10, 0x10, 0x10, 0x10], // 0x13
    [0x10, 0x10, 0x10, 0x1F, 0x10, 0x10, 0x10, 0x10], // 0x14
    [0x10, 0x10, 0x10, 0xFF, 0x10, 0x10, 0x10, 0x10], // 0x15
    [0x10, 0x10, 0x10, 0x10, 0x10, 0x10, 0x10, 0x10], // 0x16
    [0x00, 0x00, 0x00, 0xFF, 0x00, 0x00, 0x00, 0x00], // 0x17
    [0x00, 0x00, 0x00, 0x1F, 0x10, 0x10, 0x10, 0x10], // 0x18
    [0x00, 0x00, 0x00, 0xF0, 0x10, 0x10, 0x10, 0x10], // 0x19
    [0x10, 0x10, 0x10, 0x1F, 0x00, 0x00, 0x00, 0x00], // 0x1A
    [0x10, 0x10, 0x10, 0xF0, 0x00, 0x00, 0x00, 0x00], // 0x1B
    [0x81, 0x42, 0x24, 0x18, 0x18, 0x24, 0x42, 0x81], // 0x1C
    [0x01, 0x02, 0x04, 0x08, 0x10, 0x20, 0x40, 0x80], // 0x1D
    [0x80, 0x40, 0x20, 0x10, 0x08, 0x04, 0x02, 0x01], // 0x1E
    [0x00, 0x10, 0x10, 0xFF, 0x10, 0x10, 0x00, 0x00], // 0x1F
    [0x00, 0x00, 0x00, 0x00, 0x00, 0x00, 0x00, 0x00], // 0x20
    [0x20, 0x20, 0x20, 0x20, 0x00, 0x00, 0x20, 0x00], // 0x21
    [0x50, 0x50, 0x50, 0x00, 0x00, 0x00, 0x00, 0x00], // 0x22
    [0x50, 0x50, 0xF8, 0x50, 0xF8, 0x50, 0x50, 0x00], // 0x23
    [0x20, 0x78, 0xA0, 0x70, 0x28, 0xF0, 0x20, 0x00], // 0x24
    [0xC0, 0xC8, 0x10, 0x20, 0x40, 0x98, 0x18, 0x00], // 0x25
    [0x40, 0xA0, 0x40, 0xA8, 0x90, 0x98, 0x60, 0x00], // 0x26
    [0x10, 0x20, 0x40, 0x00, 0x00, 0x00, 0x00, 0x00], // 0x27
    [0x10, 0x20, 0x40, 0x40, 0x40, 0x20, 0x10, 0x00], // 0x28
    [0x40, 0x20, 0x10, 0x10, 0x10, 0x20, 0x40, 0x00], // 0x29
    [0x88, 0x50, 0x20, 0xF8, 0x20, 0x50, 0x88, 0x00], // 0x2A
    [0x00, 0x20, 0x20, 0xF8, 0x20, 0x20, 0x00, 0x00], // 0x2B
    [0x00, 0x00, 0x00, 0x00, 0x00, 0x20, 0x20, 0x40], // 0x2C
    [0x00, 0x00, 0x00, 0x78, 0x00, 0x00, 0x00, 0x00], // 0x2D
    [0x00, 0x00, 0x00, 0x00, 0x00, 0x60, 0x60, 0x00], // 0x2E
    [0x00, 0x00, 0x08, 0x10, 0x20, 0x40, 0x80, 0x00], // 0x2F
    [0x70, 0x88, 0x98, 0xA8, 0xC8, 0x88, 0x70, 0x00], // 0x30
    [0x20, 0x60, 0xA0, 0x20, 0x20, 0x20, 0xF8, 0x00], // 0x31
    [0x70, 0x88, 0x08, 0x10, 0x60, 0x80, 0xF8, 0x00], // 0x32
    [0x70, 0x88, 0x08, 0x30, 0x08, 0x88, 0x70, 0x00], // 0x33
    [0x10, 0x30, 0x50, 0x90, 0xF8, 0x10, 0x10, 0x00], // 0x34
    [0xF8, 0x80, 0xE0, 0x10, 0x08, 0x10, 0xE0, 0x00], // 0x35
    [0x30, 0x40, 0x80, 0xF0, 0x88, 0x88, 0x70, 0x00], // 0x36
    [0xF8, 0x88, 0x10, 0x20, 0x20, 0x20, 0x20, 0x00], // 0x37
    [0x70, 0x88, 0x88, 0x70, 0x88, 0x88, 0x70, 0x00], // 0x38
    [0x70, 0x88, 0x88, 0x78, 0x08, 0x10, 0x60, 0x00], // 0x39
    [0x00, 0x00, 0x20, 0x00, 0x00, 0x20, 0x00, 0x00], // 0x3A
    [0x00, 0x00, 0x20, 0x00, 0x00, 0x20, 0x20, 0x40], // 0x3B
    [0x18, 0x30, 0x60, 0xC0, 0x60, 0x30, 0x18, 0x00], // 0x3C
    [0x00, 0x00, 0xF8, 0x00, 0xF8, 0x00, 0x00, 0x00], // 0x3D
    [0xC0, 0x60, 0x30, 0x18, 0x30, 0x60, 0xC0, 0x00], // 0x3E
    [0x70, 0x88, 0x08, 0x10, 0x20, 0x00, 0x20, 0x00], // 0x3F
    [0x70, 0x88, 0x08, 0x68, 0xA8, 0xA8, 0x70, 0x00], // 0x40
    [0x20, 0x50, 0x88, 0x88, 0xF8, 0x88, 0x88, 0x00], // 0x41
    [0xF0, 0x48, 0x48, 0x70, 0x48, 0x48, 0xF0, 0x00], // 0x42
    [0x30, 0x48, 0x80, 0x80, 0x80, 0x48, 0x30, 0x00], // 0x43
    [0xE0, 0x50, 0x48, 0x48, 0x48, 0x50, 0xE0, 0x00], // 0x44
    [0xF8, 0x80, 0x80, 0xF0, 0x80, 0x80, 0xF8, 0x00], // 0x45
    [0xF8, 0x80, 0x80, 0xF0, 0x80, 0x80, 0x80, 0x00], // 0x46
    [0x70, 0x88, 0x80, 0xB8, 0x88, 0x88, 0x70, 0x00], // 0x47
    [0x88, 0x88, 0x88, 0xF8, 0x88, 0x88, 0x88, 0x00], // 0x48
    [0x70, 0x20, 0x20, 0x20, 0x20, 0x20, 0x70, 0x00], // 0x49
    [0x38, 0x10, 0x10, 0x10, 0x90, 0x90, 0x60, 0x00], // 0x4A
    [0x88, 0x90, 0xA0, 0xC0, 0xA0, 0x90, 0x88, 0x00], // 0x4B
    [0x80, 0x80, 0x80, 0x80, 0x80, 0x80, 0xF8, 0x00], // 0x4C
    [0x88, 0xD8, 0xA8, 0xA8, 0x88, 0x88, 0x88, 0x00], // 0x4D
    [0x88, 0xC8, 0xC8, 0xA8, 0x98, 0x98, 0x88, 0x00], // 0x4E
    [0x70, 0x88, 0x88, 0x88, 0x88, 0x88, 0x70, 0x00], // 0x4F
    [0xF0, 0x88, 0x88, 0xF0, 0x80, 0x80, 0x80, 0x00], // 0x50
    [0x70, 0x88, 0x88, 0x88, 0xA8, 0x90, 0x68, 0x00], // 0x51
    [0xF0, 0x88, 0x88, 0xF0, 0xA0, 0x90, 0x88, 0x00], // 0x52
    [0x70, 0x88, 0x80, 0x70, 0x08, 0x88, 0x70, 0x00], // 0x53
    [0xF8, 0x20, 0x20, 0x20, 0x20, 0x20, 0x20, 0x00], // 0x54
    [0x88, 0x88, 0x88, 0x88, 0x88, 0x88, 0x70, 0x00], // 0x55
    [0x88, 0x88, 0x88, 0x88, 0x50, 0x50, 0x20, 0x00], // 0x56
    [0x88, 0x88, 0x88, 0xA8, 0xA8, 0xD8, 0x88, 0x00], // 0x57
    [0x88, 0x88, 0x50, 0x20, 0x50, 0x88, 0x88, 0x00], // 0x58
    [0x88, 0x88, 0x88, 0x70, 0x20, 0x20, 0x20, 0x00], // 0x59
    [0xF8, 0x08, 0x10, 0x20, 0x40, 0x80, 0xF8, 0x00], // 0x5A
    [0x70, 0x40, 0x40, 0x40, 0x40, 0x40, 0x70, 0x00], // 0x5B
    [0x00, 0x00, 0x80, 0x40, 0x20, 0x10, 0x08, 0x00], // 0x5C
    [0x70, 0x10, 0x10, 0x10, 0x10, 0x10, 0x70, 0x00], // 0x5D
    [0x20, 0x50, 0x88, 0x00, 0x00, 0x00, 0x00, 0x00], // 0x5E
    [0x00, 0x00, 0x00, 0x00, 0x00, 0x00, 0xF8, 0x00], // 0x5F
    [0x40, 0x20, 0x10, 0x00, 0x00, 0x00, 0x00, 0x00], // 0x60
    [0x00, 0x00, 0x70, 0x08, 0x78, 0x88, 0x78, 0x00], // 0x61
    [0x80, 0x80, 0xB0, 0xC8, 0x88, 0xC8, 0xB0, 0x00], // 0x62
    [0x00, 0x00, 0x70, 0x88, 0x80, 0x88, 0x70, 0x00], // 0x63
    [0x08, 0x08, 0x68, 0x98, 0x88, 0x98, 0x68, 0x00], // 0x64
    [0x00, 0x00, 0x70, 0x88, 0xF8, 0x80, 0x70, 0x00], // 0x65
    [0x10, 0x28, 0x20, 0xF8, 0x20, 0x20, 0x20, 0x00], // 0x66
    [0x00, 0x00, 0x68, 0x98, 0x98, 0x68, 0x08, 0x70], // 0x67
    [0x80, 0x80, 0xF0, 0x88, 0x88, 0x88, 0x88, 0x00], // 0x68
    [0x20, 0x00, 0x60, 0x20, 0x20, 0x20, 0x70, 0x00], // 0x69
    [0x10, 0x00, 0x30, 0x10, 0x10, 0x10, 0x90, 0x60], // 0x6A
    [0x40, 0x40, 0x48, 0x50, 0x60, 0x50, 0x48, 0x00], // 0x6B
    [0x60, 0x20, 0x20, 0x20, 0x20, 0x20, 0x70, 0x00], // 0x6C
    [0x00, 0x00, 0xD0, 0xA8, 0xA8, 0xA8, 0xA8, 0x00], // 0x6D
    [0x00, 0x00, 0xB0, 0xC8, 0x88, 0x88, 0x88, 0x00], // 0x6E
    [0x00, 0x00, 0x70, 0x88, 0x88, 0x88, 0x70, 0x00], // 0x6F
    [0x00, 0x00, 0xB0, 0xC8, 0xC8, 0xB0, 0x80, 0x80], // 0x70
    [0x00, 0x00, 0x68, 0x98, 0x98, 0x68, 0x08, 0x08], // 0x71
    [0x00, 0x00, 0xB0, 0xC8, 0x80, 0x80, 0x80, 0x00], // 0x72
    [0x00, 0x00, 0x78, 0x80, 0xF0, 0x08, 0xF0, 0x00], // 0x73
    [0x40, 0x40, 0xF0, 0x40, 0x40, 0x48, 0x30, 0x00], // 0x74
    [0x00, 0x00, 0x90, 0x90, 0x90, 0x90, 0x68, 0x00], // 0x75
    [0x00, 0x00, 0x88, 0x88, 0x88, 0x50, 0x20, 0x00], // 0x76
    [0x00, 0x00, 0x88, 0xA8, 0xA8, 0xA8, 0x50, 0x00], // 0x77
    [0x00, 0x00, 0x88, 0x50, 0x20, 0x50, 0x88, 0x00], // 0x78
    [0x00, 0x00, 0x88, 0x88, 0x98, 0x68, 0x08, 0x70], // 0x79
    [0x00, 0x00, 0xF8, 0x10, 0x20, 0x40, 0xF8, 0x00], // 0x7A
    [0x18, 0x20, 0x20, 0x40, 0x20, 0x20, 0x18, 0x00], // 0x7B
    [0x20, 0x20, 0x20, 0x00, 0x20, 0x20, 0x20, 0x00], // 0x7C
    [0xC0, 0x20, 0x20, 0x10, 0x20, 0x20, 0xC0, 0x00], // 0x7D
    [0x40, 0xA8, 0x10, 0x00, 0x00, 0x00, 0x00, 0x00], // 0x7E
    [0x00, 0x00, 0x20, 0x50, 0xF8, 0x00, 0x00, 0x00], // 0x7F
    [0x00, 0x00, 0x00, 0x00, 0x00, 0x00, 0xFF, 0xFF], // 0x80
    [0xF0, 0xF0, 0xF0, 0xF0, 0x0F, 0x0F, 0x0F, 0x0F], // 0x81
    [0x00, 0x00, 0xFF, 0xFF, 0xFF, 0xFF, 0xFF, 0xFF], // 0x82
    [0xFF, 0xFF, 0x00, 0x00, 0x00, 0x00, 0x00, 0x00], // 0x83
    [0x00, 0x00, 0x00, 0x3C, 0x3C, 0x00, 0x00, 0x00], // 0x84
    [0xFF, 0xFF, 0xFF, 0xFF, 0xFF, 0xFF, 0x00, 0x00], // 0x85
    [0xC0, 0xC0, 0xC0, 0xC0, 0xC0, 0xC0, 0xC0, 0xC0], // 0x86
    [0x0F, 0x0F, 0x0F, 0x0F, 0xF0, 0xF0, 0xF0, 0xF0], // 0x87
    [0xFC, 0xFC, 0xFC, 0xFC, 0xFC, 0xFC, 0xFC, 0xFC], // 0x88
    [0x03, 0x03, 0x03, 0x03, 0x03, 0x03, 0x03, 0x03], // 0x89
    [0x3F, 0x3F, 0x3F, 0x3F, 0x3F, 0x3F, 0x3F, 0x3F], // 0x8A
    [0x11, 0x22, 0x44, 0x88, 0x11, 0x22, 0x44, 0x88], // 0x8B
    [0x88, 0x44, 0x22, 0x11, 0x88, 0x44, 0x22, 0x11], // 0x8C
    [0xFE, 0x7C, 0x38, 0x10, 0x00, 0x00, 0x00, 0x00], // 0x8D
    [0x00, 0x00, 0x00, 0x00, 0x10, 0x38, 0x7C, 0xFE], // 0x8E
    [0x80, 0xC0, 0xE0, 0xF0, 0xE0, 0xC0, 0x80, 0x00], // 0x8F
    [0x01, 0x03, 0x07, 0x0F, 0x07, 0x03, 0x01, 0x00], // 0x90
    [0xFF, 0x7E, 0x3C, 0x18, 0x18, 0x3C, 0x7E, 0xFF], // 0x91
    [0x81, 0xC3, 0xE7, 0xFF, 0xFF, 0xE7, 0xC3, 0x81], // 0x92
    [0xF0, 0xF0, 0xF0, 0xF0, 0x00, 0x00, 0x00, 0x00], // 0x93
    [0x00, 0x00, 0x00, 0x00, 0x0F, 0x0F, 0x0F, 0x0F], // 0x94
    [0x0F, 0x0F, 0x0F, 0x0F, 0x00, 0x00, 0x00, 0x00], // 0x95
    [0x00, 0x00, 0x00, 0x00, 0xF0, 0xF0, 0xF0, 0xF0], // 0x96
    [0x33, 0x33, 0xCC, 0xCC, 0x33, 0x33, 0xCC, 0xCC], // 0x97
    [0x00, 0x20, 0x20, 0x50, 0x50, 0x88, 0xF8, 0x00], // 0x98
    [0x20, 0x20, 0x70, 0x20, 0x70, 0x20, 0x20, 0x00], // 0x99
    [0x00, 0x00, 0x00, 0x50, 0x88, 0xA8, 0x50, 0x00], // 0x9A
    [0xFF, 0xFF, 0xFF, 0xFF, 0xFF, 0xFF, 0xFF, 0xFF], // 0x9B
    [0x00, 0x00, 0x00, 0x00, 0xFF, 0xFF, 0xFF, 0xFF], // 0x9C
    [0xF0, 0xF0, 0xF0, 0xF0, 0xF0, 0xF0, 0xF0, 0xF0], // 0x9D
    [0x0F, 0x0F, 0x0F, 0x0F, 0x0F, 0x0F, 0x0F, 0x0F], // 0x9E
    [0xFF, 0xFF, 0xFF, 0xFF, 0x00, 0x00, 0x00, 0x00], // 0x9F
    [0x00, 0x00, 0x68, 0x90, 0x90, 0x90, 0x68, 0x00], // 0xA0
    [0x30, 0x48, 0x48, 0x70, 0x48, 0x48, 0x70, 0xC0], // 0xA1
    [0xF8, 0x88, 0x80, 0x80, 0x80, 0x80, 0x80, 0x00], // 0xA2
    [0xF8, 0x50, 0x50, 0x50, 0x50, 0x50, 0x98, 0x00], // 0xA3
    [0xF8, 0x88, 0x40, 0x20, 0x40, 0x88, 0xF8, 0x00], // 0xA4
    [0x00, 0x00, 0x78, 0x90, 0x90, 0x90, 0x60, 0x00], // 0xA5
    [0x00, 0x50, 0x50, 0x50, 0x50, 0x68, 0x80, 0x80], // 0xA6
    [0x00, 0x50, 0xA0, 0x20, 0x20, 0x20, 0x20, 0x00], // 0xA7
    [0xF8, 0x20, 0x70, 0xA8, 0xA8, 0x70, 0x20, 0xF8], // 0xA8
    [0x20, 0x50, 0x88, 0xF8, 0x88, 0x50, 0x20, 0x00], // 0xA9
    [0x70, 0x88, 0x88, 0x88, 0x50, 0x50, 0xD8, 0x00], // 0xAA
    [0x30, 0x40, 0x40, 0x20, 0x50, 0x50, 0x50, 0x20], // 0xAB
    [0x00, 0x00, 0x00, 0x50, 0xA8, 0xA8, 0x50, 0x00], // 0xAC
    [0x08, 0x70, 0xA8, 0xA8, 0xA8, 0x70, 0x80, 0x00], // 0xAD
    [0x38, 0x40, 0x80, 0xF8, 0x80, 0x40, 0x38, 0x00], // 0xAE
    [0x70, 0x88, 0x88, 0x88, 0x88, 0x88, 0x88, 0x00], // 0xAF
    [0x00, 0xF8, 0x00, 0xF8, 0x00, 0xF8, 0x00, 0x00], // 0xB0
    [0x20, 0x20, 0xF8, 0x20, 0x20, 0x00, 0xF8, 0x00], // 0xB1
    [0xC0, 0x30, 0x08, 0x30, 0xC0, 0x00, 0xF8, 0x00], // 0xB2
    [0x18, 0x60, 0x80, 0x60, 0x18, 0x00, 0xF8, 0x00], // 0xB3
    [0x10, 0x28, 0x20, 0x20, 0x20, 0x20, 0x20, 0x20], // 0xB4
    [0x20, 0x20, 0x20, 0x20, 0x20, 0x20, 0xA0, 0x40], // 0xB5
    [0x00, 0x20, 0x00, 0xF8, 0x00, 0x20, 0x00, 0x00], // 0xB6
    [0x00, 0x50, 0xA0, 0x00, 0x50, 0xA0, 0x00, 0x00], // 0xB7
    [0x00, 0x18, 0x24, 0x24, 0x18, 0x00, 0x00, 0x00], // 0xB8
    [0x00, 0x30, 0x78, 0x78, 0x30, 0x00, 0x00, 0x00], // 0xB9
    [0x00, 0x00, 0x00, 0x00, 0x30, 0x00, 0x00, 0x00], // 0xBA
    [0x3E, 0x20, 0x20, 0x20, 0xA0, 0x60, 0x20, 0x00], // 0xBB
    [0xA0, 0x50, 0x50, 0x50, 0x00, 0x00, 0x00, 0x00], // 0xBC
    [0x40, 0xA0, 0x20, 0x40, 0xE0, 0x00, 0x00, 0x00], // 0xBD
    [0x00, 0x38, 0x38, 0x38, 0x38, 0x38, 0x38, 0x00], // 0xBE
    [0x88, 0x70, 0x88, 0x88, 0x70, 0x88, 0x00, 0x00], // 0xBF
    [0x00, 0x00, 0x90, 0xA8, 0xE8, 0xA8, 0x90, 0x00], // 0xC0
    [0x00, 0x00, 0x60, 0x10, 0x70, 0x90, 0x68, 0x00], // 0xC1
    [0x00, 0x00, 0xF0, 0x80, 0xF0, 0x88, 0xF0, 0x00], // 0xC2
    [0x00, 0x00, 0x90, 0x90, 0x90, 0xF8, 0x08, 0x00], // 0xC3
    [0x00, 0x00, 0x30, 0x50, 0x50, 0x70, 0x88, 0x00], // 0xC4
    [0x00, 0x00, 0x70, 0x88, 0xF8, 0x80, 0x70, 0x00], // 0xC5
    [0x00, 0x20, 0x70, 0xA8, 0xA8, 0x70, 0x20, 0x00], // 0xC6
    [0x00, 0x00, 0x78, 0x48, 0x40, 0x40, 0x40, 0x00], // 0xC7
    [0x00, 0x00, 0x88, 0x50, 0x20, 0x50, 0x88, 0x00], // 0xC8
    [0x00, 0x00, 0x88, 0x98, 0xA8, 0xC8, 0x88, 0x00], // 0xC9
    [0x00, 0x50, 0x20, 0x00, 0x98, 0xA8, 0xC8, 0x00], // 0xCA
    [0x00, 0x00, 0x90, 0xA0, 0xC0, 0xA0, 0x90, 0x00], // 0xCB
    [0x00, 0x00, 0x38, 0x28, 0x28, 0x48, 0x88, 0x00], // 0xCC
    [0x00, 0x00, 0x88, 0xD8, 0xA8, 0x88, 0x88, 0x00], // 0xCD
    [0x00, 0x00, 0x88, 0x88, 0xF8, 0x88, 0x88, 0x00], // 0xCE
    [0x00, 0x00, 0x70, 0x88, 0x88, 0x88, 0x70, 0x00], // 0xCF
    [0x00, 0x00, 0x78, 0x48, 0x48, 0x48, 0x48, 0x00], // 0xD0
    [0x00, 0x00, 0x78, 0x88, 0x78, 0x28, 0x48, 0x00], // 0xD1
    [0x00, 0x00, 0xF0, 0x88, 0xF0, 0x80, 0x80, 0x00], // 0xD2
    [0x00, 0x00, 0x78, 0x80, 0x80, 0x80, 0x78, 0x00], // 0xD3
    [0x00, 0x00, 0xF8, 0x20, 0x20, 0x20, 0x20, 0x00], // 0xD4
    [0x00, 0x00, 0x88, 0x50, 0x20, 0x40, 0x80, 0x00], // 0xD5
    [0x00, 0x00, 0xA8, 0x70, 0x20, 0x70, 0xA8, 0x00], // 0xD6
    [0x00, 0x00, 0xF0, 0x48, 0x70, 0x48, 0xF0, 0x00], // 0xD7
    [0x00, 0x00, 0x40, 0x40, 0x70, 0x48, 0x70, 0x00], // 0xD8
    [0x00, 0x00, 0x88, 0x88, 0xC8, 0xA8, 0xC8, 0x00], // 0xD9
    [0x00, 0x00, 0xF0, 0x08, 0x70, 0x08, 0xF0, 0x00], // 0xDA
    [0x00, 0x00, 0xA8, 0xA8, 0xA8, 0xA8, 0xF8, 0x00], // 0xDB
    [0x00, 0x00, 0x70, 0x88, 0x38, 0x88, 0x70, 0x00], // 0xDC
    [0x00, 0x00, 0xA8, 0xA8, 0xA8, 0xF8, 0x08, 0x00], // 0xDD
    [0x00, 0x00, 0x48, 0x48, 0x78, 0x08, 0x08, 0x00], // 0xDE
    [0x00, 0x00, 0xC0, 0x40, 0x70, 0x48, 0x70, 0x00], // 0xDF
    [0x90, 0xA8, 0xA8, 0xE8, 0xA8, 0xA8, 0x90, 0x00], // 0xE0
    [0x20, 0x50, 0x88, 0x88, 0xF8, 0x88, 0x88, 0x00], // 0xE1
    [0xF8, 0x88, 0x80, 0xF0, 0x88, 0x88, 0xF0, 0x00], // 0xE2
    [0x90, 0x90, 0x90, 0x90, 0x90, 0xF8, 0x08, 0x00], // 0xE3
    [0x38, 0x28, 0x28, 0x48, 0x48, 0xF8, 0x88, 0x00], // 0xE4
    [0xF8, 0x80, 0x80, 0xF0, 0x80, 0x80, 0xF8, 0x00], // 0xE5
    [0x20, 0x70, 0xA8, 0xA8, 0xA8, 0x70, 0x20, 0x00], // 0xE6
    [0xF8, 0x88, 0x88, 0x80, 0x80, 0x80, 0x80, 0x00], // 0xE7
    [0x88, 0x88, 0x50, 0x20, 0x50, 0x88, 0x88, 0x00], // 0xE8
    [0x88, 0x88, 0x98, 0xA8, 0xC8, 0x88, 0x88, 0x00], // 0xE9
    [0x50, 0x20, 0x88, 0x98, 0xA8, 0xC8, 0x88, 0x00], // 0xEA
    [0x88, 0x90, 0xA0, 0xC0, 0xA0, 0x90, 0x88, 0x00], // 0xEB
    [0x18, 0x28, 0x48, 0x48, 0x48, 0x48, 0x88, 0x00], // 0xEC
    [0x88, 0xD8, 0xA8, 0xA8, 0x88, 0x88, 0x88, 0x00], // 0xED
    [0x88, 0x88, 0x88, 0xF8, 0x88, 0x88, 0x88, 0x00], // 0xEE
    [0x70, 0x88, 0x88, 0x88, 0x88, 0x88, 0x70, 0x00], // 0xEF
    [0xF8, 0x88, 0x88, 0x88, 0x88, 0x88, 0x88, 0x00], // 0xF0
    [0x78, 0x88, 0x88, 0x78, 0x28, 0x48, 0x88, 0x00], // 0xF1
    [0xF0, 0x88, 0x88, 0xF0, 0x80, 0x80, 0x80, 0x00], // 0xF2
    [0x70, 0x88, 0x80, 0x80, 0x80, 0x88, 0x70, 0x00], // 0xF3
    [0xF8, 0x20, 0x20, 0x20, 0x20, 0x20, 0x20, 0x00], // 0xF4
    [0x88, 0x88, 0x88, 0x50, 0x20, 0x40, 0x80, 0x00], // 0xF5
    [0xA8, 0xA8, 0x70, 0x20, 0x70, 0xA8, 0xA8, 0x00], // 0xF6
    [0xF0, 0x48, 0x48, 0x70, 0x48, 0x48, 0xF0, 0x00], // 0xF7
    [0x80, 0x80, 0x80, 0xF0, 0x88, 0x88, 0xF0, 0x00], // 0xF8
    [0x88, 0x88, 0x88, 0xC8, 0xA8, 0xA8, 0xC8, 0x00], // 0xF9
    [0xF0, 0x08, 0x08, 0x30, 0x08, 0x08, 0xF0, 0x00], // 0xFA
    [0xA8, 0xA8, 0xA8, 0xA8, 0xA8, 0xA8, 0xF8, 0x00], // 0xFB
    [0x70, 0x88, 0x08, 0x78, 0x08, 0x88, 0x70, 0x00], // 0xFC
    [0xA8, 0xA8, 0xA8, 0xA8, 0xA8, 0xF8, 0x08, 0x00], // 0xFD
    [0x88, 0x88, 0x88, 0x88, 0x78, 0x08, 0x08, 0x00], // 0xFE
    [0x00, 0x00, 0x00, 0x00, 0x00, 0x00, 0x00, 0x00], // 0xFF
];

pub const MSX_KOREAN: Font = [
    [0x00, 0x00, 0x00, 0x00, 0x00, 0x00, 0x00, 0x00], // 0x00
    [0x00, 0x00, 0x00, 0x00, 0x00, 0x00, 0x00, 0x00], // 0x01
    [0x7C, 0x28, 0x28, 0x28, 0x7C, 0x10, 0xFE, 0x00], // 0x02
    [0x7C, 0x28, 0x28, 0x28, 0x7C, 0x28, 0xFE, 0x00], // 0x03
    [0x7C, 0x28, 0x28, 0x7C, 0x00, 0xFE, 0x10, 0x10], // 0x04
    [0x7C, 0x28, 0x28, 0x7C, 0x00, 0xFE, 0x28, 0x28], // 0x05
    [0x7C, 0x28, 0x28, 0x28, 0x7C, 0x00, 0xFE, 0x00], // 0x06
    [0x10, 0x7C, 0x38, 0x44, 0x38, 0x10, 0xFE, 0x00], // 0x07
    [0x10, 0x7C, 0x38, 0x44, 0x38, 0x28, 0xFE, 0x00], // 0x08
    [0x10, 0x7C, 0x38, 0x44, 0x38, 0xFE, 0x10, 0x10], // 0x09
    [0x10, 0x7C, 0x38, 0x44, 0x38, 0xFE, 0x28, 0x28], // 0x0A
    [0x10, 0x7C, 0x38, 0x44, 0x38, 0x00, 0xFE, 0x00], // 0x0B
    [0x40, 0x40, 0x40, 0x40, 0x00, 0x00, 0x00, 0x00], // 0x0C
    [0x20, 0x20, 0x20, 0x20, 0x00, 0x00, 0x00, 0x00], // 0x0D
    [0x50, 0x50, 0x50, 0x10, 0x00, 0x00, 0x00, 0x00], // 0x0E
    [0x50, 0x50, 0x50, 0x10, 0x00, 0x00, 0x00, 0x00], // 0x0F
    [0x00, 0x7C, 0x28, 0x28, 0x28, 0x4E, 0x00, 0x00], // 0x10
    [0x10, 0x10, 0x10, 0xFF, 0x00, 0x00, 0x00, 0x00], // 0x11
    [0x00, 0x00, 0x00, 0xFF, 0x10, 0x10, 0x10, 0x10], // 0x12
    [0x10, 0x10, 0x10, 0xF0, 0x10, 0x10, 0x10, 0x10], // 0x13
    [0x10, 0x10, 0x10, 0x1F, 0x10, 0x10, 0x10, 0x10], // 0x14
    [0x10, 0x10, 0x10, 0xFF, 0x10, 0x10, 0x10, 0x10], // 0x15
    [0x10, 0x10, 0x10, 0x10, 0x10, 0x10, 0x10, 0x10], // 0x16
    [0x00, 0x00, 0x00, 0xFF, 0x00, 0x00, 0x00, 0x00], // 0x17
    [0x00, 0x00, 0x00, 0x1F, 0x10, 0x10, 0x10, 0x10], // 0x18
    [0x00, 0x00, 0x00, 0xF0, 0x10, 0x10, 0x10, 0x10], // 0x19
    [0x10, 0x10, 0x10, 0x1F, 0x00, 0x00, 0x00, 0x00], // 0x1A
    [0x10, 0x10, 0x10, 0xF0, 0x00, 0x00, 0x00, 0x00], // 0x1B
    [0x81, 0x42, 0x24, 0x18, 0x18, 0x24, 0x42, 0x81], // 0x1C
    [0x00, 0x00, 0x00, 0x00, 0x00, 0x00, 0x00, 0x00], // 0x1D
    [0x00, 0x00, 0x00, 0x00, 0x00, 0x00, 0x00, 0x00], // 0x1E
    [0x00, 0x00, 0x00, 0x00, 0x00, 0x00, 0x00, 0x00], // 0x1F
    [0x00, 0x00, 0x00, 0x00, 0x00, 0x00, 0x00, 0x00], // 0x20
    [0x20, 0x20, 0x20, 0x20, 0x00, 0x00, 0x20, 0x00], // 0x21
    [0x50, 0x50, 0x50, 0x00, 0x00, 0x00, 0x00, 0x00], // 0x22
    [0x50, 0x50, 0xF8, 0x50, 0xF8, 0x50, 0x50, 0x00], // 0x23
    [0x20, 0x78, 0xA0, 0x70, 0x28, 0xF0, 0x20, 0x00], // 0x24
    [0xC0, 0xC8, 0x10, 0x20, 0x40, 0x98, 0x18, 0x00], // 0x25
    [0x40, 0xA0, 0x40, 0xA8, 0x90, 0x98, 0x60, 0x00], // 0x26
    [0x10, 0x20, 0x40, 0x00, 0x00, 0x00, 0x00, 0x00], // 0x27
    [0x10, 0x20, 0x40, 0x40, 0x40, 0x20, 0x10, 0x00], // 0x28
    [0x40, 0x20, 0x10, 0x10, 0x10, 0x20, 0x40, 0x00], // 0x29
    [0x20, 0xA8, 0x70, 0x20, 0x70, 0xA8, 0x20, 0x00], // 0x2A
    [0x00, 0x20, 0x20, 0xF8, 0x20, 0x20, 0x00, 0x00], // 0x2B
    [0x00, 0x00, 0x00, 0x00, 0x00, 0x20, 0x20, 0x40], // 0x2C
    [0x00, 0x00, 0x00, 0x78, 0x00, 0x00, 0x00, 0x00], // 0x2D
    [0x00, 0x00, 0x00, 0x00, 0x00, 0x60, 0x60, 0x00], // 0x2E
    [0x00, 0x00, 0x08, 0x10, 0x20, 0x40, 0x80, 0x00], // 0x2F
    [0x70, 0x88, 0x98, 0xA8, 0xC8, 0x88, 0x70, 0x00], // 0x30
    [0x20, 0x60, 0xA0, 0x20, 0x20, 0x20, 0xF8, 0x00], // 0x31
    [0x70, 0x88, 0x08, 0x10, 0x60, 0x80, 0xF8, 0x00], // 0x32
    [0x70, 0x88, 0x08, 0x30, 0x08, 0x88, 0x70, 0x00], // 0x33
    [0x10, 0x30, 0x50, 0x90, 0xF8, 0x10, 0x10, 0x00], // 0x34
    [0xF8, 0x80, 0xE0, 0x10, 0x08, 0x10, 0xE0, 0x00], // 0x35
    [0x30, 0x40, 0x80, 0xF0, 0x88, 0x88, 0x70, 0x00], // 0x36
    [0xF8, 0x88, 0x10, 0x20, 0x20, 0x20, 0x20, 0x00], // 0x37
    [0x70, 0x88, 0x88, 0x70, 0x88, 0x88, 0x70, 0x00], // 0x38
    [0x70, 0x88, 0x88, 0x78, 0x08, 0x10, 0x60, 0x00], // 0x39
    [0x00, 0x00, 0x20, 0x00, 0x00, 0x20, 0x00, 0x00], // 0x3A
    [0x00, 0x00, 0x20, 0x00, 0x00, 0x20, 0x20, 0x40], // 0x3B
    [0x18, 0x30, 0x60, 0xC0, 0x60, 0x30, 0x18, 0x00], // 0x3C
    [0x00, 0x00, 0xF8, 0x00, 0xF8, 0x00, 0x00, 0x00], // 0x3D
    [0xC0, 0x60, 0x30, 0x18, 0x30, 0x60, 0xC0, 0x00], // 0x3E
    [0x70, 0x88, 0x08, 0x10, 0x20, 0x00, 0x20, 0x00], // 0x3F
    [0x70, 0x88, 0x08, 0x68, 0xA8, 0xA8, 0x70, 0x00], // 0x40
    [0x20, 0x50, 0x88, 0x88, 0xF8, 0x88, 0x88, 0x00], // 0x41
    [0xF0, 0x48, 0x48, 0x70, 0x48, 0x48, 0xF0, 0x00], // 0x42
    [0x30, 0x48, 0x80, 0x80, 0x80, 0x48, 0x30, 0x00], // 0x43
    [0xE0, 0x50, 0x48, 0x48, 0x48, 0x50, 0xE0, 0x00], // 0x44
    [0xF8, 0x80, 0x80, 0xF0, 0x80, 0x80, 0xF8, 0x00], // 0x45
    [0xF8, 0x80, 0x80, 0xF0, 0x80, 0x80, 0x80, 0x00], // 0x46
    [0x70, 0x88, 0x80, 0xB8, 0x88, 0x88, 0x70, 0x00], // 0x47
    [0x88, 0x88, 0x88, 0xF8, 0x88, 0x88, 0x88, 0x00], // 0x48
    [0x70, 0x20, 0x20, 0x20, 0x20, 0x20, 0x70, 0x00], // 0x49
    [0x38, 0x10, 0x10, 0x10, 0x90, 0x90, 0x60, 0x00], // 0x4A
    [0x88, 0x90, 0xA0, 0xC0, 0xA0, 0x90, 0x88, 0x00], // 0x4B
    [0x80, 0x80, 0x80, 0x80, 0x80, 0x80, 0xF8, 0x00], // 0x4C
    [0x88, 0xD8, 0xA8, 0xA8, 0x88, 0x88, 0x88, 0x00], // 0x4D
    [0x88, 0xC8, 0xC8, 0xA8, 0x98, 0x98, 0x88, 0x00], // 0x4E
    [0x70, 0x88, 0x88, 0x88, 0x88, 0x88, 0x70, 0x00], // 0x4F
    [0xF0, 0x88, 0x88, 0xF0, 0x80, 0x80, 0x80, 0x00], // 0x50
    [0x70, 0x88, 0x88, 0x88, 0xA8, 0x90, 0x68, 0x00], // 0x51
    [0xF0, 0x88, 0x88, 0xF0, 0xA0, 0x90, 0x88, 0x00], // 0x52
    [0x70, 0x88, 0x80, 0x70, 0x08, 0x88, 0x70, 0x00], // 0x53
    [0xF8, 0x20, 0x20, 0x20, 0x20, 0x20, 0x20, 0x00], // 0x54
    [0x88, 0x88, 0x88, 0x88, 0x88, 0x88, 0x70, 0x00], // 0x55
    [0x88, 0x88, 0x88, 0x88, 0x50, 0x50, 0x20, 0x00], // 0x56
    [0x88, 0x88, 0x88, 0xA8, 0xA8, 0xD8, 0x88, 0x00], // 0x57
    [0x88, 0x88, 0x50, 0x20, 0x50, 0x88, 0x88, 0x00], // 0x58
    [0x88, 0x88, 0x88, 0x70, 0x20, 0x20, 0x20, 0x00], // 0x59
    [0xF8, 0x08, 0x10, 0x20, 0x40, 0x80, 0xF8, 0x00], // 0x5A
    [0x70, 0x40, 0x40, 0x40, 0x40, 0x40, 0x70, 0x00], // 0x5B
    [0x44, 0xFE, 0x44, 0xFE, 0x44, 0x54, 0x28, 0x00], // 0x5C
    [0x70, 0x10, 0x10, 0x10, 0x10, 0x10, 0x70, 0x00], // 0x5D
    [0x20, 0x50, 0x88, 0x00, 0x00, 0x00, 0x00, 0x00], // 0x5E
    [0x00, 0x00, 0x00, 0x00, 0x00, 0x00, 0xF8, 0x00], // 0x5F
    [0x40, 0x20, 0x10, 0x00, 0x00, 0x00, 0x00, 0x00], // 0x60
    [0x00, 0x00, 0x70, 0x08, 0x78, 0x88, 0x78, 0x00], // 0x61
    [0x80, 0x80, 0xB0, 0xC8, 0x88, 0xC8, 0xB0, 0x00], // 0x62
    [0x00, 0x00, 0x70, 0x88, 0x80, 0x88, 0x70, 0x00], // 0x63
    [0x08, 0x08, 0x68, 0x98, 0x88, 0x98, 0x68, 0x00], // 0x64
    [0x00, 0x00, 0x70, 0x88, 0xF8, 0x80, 0x70, 0x00], // 0x65
    [0x10, 0x28, 0x20, 0xF8, 0x20, 0x20, 0x20, 0x00], // 0x66
    [0x00, 0x00, 0x68, 0x98, 0x98, 0x68, 0x08, 0x70], // 0x67
    [0x80, 0x80, 0xF0, 0x88, 0x88, 0x88, 0x88, 0x00], // 0x68
    [0x20, 0x00, 0x60, 0x20, 0x20, 0x20, 0x70, 0x00], // 0x69
    [0x10, 0x00, 0x30, 0x10, 0x10, 0x10, 0x90, 0x60], // 0x6A
    [0x40, 0x40, 0x48, 0x50, 0x60, 0x50, 0x48, 0x00], // 0x6B
    [0x60, 0x20, 0x20, 0x20, 0x20, 0x20, 0x70, 0x00], // 0x6C
    [0x00, 0x00, 0xD0, 0xA8, 0xA8, 0xA8, 0xA8, 0x00], // 0x6D
    [0x00, 0x00, 0xB0, 0xC8, 0x88, 0x88, 0x88, 0x00], // 0x6E
    [0x00, 0x00, 0x70, 0x88, 0x88, 0x88, 0x70, 0x00], // 0x6F
    [0x00, 0x00, 0xB0, 0xC8, 0xC8, 0xB0, 0x80, 0x80], // 0x70
    [0x00, 0x00, 0x68, 0x98, 0x98, 0x68, 0x08, 0x08], // 0x71
    [0x00, 0x00, 0xB0, 0xC8, 0x80, 0x80, 0x80, 0x00], // 0x72
    [0x00, 0x00, 0x78, 0x80, 0xF0, 0x08, 0xF0, 0x00], // 0x73
    [0x40, 0x40, 0xF0, 0x40, 0x40, 0x48, 0x30, 0x00], // 0x74
    [0x00, 0x00, 0x90, 0x90, 0x90, 0x90, 0x68, 0x00], // 0x75
    [0x00, 0x00, 0x88, 0x88, 0x88, 0x50, 0x20, 0x00], // 0x76
    [0x00, 0x00, 0x88, 0xA8, 0xA8, 0xA8, 0x50, 0x00], // 0x77
    [0x00, 0x00, 0x88, 0x50, 0x20, 0x50, 0x88, 0x00], // 0x78
    [0x00, 0x00, 0x88, 0x88, 0x98, 0x68, 0x08, 0x70], // 0x79
    [0x00, 0x00, 0xF8, 0x10, 0x20, 0x40, 0xF8, 0x00], // 0x7A
    [0x18, 0x20, 0x20, 0x40, 0x20, 0x20, 0x18, 0x00], // 0x7B
    [0x20, 0x20, 0x20, 0x00, 0x20, 0x20, 0x20, 0x00], // 0x7C
    [0xC0, 0x20, 0x20, 0x10, 0x20, 0x20, 0xC0, 0x00], // 0x7D
    [0x40, 0xA8, 0x10, 0x00, 0x00, 0x00, 0x00, 0x00], // 0x7E
    [0x00, 0x00, 0x00, 0x00, 0x00, 0x00, 0x00, 0x00], // 0x7F
    [0x10, 0x38, 0x7C, 0xFE, 0xFE, 0x38, 0x7C, 0x00], // 0x80
    [0x6C, 0xFE, 0xFE, 0xFE, 0x7C, 0x38, 0x10, 0x00], // 0x81
    [0x38, 0x38, 0xFE, 0xFE, 0xD6, 0x10, 0x7C, 0x00], // 0x82
    [0x10, 0x38, 0x7C, 0xFE, 0x7C, 0x38, 0x10, 0x00], // 0x83
    [0x00, 0x78, 0x84, 0x84, 0x84, 0x84, 0x78, 0x00], // 0x84
    [0x00, 0x78, 0xFC, 0xFC, 0xFC, 0xFC, 0x78, 0x00], // 0x85
    [0x7C, 0x04, 0x04, 0x04, 0x04, 0x00, 0x00, 0x00], // 0x86
    [0x7C, 0x14, 0x14, 0x14, 0x28, 0x00, 0x00, 0x00], // 0x87
    [0x40, 0x40, 0x40, 0x40, 0x7C, 0x00, 0x00, 0x00], // 0x88
    [0x7C, 0x40, 0x40, 0x40, 0x7C, 0x00, 0x00, 0x00], // 0x89
    [0x7C, 0x50, 0x50, 0x50, 0x7C, 0x00, 0x00, 0x00], // 0x8A
    [0x7C, 0x04, 0x7C, 0x40, 0x7C, 0x00, 0x00, 0x00], // 0x8B
    [0x7C, 0x44, 0x44, 0x44, 0x7C, 0x00, 0x00, 0x00], // 0x8C
    [0x44, 0x44, 0x7C, 0x44, 0x7C, 0x00, 0x00, 0x00], // 0x8D
    [0x54, 0x54, 0x7C, 0x54, 0x7C, 0x00, 0x00, 0x00], // 0x8E
    [0x10, 0x10, 0x10, 0x28, 0x44, 0x00, 0x00, 0x00], // 0x8F
    [0x28, 0x28, 0x28, 0x54, 0x54, 0x00, 0x00, 0x00], // 0x90
    [0x38, 0x44, 0x44, 0x44, 0x38, 0x00, 0x00, 0x00], // 0x91
    [0x7C, 0x10, 0x10, 0x28, 0x44, 0x00, 0x00, 0x00], // 0x92
    [0x7C, 0x28, 0x28, 0x54, 0x54, 0x00, 0x00, 0x00], // 0x93
    [0x38, 0x7C, 0x10, 0x28, 0x44, 0x00, 0x00, 0x00], // 0x94
    [0x7C, 0x04, 0x7C, 0x04, 0x08, 0x00, 0x00, 0x00], // 0x95
    [0x7C, 0x40, 0x7C, 0x40, 0x7C, 0x00, 0x00, 0x00], // 0x96
    [0x7C, 0x28, 0x28, 0x28, 0x7C, 0x00, 0x00, 0x00], // 0x97
    [0x38, 0x7C, 0x38, 0x44, 0x38, 0x00, 0x00, 0x00], // 0x98
    [0x40, 0x40, 0x70, 0x40, 0x40, 0x40, 0x40, 0x40], // 0x99
    [0x50, 0x50, 0x70, 0x50, 0x50, 0x50, 0x50, 0x50], // 0x9A
    [0x40, 0x70, 0x40, 0x70, 0x40, 0x40, 0x40, 0x40], // 0x9B
    [0x50, 0x70, 0x50, 0x70, 0x50, 0x50, 0x50, 0x50], // 0x9C
    [0x20, 0x20, 0xE0, 0x20, 0x20, 0x20, 0x20, 0x20], // 0x9D
    [0x50, 0x50, 0xD0, 0x50, 0x50, 0x50, 0x50, 0x50], // 0x9E
    [0x20, 0xE0, 0x20, 0xE0, 0x20, 0x20, 0x20, 0x20], // 0x9F
    [0x50, 0xD0, 0x50, 0xD0, 0x50, 0x50, 0x50, 0x50], // 0xA0
    [0x10, 0x10, 0x10, 0xFE, 0x00, 0x00, 0x00, 0x00], // 0xA1
    [0x28, 0x28, 0x28, 0xFE, 0x00, 0x00, 0x00, 0x00], // 0xA2
    [0xFE, 0x10, 0x10, 0x10, 0x00, 0x00, 0x00, 0x00], // 0xA3
    [0xFE, 0x28, 0x28, 0x28, 0x00, 0x00, 0x00, 0x00], // 0xA4
    [0x00, 0xFE, 0x00, 0x00, 0x00, 0x00, 0x00, 0x00], // 0xA5
    [0x40, 0x40, 0x40, 0x40, 0x40, 0x40, 0x40, 0x40], // 0xA6
    [0x7C, 0x04, 0x04, 0x14, 0x14, 0x10, 0xFE, 0x00], // 0xA7
    [0x7C, 0x04, 0x04, 0x2C, 0x2C, 0x28, 0xFE, 0x00], // 0xA8
    [0x7C, 0x04, 0x04, 0x04, 0x00, 0xFE, 0x10, 0x10], // 0xA9
    [0x7C, 0x04, 0x04, 0x04, 0x00, 0xFE, 0x28, 0x28], // 0xAA
    [0x7C, 0x04, 0x04, 0x04, 0x04, 0x00, 0xFE, 0x00], // 0xAB
    [0x7C, 0x14, 0x14, 0x24, 0x10, 0x10, 0xFE, 0x00], // 0xAC
    [0x7C, 0x14, 0x14, 0x14, 0x28, 0x28, 0xFE, 0x00], // 0xAD
    [0x7C, 0x14, 0x14, 0x14, 0x00, 0xFE, 0x10, 0x10], // 0xAE
    [0x7C, 0x14, 0x14, 0x14, 0x00, 0xFE, 0x28, 0x28], // 0xAF
    [0x7C, 0x14, 0x14, 0x14, 0x14, 0x00, 0xFE, 0x00], // 0xB0
    [0x40, 0x40, 0x40, 0x40, 0x7C, 0x10, 0xFE, 0x00], // 0xB1
    [0x40, 0x40, 0x40, 0x40, 0x7C, 0x28, 0xFE, 0x00], // 0xB2
    [0x40, 0x40, 0x40, 0x7C, 0x00, 0xFE, 0x10, 0x10], // 0xB3
    [0x40, 0x40, 0x40, 0x7C, 0x00, 0xFE, 0x28, 0x28], // 0xB4
    [0x40, 0x40, 0x40, 0x40, 0x7C, 0x00, 0xFE, 0x00], // 0xB5
    [0x7C, 0x40, 0x40, 0x40, 0x7C, 0x10, 0xFE, 0x00], // 0xB6
    [0x7C, 0x40, 0x40, 0x40, 0x7C, 0x28, 0xFE, 0x00], // 0xB7
    [0x7C, 0x40, 0x40, 0x7C, 0x00, 0xFE, 0x10, 0x10], // 0xB8
    [0x7C, 0x40, 0x40, 0x7C, 0x00, 0xFE, 0x28, 0x28], // 0xB9
    [0x7C, 0x40, 0x40, 0x40, 0x7C, 0x00, 0xFE, 0x00], // 0xBA
    [0x7C, 0x50, 0x50, 0x50, 0x7C, 0x10, 0xFE, 0x00], // 0xBB
    [0x7C, 0x50, 0x50, 0x50, 0x7C, 0x28, 0xFE, 0x00], // 0xBC
    [0x7C, 0x50, 0x50, 0x7C, 0x00, 0xFE, 0x10, 0x10], // 0xBD
    [0x7C, 0x50, 0x50, 0x7C, 0x00, 0xFE, 0x28, 0x28], // 0xBE
    [0x7C, 0x50, 0x50, 0x50, 0x7C, 0x00, 0xFE, 0x00], // 0xBF
    [0x7C, 0x04, 0x7C, 0x40, 0x7C, 0x10, 0xFE, 0x00], // 0xC0
    [0x7C, 0x04, 0x7C, 0x40, 0x7C, 0x28, 0xFE, 0x00], // 0xC1
    [0x7C, 0x04, 0x7C, 0x40, 0x7C, 0xFE, 0x10, 0x10], // 0xC2
    [0x7C, 0x04, 0x7C, 0x40, 0x7C, 0xFE, 0x28, 0x28], // 0xC3
    [0x7C, 0x04, 0x7C, 0x40, 0x7C, 0x00, 0xFE, 0x00], // 0xC4
    [0x7C, 0x44, 0x44, 0x44, 0x7C, 0x10, 0xFE, 0x00], // 0xC5
    [0x7C, 0x44, 0x44, 0x44, 0x7C, 0x28, 0xFE, 0x00], // 0xC6
    [0x7C, 0x44, 0x44, 0x7C, 0x00, 0xFE, 0x10, 0x10], // 0xC7
    [0x7C, 0x44, 0x44, 0x7C, 0x00, 0xFE, 0x28, 0x28], // 0xC8
    [0x7C, 0x44, 0x44, 0x44, 0x7C, 0x00, 0xFE, 0x00], // 0xC9
    [0x44, 0x44, 0x7C, 0x44, 0x7C, 0x10, 0xFE, 0x00], // 0xCA
    [0x44, 0x44, 0x7C, 0x44, 0x7C, 0x28, 0xFE, 0x00], // 0xCB
    [0x44, 0x7C, 0x44, 0x7C, 0x00, 0xFE, 0x10, 0x10], // 0xCC
    [0x44, 0x7C, 0x44, 0x7C, 0x00, 0xFE, 0x28, 0x28], // 0xCD
    [0x44, 0x44, 0x7C, 0x44, 0x7C, 0x00, 0xFE, 0x00], // 0xCE
    [0x54, 0x54, 0x7C, 0x54, 0x7C, 0x10, 0xFE, 0x00], // 0xCF
    [0x54, 0x54, 0x7C, 0x54, 0x7C, 0x28, 0xFE, 0x00], // 0xD0
    [0x54, 0x7C, 0x54, 0x7C, 0x00, 0xFE, 0x10, 0x10], // 0xD1
    [0x54, 0x7C, 0x54, 0x7C, 0x00, 0xFE, 0x28, 0x28], // 0xD2
    [0x54, 0x54, 0x7C, 0x54, 0x7C, 0x00, 0xFE, 0x00], // 0xD3
    [0x10, 0x10, 0x28, 0x44, 0x10, 0x10, 0xFE, 0x00], // 0xD4
    [0x10, 0x10, 0x28, 0x44, 0x28, 0x28, 0xFE, 0x00], // 0xD5
    [0x10, 0x10, 0x28, 0x44, 0x00, 0xFE, 0x10, 0x10], // 0xD6
    [0x10, 0x10, 0x28, 0x44, 0x00, 0xFE, 0x28, 0x28], // 0xD7
    [0x10, 0x10, 0x10, 0x28, 0x44, 0x00, 0xFE, 0x00], // 0xD8
    [0x28, 0x28, 0x28, 0x54, 0x54, 0x10, 0xFE, 0x00], // 0xD9
    [0x28, 0x28, 0x28, 0x54, 0x54, 0x28, 0xFE, 0x00], // 0xDA
    [0x28, 0x28, 0x54, 0x54, 0x00, 0xFE, 0x10, 0x10], // 0xDB
    [0x28, 0x28, 0x54, 0x54, 0x00, 0xFE, 0x28, 0x28], // 0xDC
    [0x28, 0x28, 0x28, 0x54, 0x54, 0x00, 0xFE, 0x00], // 0xDD
    [0x38, 0x44, 0x44, 0x44, 0x38, 0x10, 0xFE, 0x00], // 0xDE
    [0x38, 0x44, 0x44, 0x44, 0x38, 0x28, 0xFE, 0x00], // 0xDF
    [0x38, 0x44, 0x44, 0x38, 0x00, 0xFE, 0x10, 0x10], // 0xE0
    [0x38, 0x44, 0x44, 0x38, 0x00, 0xFE, 0x28, 0x28], // 0xE1
    [0x38, 0x44, 0x44, 0x44, 0x38, 0x00, 0xFE, 0x00], // 0xE2
    [0x7C, 0x10, 0x28, 0x44, 0x54, 0x10, 0xFE, 0x00], // 0xE3
    [0x7C, 0x10, 0x28, 0x44, 0x28, 0x28, 0xFE, 0x00], // 0xE4
    [0x7C, 0x10, 0x28, 0x44, 0x00, 0xFE, 0x10, 0x10], // 0xE5
    [0x7C, 0x10, 0x28, 0x44, 0x00, 0xFE, 0x28, 0x28], // 0xE6
    [0x7C, 0x10, 0x10, 0x28, 0x44, 0x00, 0xFE, 0x00], // 0xE7
    [0x7C, 0x28, 0x28, 0x54, 0x54, 0x10, 0xFE, 0x00], // 0xE8
    [0x7C, 0x28, 0x28, 0x54, 0x54, 0x28, 0xFE, 0x00], // 0xE9
    [0x7C, 0x28, 0x54, 0x54, 0x00, 0xFE, 0x10, 0x10], // 0xEA
    [0x7C, 0x28, 0x54, 0x54, 0x00, 0xFE, 0x28, 0x28], // 0xEB
    [0x7C, 0x28, 0x28, 0x54, 0x54, 0x00, 0xFE, 0x00], // 0xEC
    [0x38, 0x7C, 0x10, 0x28, 0x54, 0x10, 0xFE, 0x00], // 0xED
    [0x38, 0x7C, 0x10, 0x28, 0x44, 0x28, 0xFE, 0x00], // 0xEE
    [0x38, 0x7C, 0x10, 0x28, 0x44, 0xFE, 0x10, 0x10], // 0xEF
    [0x38, 0x7C, 0x10, 0x28, 0x44, 0xFE, 0x28, 0x28], // 0xF0
    [0x38, 0x7C, 0x10, 0x28, 0x44, 0x00, 0xFE, 0x00], // 0xF1
    [0x7C, 0x04, 0x7C, 0x04, 0x14, 0x10, 0xFE, 0x00], // 0xF2
    [0x7C, 0x04, 0x7C, 0x04, 0x28, 0x28, 0xFE, 0x00], // 0xF3
    [0x7C, 0x04, 0x7C, 0x04, 0x00, 0xFE, 0x10, 0x10], // 0xF4
    [0x7C, 0x04, 0x7C, 0x04, 0x00, 0xFE, 0x28, 0x28], // 0xF5
    [0x7C, 0x04, 0x7C, 0x04, 0x04, 0x00, 0xFE, 0x00], // 0xF6
    [0x7C, 0x40, 0x7C, 0x40, 0x7C, 0x10, 0xFE, 0x00], // 0xF7
    [0x7C, 0x40, 0x7C, 0x40, 0x7C, 0x28, 0xFE, 0x00], // 0xF8
    [0x7C, 0x40, 0x7C, 0x40, 0x7C, 0xFE, 0x10, 0x10], // 0xF9
    [0x7C, 0x40, 0x7C, 0x40, 0x7C, 0xFE, 0x28, 0x28], // 0xFA
    [0x7C, 0x40, 0x7C, 0x40, 0x7C, 0x00, 0xFE, 0x00], // 0xFB
    [0x00, 0x00, 0x00, 0x00, 0x00, 0x00, 0x00, 0x00], // 0xFC
    [0x00, 0x00, 0x00, 0x00, 0x00, 0x00, 0x00, 0x00], // 0xFD
    [0x00, 0x00, 0x00, 0x00, 0x00, 0x00, 0x00, 0x00], // 0xFE
    [0x00, 0x00, 0x00, 0x00, 0x00, 0x00, 0x00, 0x00], // 0xFF
];

pub const MSX_JAPANESE_F900A: Font = [
    [0x00, 0x00, 0x00, 0x00, 0x00, 0x00, 0x00, 0x00], // 0x00
    [0x7E, 0x42, 0x7E, 0x42, 0x7E, 0x42, 0x82, 0x00], // 0x01
    [0x10, 0x92, 0x54, 0x10, 0x28, 0x44, 0x82, 0x00], // 0x02
    [0x12, 0x14, 0xF8, 0x14, 0x34, 0x52, 0x92, 0x00], // 0x03
    [0x10, 0x10, 0xFE, 0x10, 0x38, 0x54, 0x92, 0x00], // 0x04
    [0x10, 0x28, 0x7C, 0x92, 0x38, 0x54, 0xFE, 0x00], // 0x05
    [0x10, 0x10, 0x10, 0x7C, 0x10, 0x10, 0xFE, 0x00], // 0x06
    [0x7E, 0x42, 0x42, 0x7E, 0x42, 0x42, 0x7E, 0x00], // 0x07
    [0x40, 0x7E, 0x48, 0x3C, 0x28, 0x7E, 0x08, 0x00], // 0x08
    [0xFE, 0x92, 0x92, 0xFE, 0x82, 0x82, 0x86, 0x00], // 0x09
    [0x04, 0xEE, 0xA4, 0xEF, 0xA2, 0xEA, 0x06, 0x00], // 0x0A
    [0x28, 0x44, 0x82, 0x3C, 0x14, 0x24, 0x4C, 0x00], // 0x0B
    [0x28, 0xC8, 0x5C, 0xEA, 0x6C, 0xC8, 0x50, 0x00], // 0x0C
    [0x7C, 0x20, 0x7C, 0x44, 0x7C, 0x44, 0x7C, 0x00], // 0x0D
    [0x0C, 0x70, 0x10, 0xFE, 0x10, 0x10, 0x10, 0x00], // 0x0E
    [0x7E, 0x10, 0x1E, 0x12, 0x22, 0x44, 0x08, 0x00], // 0x0F
    [0x00, 0x7C, 0x28, 0x28, 0x28, 0x4E, 0x00, 0x00], // 0x10
    [0x10, 0x10, 0x10, 0xFF, 0x00, 0x00, 0x00, 0x00], // 0x11
    [0x00, 0x00, 0x00, 0xFF, 0x10, 0x10, 0x10, 0x10], // 0x12
    [0x10, 0x10, 0x10, 0xF0, 0x10, 0x10, 0x10, 0x10], // 0x13
    [0x10, 0x10, 0x10, 0x1F, 0x10, 0x10, 0x10, 0x10], // 0x14
    [0x10, 0x10, 0x10, 0xFF, 0x10, 0x10, 0x10, 0x10], // 0x15
    [0x10, 0x10, 0x10, 0x10, 0x10, 0x10, 0x10, 0x10], // 0x16
    [0x00, 0x00, 0x00, 0xFF, 0x00, 0x00, 0x00, 0x00], // 0x17
    [0x00, 0x00, 0x00, 0x1F, 0x10, 0x10, 0x10, 0x10], // 0x18
    [0x00, 0x00, 0x00, 0xF0, 0x10, 0x10, 0x10, 0x10], // 0x19
    [0x10, 0x10, 0x10, 0x1F, 0x00, 0x00, 0x00, 0x00], // 0x1A
    [0x10, 0x10, 0x10, 0xF0, 0x00, 0x00, 0x00, 0x00], // 0x1B
    [0x81, 0x42, 0x24, 0x18, 0x18, 0x24, 0x42, 0x81], // 0x1C
    [0x10, 0x7C, 0x10, 0x10, 0x28, 0x44, 0x82, 0x00], // 0x1D
    [0x10, 0x10, 0xFE, 0x92, 0xFE, 0x10, 0x10, 0x00], // 0x1E
    [0x10, 0x10, 0x54, 0x54, 0x92, 0x10, 0x30, 0x00], // 0x1F
    [0x00, 0x00, 0x00, 0x00, 0x00, 0x00, 0x00, 0x00], // 0x20
    [0x20, 0x20, 0x20, 0x20, 0x00, 0x00, 0x20, 0x00], // 0x21
    [0x50, 0x50, 0x50, 0x00, 0x00, 0x00, 0x00, 0x00], // 0x22
    [0x50, 0x50, 0xF8, 0x50, 0xF8, 0x50, 0x50, 0x00], // 0x23
    [0x20, 0x78, 0xA0, 0x70, 0x28, 0xF0, 0x20, 0x00], // 0x24
    [0xC0, 0xC8, 0x10, 0x20, 0x40, 0x98, 0x18, 0x00], // 0x25
    [0x40, 0xA0, 0x40, 0xA8, 0x90, 0x98, 0x60, 0x00], // 0x26
    [0x10, 0x20, 0x40, 0x00, 0x00, 0x00, 0x00, 0x00], // 0x27
    [0x10, 0x20, 0x40, 0x40, 0x40, 0x20, 0x10, 0x00], // 0x28
    [0x40, 0x20, 0x10, 0x10, 0x10, 0x20, 0x40, 0x00], // 0x29
    [0x20, 0xA8, 0x70, 0x20, 0x70, 0xA8, 0x20, 0x00], // 0x2A
    [0x00, 0x20, 0x20, 0xF8, 0x20, 0x20, 0x00, 0x00], // 0x2B
    [0x00, 0x00, 0x00, 0x00, 0x00, 0x20, 0x20, 0x40], // 0x2C
    [0x00, 0x00, 0x00, 0x78, 0x00, 0x00, 0x00, 0x00], // 0x2D
    [0x00, 0x00, 0x00, 0x00, 0x00, 0x60, 0x60, 0x00], // 0x2E
    [0x00, 0x00, 0x08, 0x10, 0x20, 0x40, 0x80, 0x00], // 0x2F
    [0x70, 0x88, 0x98, 0xA8, 0xC8, 0x88, 0x70, 0x00], // 0x30
    [0x20, 0x60, 0xA0, 0x20, 0x20, 0x20, 0xF8, 0x00], // 0x31
    [0x70, 0x88, 0x08, 0x10, 0x60, 0x80, 0xF8, 0x00], // 0x32
    [0x70, 0x88, 0x08, 0x30, 0x08, 0x88, 0x70, 0x00], // 0x33
    [0x10, 0x30, 0x50, 0x90, 0xF8, 0x10, 0x10, 0x00], // 0x34
    [0xF8, 0x80, 0xE0, 0x10, 0x08, 0x10, 0xE0, 0x00], // 0x35
    [0x30, 0x40, 0x80, 0xF0, 0x88, 0x88, 0x70, 0x00], // 0x36
    [0xF8, 0x88, 0x10, 0x20, 0x20, 0x20, 0x20, 0x00], // 0x37
    [0x70, 0x88, 0x88, 0x70, 0x88, 0x88, 0x70, 0x00], // 0x38
    [0x70, 0x88, 0x88, 0x78, 0x08, 0x10, 0x60, 0x00], // 0x39
    [0x00, 0x00, 0x20, 0x00, 0x00, 0x20, 0x00, 0x00], // 0x3A
    [0x00, 0x00, 0x20, 0x00, 0x00, 0x20, 0x20, 0x40], // 0x3B
    [0x18, 0x30, 0x60, 0xC0, 0x60, 0x30, 0x18, 0x00], // 0x3C
    [0x00, 0x00, 0xF8, 0x00, 0xF8, 0x00, 0x00, 0x00], // 0x3D
    [0xC0, 0x60, 0x30, 0x18, 0x30, 0x60, 0xC0, 0x00], // 0x3E
    [0x70, 0x88, 0x08, 0x10, 0x20, 0x00, 0x20, 0x00], // 0x3F
    [0x70, 0x88, 0x08, 0x68, 0xA8, 0xA8, 0x70, 0x00], // 0x40
    [0x20, 0x50, 0x88, 0x88, 0xF8, 0x88, 0x88, 0x00], // 0x41
    [0xF0, 0x48, 0x48, 0x70, 0x48, 0x48, 0xF0, 0x00], // 0x42
    [0x30, 0x48, 0x80, 0x80, 0x80, 0x48, 0x30, 0x00], // 0x43
    [0xE0, 0x50, 0x48, 0x48, 0x48, 0x50, 0xE0, 0x00], // 0x44
    [0xF8, 0x80, 0x80, 0xF0, 0x80, 0x80, 0xF8, 0x00], // 0x45
    [0xF8, 0x80, 0x80, 0xF0, 0x80, 0x80, 0x80, 0x00], // 0x46
    [0x70, 0x88, 0x80, 0xB8, 0x88, 0x88, 0x70, 0x00], // 0x47
    [0x88, 0x88, 0x88, 0xF8, 0x88, 0x88, 0x88, 0x00], // 0x48
    [0x70, 0x20, 0x20, 0x20, 0x20, 0x20, 0x70, 0x00], // 0x49
    [0x38, 0x10, 0x10, 0x10, 0x90, 0x90, 0x60, 0x00], // 0x4A
    [0x88, 0x90, 0xA0, 0xC0, 0xA0, 0x90, 0x88, 0x00], // 0x4B
    [0x80, 0x80, 0x80, 0x80, 0x80, 0x80, 0xF8, 0x00], // 0x4C
    [0x88, 0xD8, 0xA8, 0xA8, 0x88, 0x88, 0x88, 0x00], // 0x4D
    [0x88, 0xC8, 0xC8, 0xA8, 0x98, 0x98, 0x88, 0x00], // 0x4E
    [0x70, 0x88, 0x88, 0x88, 0x88, 0x88, 0x70, 0x00], // 0x4F
    [0xF0, 0x88, 0x88, 0xF0, 0x80, 0x80, 0x80, 0x00], // 0x50
    [0x70, 0x88, 0x88, 0x88, 0xA8, 0x90, 0x68, 0x00], // 0x51
    [0xF0, 0x88, 0x88, 0xF0, 0xA0, 0x90, 0x88, 0x00], // 0x52
    [0x70, 0x88, 0x80, 0x70, 0x08, 0x88, 0x70, 0x00], // 0x53
    [0xF8, 0x20, 0x20, 0x20, 0x20, 0x20, 0x20, 0x00], // 0x54
    [0x88, 0x88, 0x88, 0x88, 0x88, 0x88, 0x70, 0x00], // 0x55
    [0x88, 0x88, 0x88, 0x88, 0x50, 0x50, 0x20, 0x00], // 0x56
    [0x88, 0x88, 0x88, 0xA8, 0xA8, 0xD8, 0x88, 0x00], // 0x57
    [0x88, 0x88, 0x50, 0x20, 0x50, 0x88, 0x88, 0x00], // 0x58
    [0x88, 0x88, 0x88, 0x70, 0x20, 0x20, 0x20, 0x00], // 0x59
    [0xF8, 0x08, 0x10, 0x20, 0x40, 0x80, 0xF8, 0x00], // 0x5A
    [0x70, 0x40, 0x40, 0x40, 0x40, 0x40, 0x70, 0x00], // 0x5B
    [0x88, 0x50, 0x20, 0x70, 0x20, 0x70, 0x20, 0x00], // 0x5C
    [0x70, 0x10, 0x10, 0x10, 0x10, 0x10, 0x70, 0x00], // 0x5D
    [0x20, 0x50, 0x88, 0x00, 0x00, 0x00, 0x00, 0x00], // 0x5E
    [0x00, 0x00, 0x00, 0x00, 0x00, 0x00, 0xF8, 0x00], // 0x5F
    [0x40, 0x20, 0x10, 0x00, 0x00, 0x00, 0x00, 0x00], // 0x60
    [0x00, 0x00, 0x70, 0x08, 0x78, 0x88, 0x78, 0x00], // 0x61
    [0x80, 0x80, 0xB0, 0xC8, 0x88, 0xC8, 0xB0, 0x00], // 0x62
    [0x00, 0x00, 0x70, 0x88, 0x80, 0x88, 0x70, 0x00], // 0x63
    [0x08, 0x08, 0x68, 0x98, 0x88, 0x98, 0x68, 0x00], // 0x64
    [0x00, 0x00, 0x70, 0x88, 0xF8, 0x80, 0x70, 0x00], // 0x65
    [0x10, 0x28, 0x20, 0xF8, 0x20, 0x20, 0x20, 0x00], // 0x66
    [0x00, 0x00, 0x68, 0x98, 0x98, 0x68, 0x08, 0x70], // 0x67
    [0x80, 0x80, 0xF0, 0x88, 0x88, 0x88, 0x88, 0x00], // 0x68
    [0x20, 0x00, 0x60, 0x20, 0x20, 0x20, 0x70, 0x00], // 0x69
    [0x10, 0x00, 0x30, 0x10, 0x10, 0x10, 0x90, 0x60], // 0x6A
    [0x40, 0x40, 0x48, 0x50, 0x60, 0x50, 0x48, 0x00], // 0x6B
    [0x60, 0x20, 0x20, 0x20, 0x20, 0x20, 0x70, 0x00], // 0x6C
    [0x00, 0x00, 0xD0, 0xA8, 0xA8, 0xA8, 0xA8, 0x00], // 0x6D
    [0x00, 0x00, 0xB0, 0xC8, 0x88, 0x88, 0x88, 0x00], // 0x6E
    [0x00, 0x00, 0x70, 0x88, 0x88, 0x88, 0x70, 0x00], // 0x6F
    [0x00, 0x00, 0xB0, 0xC8, 0xC8, 0xB0, 0x80, 0x80], // 0x70
    [0x00, 0x00, 0x68, 0x98, 0x98, 0x68, 0x08, 0x08], // 0x71
    [0x00, 0x00, 0xB0, 0xC8, 0x80, 0x80, 0x80, 0x00], // 0x72
    [0x00, 0x00, 0x78, 0x80, 0xF0, 0x08, 0xF0, 0x00], // 0x73
    [0x40, 0x40, 0xF0, 0x40, 0x40, 0x48, 0x30, 0x00], // 0x74
    [0x00, 0x00, 0x90, 0x90, 0x90, 0x90, 0x68, 0x00], // 0x75
    [0x00, 0x00, 0x88, 0x88, 0x88, 0x50, 0x20, 0x00], // 0x76
    [0x00, 0x00, 0x88, 0xA8, 0xA8, 0xA8, 0x50, 0x00], // 0x77
    [0x00, 0x00, 0x88, 0x50, 0x20, 0x50, 0x88, 0x00], // 0x78
    [0x00, 0x00, 0x88, 0x88, 0x98, 0x68, 0x08, 0x70], // 0x79
    [0x00, 0x00, 0xF8, 0x10, 0x20, 0x40, 0xF8, 0x00], // 0x7A
    [0x18, 0x20, 0x20, 0x40, 0x20, 0x20, 0x18, 0x00], // 0x7B
    [0x20, 0x20, 0x20, 0x00, 0x20, 0x20, 0x20, 0x00], // 0x7C
    [0xC0, 0x20, 0x20, 0x10, 0x20, 0x20, 0xC0, 0x00], // 0x7D
    [0x40, 0xA8, 0x10, 0x00, 0x00, 0x00, 0x00, 0x00], // 0x7E
    [0x00, 0x00, 0x00, 0x00, 0x00, 0x00, 0x00, 0x00], // 0x7F
    [0x10, 0x38, 0x7C, 0xFE, 0xFE, 0x38, 0x7C, 0x00], // 0x80
    [0x6C, 0xFE, 0xFE, 0xFE, 0x7C, 0x38, 0x10, 0x00], // 0x81
    [0x38, 0x38, 0xFE, 0xFE, 0xD6, 0x10, 0x7C, 0x00], // 0x82
    [0x10, 0x38, 0x7C, 0xFE, 0x7C, 0x38, 0x10, 0x00], // 0x83
    [0x00, 0x78, 0x84, 0x84, 0x84, 0x84, 0x78, 0x00], // 0x84
    [0x00, 0x78, 0xFC, 0xFC, 0xFC, 0xFC, 0x78, 0x00], // 0x85
    [0x40, 0xFE, 0x48, 0x70, 0x48, 0x82, 0x7C, 0x00], // 0x86
    [0x00, 0x00, 0x10, 0x7E, 0x3C, 0x5A, 0x34, 0x00], // 0x87
    [0x00, 0x00, 0x40, 0x42, 0x42, 0x52, 0x20, 0x00], // 0x88
    [0x00, 0x00, 0x1C, 0x1C, 0x22, 0x02, 0x0C, 0x00], // 0x89
    [0x00, 0x00, 0x18, 0x7E, 0x18, 0x30, 0x6E, 0x00], // 0x8A
    [0x00, 0x00, 0x12, 0x7E, 0x3C, 0x52, 0x34, 0x00], // 0x8B
    [0x00, 0x00, 0x28, 0x7C, 0x2A, 0x22, 0x24, 0x00], // 0x8C
    [0x00, 0x00, 0x08, 0x5C, 0x6A, 0x0C, 0x30, 0x00], // 0x8D
    [0x00, 0x00, 0x08, 0x0E, 0x38, 0x4C, 0x3A, 0x00], // 0x8E
    [0x00, 0x00, 0x00, 0x3C, 0x02, 0x02, 0x1C, 0x00], // 0x8F
    [0x00, 0x00, 0x00, 0x00, 0x00, 0x00, 0x00, 0x00], // 0x90
    [0x20, 0xFE, 0x20, 0x7C, 0xAA, 0xB2, 0x64, 0x00], // 0x91
    [0x00, 0x80, 0x82, 0x82, 0x82, 0x90, 0x60, 0x00], // 0x92
    [0x1C, 0x00, 0x7C, 0x02, 0x02, 0x04, 0x18, 0x00], // 0x93
    [0x38, 0x00, 0xFE, 0x08, 0x30, 0x50, 0x9E, 0x00], // 0x94
    [0x20, 0xFA, 0x22, 0x7C, 0xA2, 0xA2, 0x4C, 0x00], // 0x95
    [0x40, 0x44, 0xF2, 0x4A, 0x48, 0x88, 0x30, 0x00], // 0x96
    [0x10, 0xFC, 0x08, 0x3E, 0x04, 0x80, 0x7C, 0x00], // 0x97
    [0x18, 0x18, 0x30, 0x60, 0x60, 0x30, 0x18, 0x00], // 0x98
    [0x04, 0x84, 0xBE, 0x84, 0x84, 0x84, 0x48, 0x00], // 0x99
    [0x00, 0xFC, 0x02, 0x00, 0x40, 0x80, 0x7E, 0x00], // 0x9A
    [0x10, 0x16, 0xF8, 0x08, 0x7C, 0x80, 0x78, 0x00], // 0x9B
    [0x80, 0x80, 0x80, 0x80, 0x84, 0x88, 0x70, 0x00], // 0x9C
    [0x08, 0xFE, 0x08, 0x38, 0x48, 0x38, 0x08, 0x00], // 0x9D
    [0x04, 0x44, 0xFE, 0x44, 0x44, 0x40, 0x3E, 0x00], // 0x9E
    [0x64, 0x28, 0x30, 0xFE, 0x20, 0x40, 0x3C, 0x00], // 0x9F
    [0x00, 0x00, 0x00, 0x00, 0x00, 0x00, 0x00, 0x00], // 0xA0
    [0x00, 0x00, 0x00, 0x00, 0x60, 0x90, 0x60, 0x00], // 0xA1
    [0x38, 0x20, 0x20, 0x20, 0x00, 0x00, 0x00, 0x00], // 0xA2
    [0x00, 0x00, 0x00, 0x20, 0x20, 0x20, 0xE0, 0x00], // 0xA3
    [0x00, 0x00, 0x00, 0x00, 0x80, 0x40, 0x20, 0x00], // 0xA4
    [0x00, 0x00, 0x00, 0x30, 0x30, 0x00, 0x00, 0x00], // 0xA5
    [0xF8, 0x08, 0xF8, 0x08, 0x10, 0x20, 0x40, 0x00], // 0xA6
    [0x00, 0x00, 0xF0, 0x10, 0x60, 0x40, 0x80, 0x00], // 0xA7
    [0x00, 0x10, 0x20, 0x60, 0xA0, 0x20, 0x20, 0x00], // 0xA8
    [0x00, 0x20, 0xF0, 0x90, 0x10, 0x20, 0x40, 0x00], // 0xA9
    [0x00, 0x00, 0xF0, 0x20, 0x20, 0x20, 0xF0, 0x00], // 0xAA
    [0x00, 0x20, 0xF0, 0x60, 0xA0, 0xA0, 0x20, 0x00], // 0xAB
    [0x00, 0x40, 0xF8, 0x48, 0x50, 0x40, 0x40, 0x00], // 0xAC
    [0x00, 0x00, 0x70, 0x10, 0x10, 0x10, 0xF8, 0x00], // 0xAD
    [0x00, 0x00, 0xF0, 0x10, 0xF0, 0x10, 0xF0, 0x00], // 0xAE
    [0x00, 0x00, 0xA8, 0xA8, 0x08, 0x10, 0x20, 0x00], // 0xAF
    [0x00, 0x00, 0x00, 0xF8, 0x00, 0x00, 0x00, 0x00], // 0xB0
    [0xF8, 0x08, 0x28, 0x30, 0x20, 0x20, 0x40, 0x00], // 0xB1
    [0x08, 0x10, 0x20, 0x60, 0xA0, 0x20, 0x20, 0x00], // 0xB2
    [0x20, 0xF8, 0x88, 0x88, 0x08, 0x10, 0x20, 0x00], // 0xB3
    [0x00, 0xF8, 0x20, 0x20, 0x20, 0x20, 0xF8, 0x00], // 0xB4
    [0x10, 0xF8, 0x10, 0x30, 0x50, 0x90, 0x10, 0x00], // 0xB5
    [0x20, 0xF8, 0x28, 0x28, 0x28, 0x48, 0x88, 0x00], // 0xB6
    [0x20, 0xF8, 0x20, 0xF8, 0x20, 0x20, 0x20, 0x00], // 0xB7
    [0x78, 0x48, 0x88, 0x08, 0x08, 0x10, 0x20, 0x00], // 0xB8
    [0x40, 0x78, 0x50, 0x90, 0x10, 0x10, 0x20, 0x00], // 0xB9
    [0x00, 0xF8, 0x08, 0x08, 0x08, 0x08, 0xF8, 0x00], // 0xBA
    [0x50, 0xF8, 0x50, 0x50, 0x10, 0x10, 0x20, 0x00], // 0xBB
    [0x00, 0xC0, 0x08, 0xC8, 0x08, 0x10, 0xE0, 0x00], // 0xBC
    [0x00, 0xF8, 0x08, 0x10, 0x20, 0x50, 0x88, 0x00], // 0xBD
    [0x40, 0xF8, 0x48, 0x50, 0x40, 0x40, 0x38, 0x00], // 0xBE
    [0x88, 0x88, 0x48, 0x08, 0x10, 0x20, 0x40, 0x00], // 0xBF
    [0x78, 0x48, 0x78, 0x88, 0x08, 0x10, 0x20, 0x00], // 0xC0
    [0x10, 0xE0, 0x20, 0xF8, 0x20, 0x20, 0x40, 0x00], // 0xC1
    [0xA8, 0xA8, 0xA8, 0x08, 0x08, 0x10, 0x20, 0x00], // 0xC2
    [0x70, 0x00, 0xF8, 0x20, 0x20, 0x20, 0x40, 0x00], // 0xC3
    [0x40, 0x40, 0x60, 0x50, 0x48, 0x40, 0x40, 0x00], // 0xC4
    [0x20, 0xF8, 0x20, 0x20, 0x20, 0x20, 0x40, 0x00], // 0xC5
    [0x00, 0x70, 0x00, 0x00, 0x00, 0x00, 0xF8, 0x00], // 0xC6
    [0x00, 0xF8, 0x08, 0xD0, 0x20, 0x50, 0x88, 0x00], // 0xC7
    [0x20, 0xF8, 0x08, 0x30, 0xE8, 0x20, 0x20, 0x00], // 0xC8
    [0x08, 0x08, 0x08, 0x10, 0x20, 0x40, 0x80, 0x00], // 0xC9
    [0x20, 0x10, 0x48, 0x48, 0x48, 0x48, 0x88, 0x00], // 0xCA
    [0x80, 0x80, 0xF8, 0x80, 0x80, 0x80, 0x78, 0x00], // 0xCB
    [0xF8, 0x08, 0x08, 0x08, 0x10, 0x20, 0x40, 0x00], // 0xCC
    [0x00, 0x40, 0xA0, 0x10, 0x08, 0x08, 0x00, 0x00], // 0xCD
    [0x20, 0xF8, 0x20, 0x20, 0xA8, 0xA8, 0x20, 0x00], // 0xCE
    [0x00, 0xF8, 0x08, 0x08, 0x50, 0x20, 0x10, 0x00], // 0xCF
    [0xF0, 0x00, 0x60, 0x00, 0x00, 0xF0, 0x08, 0x00], // 0xD0
    [0x10, 0x20, 0x40, 0x80, 0x90, 0x88, 0xF8, 0x00], // 0xD1
    [0x08, 0x08, 0x08, 0x50, 0x20, 0x50, 0x80, 0x00], // 0xD2
    [0x78, 0x20, 0xF8, 0x20, 0x20, 0x20, 0x18, 0x00], // 0xD3
    [0x40, 0xF8, 0x48, 0x48, 0x50, 0x40, 0x40, 0x00], // 0xD4
    [0x00, 0x70, 0x10, 0x10, 0x10, 0x10, 0xF8, 0x00], // 0xD5
    [0x00, 0xF8, 0x08, 0xF8, 0x08, 0x08, 0xF8, 0x00], // 0xD6
    [0x70, 0x00, 0xF8, 0x08, 0x08, 0x10, 0x20, 0x00], // 0xD7
    [0x48, 0x48, 0x48, 0x48, 0x48, 0x10, 0x20, 0x00], // 0xD8
    [0x10, 0x50, 0x50, 0x50, 0x50, 0x58, 0x90, 0x00], // 0xD9
    [0x40, 0x40, 0x40, 0x48, 0x48, 0x50, 0x60, 0x00], // 0xDA
    [0x00, 0xF8, 0x88, 0x88, 0x88, 0x88, 0xF8, 0x00], // 0xDB
    [0xF8, 0x88, 0x88, 0x08, 0x08, 0x10, 0x20, 0x00], // 0xDC
    [0x00, 0xC0, 0x00, 0x08, 0x08, 0x10, 0xE0, 0x00], // 0xDD
    [0x90, 0x48, 0x00, 0x00, 0x00, 0x00, 0x00, 0x00], // 0xDE
    [0x60, 0x90, 0x60, 0x00, 0x00, 0x00, 0x00, 0x00], // 0xDF
    [0x40, 0xFE, 0x40, 0x5E, 0x80, 0xA0, 0x9E, 0x00], // 0xE0
    [0x20, 0xFE, 0x40, 0xF8, 0x04, 0x04, 0x78, 0x00], // 0xE1
    [0x00, 0x00, 0xFC, 0x02, 0x02, 0x04, 0x38, 0x00], // 0xE2
    [0x00, 0xFE, 0x0C, 0x30, 0x40, 0x40, 0x38, 0x00], // 0xE3
    [0x10, 0x12, 0x1C, 0x30, 0x40, 0x40, 0x3E, 0x00], // 0xE4
    [0x24, 0xF2, 0x48, 0x48, 0x9C, 0xAA, 0x10, 0x00], // 0xE5
    [0x80, 0x9E, 0x80, 0x80, 0xA0, 0xBE, 0xC0, 0x00], // 0xE6
    [0x44, 0x4C, 0x7A, 0xAA, 0xA6, 0xAA, 0x6C, 0x00], // 0xE7
    [0x40, 0xEC, 0x52, 0x62, 0xCE, 0x4A, 0x4C, 0x00], // 0xE8
    [0x00, 0x38, 0x54, 0x92, 0xA2, 0xA2, 0x4C, 0x00], // 0xE9
    [0x04, 0xBE, 0x84, 0x84, 0x9E, 0xA4, 0x5C, 0x00], // 0xEA
    [0x08, 0x4C, 0xC6, 0x46, 0x44, 0x44, 0x38, 0x00], // 0xEB
    [0x20, 0x18, 0x20, 0x16, 0x8A, 0xCA, 0x18, 0x00], // 0xEC
    [0x00, 0x20, 0x70, 0xD8, 0x8C, 0x06, 0x02, 0x00], // 0xED
    [0x3E, 0x84, 0xBE, 0x84, 0x9C, 0xA6, 0x18, 0x00], // 0xEE
    [0x08, 0x7E, 0x08, 0x7E, 0x38, 0x4C, 0x3A, 0x00], // 0xEF
    [0xE0, 0x24, 0x24, 0x7E, 0xA4, 0xA4, 0x68, 0x00], // 0xF0
    [0x20, 0xFC, 0x24, 0x62, 0xA0, 0x62, 0x3C, 0x00], // 0xF1
    [0x04, 0x44, 0x7C, 0xC6, 0xAA, 0x92, 0x64, 0x00], // 0xF2
    [0x20, 0x20, 0x78, 0x20, 0x78, 0x22, 0x1C, 0x00], // 0xF3
    [0x00, 0x48, 0xFC, 0x4A, 0x42, 0x4C, 0x40, 0x00], // 0xF4
    [0x08, 0xBC, 0xCA, 0x8A, 0xBC, 0x08, 0x30, 0x00], // 0xF5
    [0x08, 0x08, 0x0E, 0x08, 0x78, 0x8C, 0x72, 0x00], // 0xF6
    [0x38, 0x84, 0x80, 0xFC, 0xC2, 0x02, 0x38, 0x00], // 0xF7
    [0x00, 0x42, 0x42, 0x42, 0x62, 0x04, 0x18, 0x00], // 0xF8
    [0x7C, 0x08, 0x30, 0xDC, 0x62, 0x92, 0x7C, 0x00], // 0xF9
    [0x20, 0x2C, 0xF4, 0x24, 0x64, 0xE4, 0x26, 0x00], // 0xFA
    [0x7C, 0x18, 0x20, 0x5C, 0x82, 0x02, 0x7C, 0x00], // 0xFB
    [0x40, 0x60, 0xDC, 0x62, 0x42, 0xC2, 0x5C, 0x00], // 0xFC
    [0x10, 0x30, 0x20, 0x70, 0x48, 0xCE, 0x84, 0x00], // 0xFD
    [0x00, 0x00, 0x00, 0x00, 0x00, 0x00, 0x00, 0x00], // 0xFE
    [0x00, 0x00, 0x00, 0x00, 0x00, 0x00, 0x00, 0x00], // 0xFF
];

pub const COLECOVISION_BOLD: Font = [
    [0x00, 0x00, 0x00, 0x00, 0x00, 0x00, 0x00, 0x00], // 0x00
    [0x00, 0x00, 0x00, 0x00, 0x00, 0x00, 0x00, 0x00], // 0x01
    [0x00, 0x00, 0x00, 0x00, 0x00, 0x00, 0x00, 0x00], // 0x02
    [0x00, 0x00, 0x00, 0x00, 0x00, 0x00, 0x00, 0x00], // 0x03
    [0x00, 0x00, 0x00, 0x00, 0x00, 0x00, 0x00, 0x00], // 0x04
    [0x3F, 0x7F, 0xFF, 0xFF, 0xF3, 0xF3, 0xF0, 0xF0], // 0x05
    [0x00, 0x80, 0xC0, 0xC0, 0xC0, 0xC0, 0x00, 0x00], // 0x06
    [0x3F, 0x7F, 0xFF, 0xFF, 0xF3, 0xF3, 0xF3, 0xF3], // 0x07
    [0x00, 0x80, 0xC0, 0xC0, 0xC0, 0xC0, 0xC0, 0xC0], // 0x08
    [0xF0, 0xF0, 0xF0, 0xF0, 0xF0, 0xF0, 0xF0, 0xF0], // 0x09
    [0xFF, 0xFF, 0xFF, 0xF0, 0xF0, 0xFF, 0xFF, 0xFF], // 0x0A
    [0xC0, 0xC0, 0xC0, 0x00, 0x00, 0x00, 0x00, 0x00], // 0x0B
    [0xF1, 0xF1, 0xF1, 0x7B, 0x7B, 0x7B, 0x3F, 0x3F], // 0x0C
    [0xE0, 0xE0, 0xE0, 0xC0, 0xC0, 0xC0, 0x80, 0x80], // 0x0D
    [0x1F, 0x3F, 0x7F, 0x79, 0x78, 0x7F, 0x7F, 0x3F], // 0x0E
    [0x80, 0xC0, 0xE0, 0xE0, 0x00, 0x80, 0xC0, 0xE0], // 0x0F
    [0xF3, 0xF3, 0xFB, 0xFB, 0xFB, 0xFF, 0xFF, 0xFF], // 0x10
    [0xC0, 0xC0, 0xC0, 0xC0, 0xC0, 0xC0, 0xC0, 0xC0], // 0x11
    [0xF3, 0xF3, 0xFF, 0xFF, 0x7F, 0x3F, 0x00, 0x00], // 0x12
    [0xC0, 0xC0, 0xC0, 0xC0, 0x80, 0x00, 0x00, 0x00], // 0x13
    [0xF0, 0xF0, 0xFF, 0xFF, 0xFF, 0xFF, 0x00, 0x00], // 0x14
    [0x00, 0x00, 0xC0, 0xC0, 0xC0, 0xC0, 0x00, 0x00], // 0x15
    [0x3F, 0x1F, 0x1F, 0x1F, 0x0E, 0x0E, 0x00, 0x00], // 0x16
    [0x80, 0x00, 0x00, 0x00, 0x00, 0x00, 0x00, 0x00], // 0x17
    [0xF0, 0xF0, 0xF0, 0xF0, 0xF0, 0xF0, 0x00, 0x00], // 0x18
    [0x1F, 0x01, 0x79, 0x7F, 0x3F, 0x1F, 0x00, 0x00], // 0x19
    [0xE0, 0xE0, 0xE0, 0xE0, 0xC0, 0x80, 0x00, 0x00], // 0x1A
    [0xFF, 0xF7, 0xF7, 0xF7, 0xF3, 0xF3, 0x00, 0x00], // 0x1B
    [0xC0, 0xC0, 0xC0, 0xC0, 0xC0, 0xC0, 0x00, 0x00], // 0x1C
    [0x7E, 0x81, 0xBD, 0xA1, 0xA1, 0xBD, 0x81, 0x7E], // 0x1D
    [0x1F, 0x04, 0x04, 0x04, 0x00, 0x00, 0x00, 0x00], // 0x1E
    [0x44, 0x6C, 0x54, 0x54, 0x00, 0x00, 0x00, 0x00], // 0x1F
    [0x00, 0x00, 0x00, 0x00, 0x00, 0x00, 0x00, 0x00], // 0x20
    [0x18, 0x18, 0x18, 0x18, 0x00, 0x18, 0x18, 0x00], // 0x21
    [0x33, 0x33, 0x66, 0x00, 0x00, 0x00, 0x00, 0x00], // 0x22
    [0x66, 0x66, 0xFF, 0x66, 0xFF, 0x66, 0x66, 0x00], // 0x23
    [0x18, 0x3E, 0x60, 0x3C, 0x06, 0x7C, 0x18, 0x00], // 0x24
    [0x62, 0x66, 0x0C, 0x18, 0x30, 0x66, 0x46, 0x00], // 0x25
    [0x3C, 0x66, 0x3C, 0x38, 0x67, 0x66, 0x3F, 0x00], // 0x26
    [0x0C, 0x0C, 0x18, 0x00, 0x00, 0x00, 0x00, 0x00], // 0x27
    [0x0C, 0x18, 0x30, 0x30, 0x30, 0x18, 0x0C, 0x00], // 0x28
    [0x30, 0x18, 0x0C, 0x0C, 0x0C, 0x18, 0x30, 0x00], // 0x29
    [0x00, 0x66, 0x3C, 0xFF, 0x3C, 0x66, 0x00, 0x00], // 0x2A
    [0x00, 0x18, 0x18, 0x7E, 0x18, 0x18, 0x00, 0x00], // 0x2B
    [0x00, 0x00, 0x00, 0x00, 0x00, 0x18, 0x18, 0x30], // 0x2C
    [0x00, 0x00, 0x00, 0x6E, 0x3B, 0x00, 0x00, 0x00], // 0x2D
    [0x00, 0x00, 0x00, 0x00, 0x00, 0x18, 0x18, 0x00], // 0x2E
    [0x00, 0x03, 0x06, 0x0C, 0x18, 0x30, 0x60, 0x00], // 0x2F
    [0x3E, 0x63, 0x67, 0x6B, 0x73, 0x63, 0x3E, 0x00], // 0x30
    [0x0C, 0x1C, 0x0C, 0x0C, 0x0C, 0x0C, 0x3F, 0x00], // 0x31
    [0x3E, 0x63, 0x63, 0x0E, 0x38, 0x63, 0x7F, 0x00], // 0x32
    [0x3E, 0x63, 0x63, 0x0E, 0x63, 0x63, 0x3E, 0x00], // 0x33
    [0x06, 0x0E, 0x1E, 0x26, 0x7F, 0x06, 0x06, 0x00], // 0x34
    [0x7F, 0x63, 0x60, 0x7E, 0x03, 0x63, 0x3E, 0x00], // 0x35
    [0x3E, 0x63, 0x60, 0x7E, 0x63, 0x63, 0x3E, 0x00], // 0x36
    [0x7F, 0x63, 0x06, 0x0C, 0x18, 0x18, 0x3C, 0x00], // 0x37
    [0x3E, 0x63, 0x63, 0x3E, 0x63, 0x63, 0x3E, 0x00], // 0x38
    [0x3E, 0x63, 0x63, 0x3F, 0x03, 0x63, 0x3E, 0x00], // 0x39
    [0x00, 0x18, 0x18, 0x00, 0x18, 0x18, 0x00, 0x00], // 0x3A
    [0x00, 0x18, 0x18, 0x00, 0x18, 0x18, 0x30, 0x00], // 0x3B
    [0x0E, 0x18, 0x30, 0x60, 0x30, 0x18, 0x0E, 0x00], // 0x3C
    [0x00, 0x00, 0x7E, 0x00, 0x7E, 0x00, 0x00, 0x00], // 0x3D
    [0x70, 0x18, 0x0C, 0x06, 0x0C, 0x18, 0x70, 0x00], // 0x3E
    [0x7E, 0x63, 0x03, 0x06, 0x1C, 0x00, 0x18, 0x18], // 0x3F
    [0x3C, 0x66, 0x6E, 0x6E, 0x60, 0x62, 0x3C, 0x00], // 0x40
    [0x1C, 0x36, 0x63, 0x7F, 0x63, 0x63, 0x63, 0x00], // 0x41
    [0x6E, 0x73, 0x63, 0x7E, 0x63, 0x63, 0x7E, 0x00], // 0x42
    [0x1E, 0x33, 0x60, 0x60, 0x60, 0x33, 0x1E, 0x00], // 0x43
    [0x6C, 0x76, 0x63, 0x63, 0x63, 0x66, 0x7C, 0x00], // 0x44
    [0x7F, 0x31, 0x30, 0x3C, 0x30, 0x31, 0x7F, 0x00], // 0x45
    [0x7F, 0x31, 0x30, 0x3C, 0x30, 0x30, 0x78, 0x00], // 0x46
    [0x1E, 0x33, 0x60, 0x67, 0x63, 0x37, 0x1D, 0x00], // 0x47
    [0x63, 0x63, 0x63, 0x7F, 0x63, 0x63, 0x63, 0x00], // 0x48
    [0x3C, 0x18, 0x18, 0x18, 0x18, 0x18, 0x3C, 0x00], // 0x49
    [0x1F, 0x06, 0x06, 0x06, 0x06, 0x66, 0x3C, 0x00], // 0x4A
    [0x66, 0x66, 0x6C, 0x78, 0x6C, 0x67, 0x63, 0x00], // 0x4B
    [0x78, 0x30, 0x60, 0x60, 0x63, 0x63, 0x7E, 0x00], // 0x4C
    [0x63, 0x77, 0x7F, 0x6B, 0x63, 0x63, 0x63, 0x00], // 0x4D
    [0x63, 0x73, 0x7B, 0x6F, 0x67, 0x63, 0x63, 0x00], // 0x4E
    [0x1C, 0x36, 0x63, 0x63, 0x63, 0x36, 0x1C, 0x00], // 0x4F
    [0x6E, 0x73, 0x63, 0x7E, 0x60, 0x60, 0x60, 0x00], // 0x50
    [0x1C, 0x36, 0x63, 0x6B, 0x67, 0x36, 0x1D, 0x00], // 0x51
    [0x6E, 0x73, 0x63, 0x7E, 0x6C, 0x67, 0x63, 0x00], // 0x52
    [0x3E, 0x63, 0x60, 0x3E, 0x03, 0x63, 0x3E, 0x00], // 0x53
    [0x7E, 0x5A, 0x18, 0x18, 0x18, 0x18, 0x3C, 0x00], // 0x54
    [0x73, 0x33, 0x63, 0x63, 0x63, 0x76, 0x3C, 0x00], // 0x55
    [0x73, 0x33, 0x63, 0x63, 0x66, 0x3C, 0x18, 0x00], // 0x56
    [0x73, 0x33, 0x63, 0x6B, 0x7F, 0x77, 0x63, 0x00], // 0x57
    [0x63, 0x63, 0x36, 0x1C, 0x36, 0x63, 0x63, 0x00], // 0x58
    [0x33, 0x63, 0x63, 0x36, 0x1C, 0x78, 0x70, 0x00], // 0x59
    [0x7F, 0x63, 0x06, 0x1C, 0x33, 0x63, 0x7E, 0x00], // 0x5A
    [0x3F, 0x30, 0x30, 0x30, 0x30, 0x30, 0x3F, 0x00], // 0x5B
    [0x00, 0x60, 0x30, 0x18, 0x0C, 0x06, 0x03, 0x00], // 0x5C
    [0x7E, 0x06, 0x06, 0x06, 0x06, 0x06, 0x7E, 0x00], // 0x5D
    [0x10, 0x28, 0x44, 0x00, 0x00, 0x00, 0x00, 0x00], // 0x5E
    [0x00, 0x00, 0x00, 0x00, 0x00, 0x00, 0xFF, 0xFF], // 0x5F
    [0x30, 0x30, 0x18, 0x00, 0x00, 0x00, 0x00, 0x00], // 0x60
    [0x00, 0x00, 0x3F, 0x63, 0x63, 0x67, 0x3B, 0x00], // 0x61
    [0x60, 0x60, 0x6E, 0x73, 0x63, 0x63, 0x3E, 0x00], // 0x62
    [0x00, 0x00, 0x3E, 0x63, 0x60, 0x63, 0x3E, 0x00], // 0x63
    [0x03, 0x03, 0x3B, 0x67, 0x63, 0x63, 0x3E, 0x00], // 0x64
    [0x00, 0x00, 0x3E, 0x61, 0x7F, 0x60, 0x3E, 0x00], // 0x65
    [0x0E, 0x18, 0x18, 0x3C, 0x18, 0x18, 0x3C, 0x00], // 0x66
    [0x00, 0x00, 0x3E, 0x60, 0x63, 0x63, 0x3D, 0x00], // 0x67
    [0x60, 0x60, 0x6E, 0x73, 0x63, 0x66, 0x67, 0x00], // 0x68
    [0x00, 0x00, 0x1E, 0x0C, 0x0C, 0x0C, 0x1E, 0x00], // 0x69
    [0x00, 0x00, 0x3F, 0x06, 0x06, 0x06, 0x66, 0x3C], // 0x6A
    [0x60, 0x60, 0x66, 0x6E, 0x7C, 0x67, 0x63, 0x00], // 0x6B
    [0x1C, 0x0C, 0x0C, 0x0C, 0x0C, 0x0C, 0x1E, 0x00], // 0x6C
    [0x00, 0x00, 0x6E, 0x7F, 0x6B, 0x62, 0x67, 0x00], // 0x6D
    [0x00, 0x00, 0x6E, 0x73, 0x63, 0x66, 0x67, 0x00], // 0x6E
    [0x00, 0x00, 0x3E, 0x63, 0x63, 0x63, 0x3E, 0x00], // 0x6F
    [0x00, 0x00, 0x3E, 0x63, 0x73, 0x6E, 0x60, 0x60], // 0x70
    [0x00, 0x00, 0x3E, 0x63, 0x67, 0x3B, 0x03, 0x03], // 0x71
    [0x00, 0x00, 0x6E, 0x73, 0x63, 0x7E, 0x63, 0x00], // 0x72
    [0x00, 0x00, 0x3E, 0x71, 0x1C, 0x47, 0x3E, 0x00], // 0x73
    [0x06, 0x0C, 0x3F, 0x18, 0x18, 0x1B, 0x0E, 0x00], // 0x74
    [0x00, 0x00, 0x73, 0x33, 0x63, 0x67, 0x3B, 0x00], // 0x75
    [0x00, 0x00, 0x73, 0x33, 0x63, 0x66, 0x3C, 0x00], // 0x76
    [0x00, 0x00, 0x63, 0x6B, 0x7F, 0x77, 0x63, 0x00], // 0x77
    [0x00, 0x00, 0x63, 0x36, 0x1C, 0x36, 0x63, 0x00], // 0x78
    [0x00, 0x00, 0x33, 0x63, 0x63, 0x3F, 0x03, 0x3E], // 0x79
    [0x00, 0x00, 0x7F, 0x0E, 0x1C, 0x38, 0x7F, 0x00], // 0x7A
    [0x0E, 0x18, 0x18, 0x30, 0x18, 0x18, 0x0E, 0x00], // 0x7B
    [0x20, 0x10, 0x08, 0x04, 0x08, 0x10, 0x20, 0x00], // 0x7C
    [0x70, 0x18, 0x18, 0x0C, 0x18, 0x18, 0x70, 0x00], // 0x7D
    [0x00, 0x6E, 0x3B, 0x00, 0x00, 0x00, 0x00, 0x00], // 0x7E
    [0xAA, 0x55, 0xAA, 0x55, 0xAA, 0x55, 0xAA, 0x55], // 0x7F
    [0x00, 0x00, 0x00, 0x00, 0x00, 0x00, 0x00, 0x00], // 0x80
    [0x00, 0x00, 0x00, 0x00, 0x00, 0x00, 0x00, 0x00], // 0x81
    [0x00, 0x00, 0x00, 0x00, 0x00, 0x00, 0x00, 0x00], // 0x82
    [0x00, 0x00, 0x00, 0x00, 0x00, 0x00, 0x00, 0x00], // 0x83
    [0x00, 0x00, 0x00, 0x00, 0x00, 0x00, 0x00, 0x00], // 0x84
    [0x00, 0x00, 0x00, 0x00, 0x00, 0x00, 0x00, 0x00], // 0x85
    [0x00, 0x00, 0x00, 0x00, 0x00, 0x00, 0x00, 0x00], // 0x86
    [0x00, 0x00, 0x00, 0x00, 0x00, 0x00, 0x00, 0x00], // 0x87
    [0x00, 0x00, 0x00, 0x00, 0x00, 0x00, 0x00, 0x00], // 0x88
    [0x00, 0x00, 0x00, 0x00, 0x00, 0x00, 0x00, 0x00], // 0x89
    [0x00, 0x00, 0x00, 0x00, 0x00, 0x00, 0x00, 0x00], // 0x8A
    [0x00, 0x00, 0x00, 0x00, 0x00, 0x00, 0x00, 0x00], // 0x8B
    [0x00, 0x00, 0x00, 0x00, 0x00, 0x00, 0x00, 0x00], // 0x8C
    [0x00, 0x00, 0x00, 0x00, 0x00, 0x00, 0x00, 0x00], // 0x8D
    [0x00, 0x00, 0x00, 0x00, 0x00, 0x00, 0x00, 0x00], // 0x8E
    [0x00, 0x00, 0x00, 0x00, 0x00, 0x00, 0x00, 0x00], // 0x8F
    [0x00, 0x00, 0x00, 0x00, 0x00, 0x00, 0x00, 0x00], // 0x90
    [0x00, 0x00, 0x00, 0x00, 0x00, 0x00, 0x00, 0x00], // 0x91
    [0x00, 0x00, 0x00, 0x00, 0x00, 0x00, 0x00, 0x00], // 0x92
    [0x00, 0x00, 0x00, 0x00, 0x00, 0x00, 0x00, 0x00], // 0x93
    [0x00, 0x00, 0x00, 0x00, 0x00, 0x00, 0x00, 0x00], // 0x94
    [0x00, 0x00, 0x00, 0x00, 0x00, 0x00, 0x00, 0x00], // 0x95
    [0x00, 0x00, 0x00, 0x00, 0x00, 0x00, 0x00, 0x00], // 0x96
    [0x00, 0x00, 0x00, 0x00, 0x00, 0x00, 0x00, 0x00], // 0x97
    [0x00, 0x00, 0x00, 0x00, 0x00, 0x00, 0x00, 0x00], // 0x98
    [0x00, 0x00, 0x00, 0x00, 0x00, 0x00, 0x00, 0x00], // 0x99
    [0x00, 0x00, 0x00, 0x00, 0x00, 0x00, 0x00, 0x00], // 0x9A
    [0x00, 0x00, 0x00, 0x00, 0x00, 0x00, 0x00, 0x00], // 0x9B
    [0x00, 0x00, 0x00, 0x00, 0x00, 0x00, 0x00, 0x00], // 0x9C
    [0x00, 0x00, 0x00, 0x00, 0x00, 0x00, 0x00, 0x00], // 0x9D
    [0x00, 0x00, 0x00, 0x00, 0x00, 0x00, 0x00, 0x00], // 0x9E
    [0x00, 0x00, 0x00, 0x00, 0x00, 0x00, 0x00, 0x00], // 0x9F
    [0x00, 0x00, 0x00, 0x00, 0x00, 0x00, 0x00, 0x00], // 0xA0
    [0x00, 0x00, 0x00, 0x00, 0x00, 0x00, 0x00, 0x00], // 0xA1
    [0x00, 0x00, 0x00, 0x00, 0x00, 0x00, 0x00, 0x00], // 0xA2
    [0x00, 0x00, 0x00, 0x00, 0x00, 0x00, 0x00, 0x00], // 0xA3
    [0x00, 0x00, 0x00, 0x00, 0x00, 0x00, 0x00, 0x00], // 0xA4
    [0x00, 0x00, 0x00, 0x00, 0x00, 0x00, 0x00, 0x00], // 0xA5
    [0x00, 0x00, 0x00, 0x00, 0x00, 0x00, 0x00, 0x00], // 0xA6
    [0x00, 0x00, 0x00, 0x00, 0x00, 0x00, 0x00, 0x00], // 0xA7
    [0x00, 0x00, 0x00, 0x00, 0x00, 0x00, 0x00, 0x00], // 0xA8
    [0x00, 0x00, 0x00, 0x00, 0x00, 0x00, 0x00, 0x00], // 0xA9
    [0x00, 0x00, 0x00, 0x00, 0x00, 0x00, 0x00, 0x00], // 0xAA
    [0x00, 0x00, 0x00, 0x00, 0x00, 0x00, 0x00, 0x00], // 0xAB
    [0x00, 0x00, 0x00, 0x00, 0x00, 0x00, 0x00, 0x00], // 0xAC
    [0x00, 0x00, 0x00, 0x00, 0x00, 0x00, 0x00, 0x00], // 0xAD
    [0x00, 0x00, 0x00, 0x00, 0x00, 0x00, 0x00, 0x00], // 0xAE
    [0x00, 0x00, 0x00, 0x00, 0x00, 0x00, 0x00, 0x00], // 0xAF
    [0x00, 0x00, 0x00, 0x00, 0x00, 0x00, 0x00, 0x00], // 0xB0
    [0x00, 0x00, 0x00, 0x00, 0x00, 0x00, 0x00, 0x00], // 0xB1
    [0x00, 0x00, 0x00, 0x00, 0x00, 0x00, 0x00, 0x00], // 0xB2
    [0x00, 0x00, 0x00, 0x00, 0x00, 0x00, 0x00, 0x00], // 0xB3
    [0x00, 0x00, 0x00, 0x00, 0x00, 0x00, 0x00, 0x00], // 0xB4
    [0x00, 0x00, 0x00, 0x00, 0x00, 0x00, 0x00, 0x00], // 0xB5
    [0x00, 0x00, 0x00, 0x00, 0x00, 0x00, 0x00, 0x00], // 0xB6
    [0x00, 0x00, 0x00, 0x00, 0x00, 0x00, 0x00, 0x00], // 0xB7
    [0x00, 0x00, 0x00, 0x00, 0x00, 0x00, 0x00, 0x00], // 0xB8
    [0x00, 0x00, 0x00, 0x00, 0x00, 0x00, 0x00, 0x00], // 0xB9
    [0x00, 0x00, 0x00, 0x00, 0x00, 0x00, 0x00, 0x00], // 0xBA
    [0x00, 0x00, 0x00, 0x00, 0x00, 0x00, 0x00, 0x00], // 0xBB
    [0x00, 0x00, 0x00, 0x00, 0x00, 0x00, 0x00, 0x00], // 0xBC
    [0x00, 0x00, 0x00, 0x00, 0x00, 0x00, 0x00, 0x00], // 0xBD
    [0x00, 0x00, 0x00, 0x00, 0x00, 0x00, 0x00, 0x00], // 0xBE
    [0x00, 0x00, 0x00, 0x00, 0x00, 0x00, 0x00, 0x00], // 0xBF
    [0x00, 0x00, 0x00, 0x00, 0x00, 0x00, 0x00, 0x00], // 0xC0
    [0x00, 0x00, 0x00, 0x00, 0x00, 0x00, 0x00, 0x00], // 0xC1
    [0x00, 0x00, 0x00, 0x00, 0x00, 0x00, 0x00, 0x00], // 0xC2
    [0x00, 0x00, 0x00, 0x00, 0x00, 0x00, 0x00, 0x00], // 0xC3
    [0x00, 0x00, 0x00, 0x00, 0x00, 0x00, 0x00, 0x00], // 0xC4
    [0x00, 0x00, 0x00, 0x00, 0x00, 0x00, 0x00, 0x00], // 0xC5
    [0x00, 0x00, 0x00, 0x00, 0x00, 0x00, 0x00, 0x00], // 0xC6
    [0x00, 0x00, 0x00, 0x00, 0x00, 0x00, 0x00, 0x00], // 0xC7
    [0x00, 0x00, 0x00, 0x00, 0x00, 0x00, 0x00, 0x00], // 0xC8
    [0x00, 0x00, 0x00, 0x00, 0x00, 0x00, 0x00, 0x00], // 0xC9
    [0x00, 0x00, 0x00, 0x00, 0x00, 0x00, 0x00, 0x00], // 0xCA
    [0x00, 0x00, 0x00, 0x00, 0x00, 0x00, 0x00, 0x00], // 0xCB
    [0x00, 0x00, 0x00, 0x00, 0x00, 0x00, 0x00, 0x00], // 0xCC
    [0x00, 0x00, 0x00, 0x00, 0x00, 0x00, 0x00, 0x00], // 0xCD
    [0x00, 0x00, 0x00, 0x00, 0x00, 0x00, 0x00, 0x00], // 0xCE
    [0x00, 0x00, 0x00, 0x00, 0x00, 0x00, 0x00, 0x00], // 0xCF
    [0x00, 0x00, 0x00, 0x00, 0x00, 0x00, 0x00, 0x00], // 0xD0
    [0x00, 0x00, 0x00, 0x00, 0x00, 0x00, 0x00, 0x00], // 0xD1
    [0x00, 0x00, 0x00, 0x00, 0x00, 0x00, 0x00, 0x00], // 0xD2
    [0x00, 0x00, 0x00, 0x00, 0x00, 0x00, 0x00, 0x00], // 0xD3
    [0x00, 0x00, 0x00, 0x00, 0x00, 0x00, 0x00, 0x00], // 0xD4
    [0x00, 0x00, 0x00, 0x00, 0x00, 0x00, 0x00, 0x00], // 0xD5
    [0x00, 0x00, 0x00, 0x00, 0x00, 0x00, 0x00, 0x00], // 0xD6
    [0x00, 0x00, 0x00, 0x00, 0x00, 0x00, 0x00, 0x00], // 0xD7
    [0x00, 0x00, 0x00, 0x00, 0x00, 0x00, 0x00, 0x00], // 0xD8
    [0x00, 0x00, 0x00, 0x00, 0x00, 0x00, 0x00, 0x00], // 0xD9
    [0x00, 0x00, 0x00, 0x00, 0x00, 0x00, 0x00, 0x00], // 0xDA
    [0x00, 0x00, 0x00, 0x00, 0x00, 0x00, 0x00, 0x00], // 0xDB
    [0x00, 0x00, 0x00, 0x00, 0x00, 0x00, 0x00, 0x00], // 0xDC
    [0x00, 0x00, 0x00, 0x00, 0x00, 0x00, 0x00, 0x00], // 0xDD
    [0x00, 0x00, 0x00, 0x00, 0x00, 0x00, 0x00, 0x00], // 0xDE
    [0x00, 0x00, 0x00, 0x00, 0x00, 0x00, 0x00, 0x00], // 0xDF
    [0x00, 0x00, 0x00, 0x00, 0x00, 0x00, 0x00, 0x00], // 0xE0
    [0x00, 0x00, 0x00, 0x00, 0x00, 0x00, 0x00, 0x00], // 0xE1
    [0x00, 0x00, 0x00, 0x00, 0x00, 0x00, 0x00, 0x00], // 0xE2
    [0x00, 0x00, 0x00, 0x00, 0x00, 0x00, 0x00, 0x00], // 0xE3
    [0x00, 0x00, 0x00, 0x00, 0x00, 0x00, 0x00, 0x00], // 0xE4
    [0x00, 0x00, 0x00, 0x00, 0x00, 0x00, 0x00, 0x00], // 0xE5
    [0x00, 0x00, 0x00, 0x00, 0x00, 0x00, 0x00, 0x00], // 0xE6
    [0x00, 0x00, 0x00, 0x00, 0x00, 0x00, 0x00, 0x00], // 0xE7
    [0x00, 0x00, 0x00, 0x00, 0x00, 0x00, 0x00, 0x00], // 0xE8
    [0x00, 0x00, 0x00, 0x00, 0x00, 0x00, 0x00, 0x00], // 0xE9
    [0x00, 0x00, 0x00, 0x00, 0x00, 0x00, 0x00, 0x00], // 0xEA
    [0x00, 0x00, 0x00, 0x00, 0x00, 0x00, 0x00, 0x00], // 0xEB
    [0x00, 0x00, 0x00, 0x00, 0x00, 0x00, 0x00, 0x00], // 0xEC
    [0x00, 0x00, 0x00, 0x00, 0x00, 0x00, 0x00, 0x00], // 0xED
    [0x00, 0x00, 0x00, 0x00, 0x00, 0x00, 0x00, 0x00], // 0xEE
    [0x00, 0x00, 0x00, 0x00, 0x00, 0x00, 0x00, 0x00], // 0xEF
    [0x00, 0x00, 0x00, 0x00, 0x00, 0x00, 0x00, 0x00], // 0xF0
    [0x00, 0x00, 0x00, 0x00, 0x00, 0x00, 0x00, 0x00], // 0xF1
    [0x00, 0x00, 0x00, 0x00, 0x00, 0x00, 0x00, 0x00], // 0xF2
    [0x00, 0x00, 0x00, 0x00, 0x00, 0x00, 0x00, 0x00], // 0xF3
    [0x00, 0x00, 0x00, 0x00, 0x00, 0x00, 0x00, 0x00], // 0xF4
    [0x00, 0x00, 0x00, 0x00, 0x00, 0x00, 0x00, 0x00], // 0xF5
    [0x00, 0x00, 0x00, 0x00, 0x00, 0x00, 0x00, 0x00], // 0xF6
    [0x00, 0x00, 0x00, 0x00, 0x00, 0x00, 0x00, 0x00], // 0xF7
    [0x00, 0x00, 0x00, 0x00, 0x00, 0x00, 0x00, 0x00], // 0xF8
    [0x00, 0x00, 0x00, 0x00, 0x00, 0x00, 0x00, 0x00], // 0xF9
    [0x00, 0x00, 0x00, 0x00, 0x00, 0x00, 0x00, 0x00], // 0xFA
    [0x00, 0x00, 0x00, 0x00, 0x00, 0x00, 0x00, 0x00], // 0xFB
    [0x00, 0x00, 0x00, 0x00, 0x00, 0x00, 0x00, 0x00], // 0xFC
    [0x00, 0x00, 0x00, 0x00, 0x00, 0x00, 0x00, 0x00], // 0xFD
    [0x00, 0x00, 0x00, 0x00, 0x00, 0x00, 0x00, 0x00], // 0xFE
    [0x00, 0x00, 0x00, 0x00, 0x00, 0x00, 0x00, 0x00], // 0xFF
];

pub const C64: Font = [
    [0x3C, 0x66, 0x6E, 0x6E, 0x60, 0x62, 0x3C, 0x00], // 0x00
    [0x18, 0x3C, 0x66, 0x7E, 0x66, 0x66, 0x66, 0x00], // 0x01
    [0x7C, 0x66, 0x66, 0x7C, 0x66, 0x66, 0x7C, 0x00], // 0x02
    [0x3C, 0x66, 0x60, 0x60, 0x60, 0x66, 0x3C, 0x00], // 0x03
    [0x78, 0x6C, 0x66, 0x66, 0x66, 0x6C, 0x78, 0x00], // 0x04
    [0x7E, 0x60, 0x60, 0x78, 0x60, 0x60, 0x7E, 0x00], // 0x05
    [0x7E, 0x60, 0x60, 0x78, 0x60, 0x60, 0x60, 0x00], // 0x06
    [0x3C, 0x66, 0x60, 0x6E, 0x66, 0x66, 0x3C, 0x00], // 0x07
    [0x66, 0x66, 0x66, 0x7E, 0x66, 0x66, 0x66, 0x00], // 0x08
    [0x3C, 0x18, 0x18, 0x18, 0x18, 0x18, 0x3C, 0x00], // 0x09
    [0x1E, 0x0C, 0x0C, 0x0C, 0x0C, 0x6C, 0x38, 0x00], // 0x0A
    [0x66, 0x6C, 0x78, 0x70, 0x78, 0x6C, 0x66, 0x00], // 0x0B
    [0x60, 0x60, 0x60, 0x60, 0x60, 0x60, 0x7E, 0x00], // 0x0C
    [0x63, 0x77, 0x7F, 0x6B, 0x63, 0x63, 0x63, 0x00], // 0x0D
    [0x66, 0x76, 0x7E, 0x7E, 0x6E, 0x66, 0x66, 0x00], // 0x0E
    [0x3C, 0x66, 0x66, 0x66, 0x66, 0x66, 0x3C, 0x00], // 0x0F
    [0x7C, 0x66, 0x66, 0x7C, 0x60, 0x60, 0x60, 0x00], // 0x10
    [0x3C, 0x66, 0x66, 0x66, 0x66, 0x3C, 0x0E, 0x00], // 0x11
    [0x7C, 0x66, 0x66, 0x7C, 0x78, 0x6C, 0x66, 0x00], // 0x12
    [0x3C, 0x66, 0x60, 0x3C, 0x06, 0x66, 0x3C, 0x00], // 0x13
    [0x7E, 0x18, 0x18, 0x18, 0x18, 0x18, 0x18, 0x00], // 0x14
    [0x66, 0x66, 0x66, 0x66, 0x66, 0x66, 0x3C, 0x00], // 0x15
    [0x66, 0x66, 0x66, 0x66, 0x66, 0x3C, 0x18, 0x00], // 0x16
    [0x63, 0x63, 0x63, 0x6B, 0x7F, 0x77, 0x63, 0x00], // 0x17
    [0x66, 0x66, 0x3C, 0x18, 0x3C, 0x66, 0x66, 0x00], // 0x18
    [0x66, 0x66, 0x66, 0x3C, 0x18, 0x18, 0x18, 0x00], // 0x19
    [0x7E, 0x06, 0x0C, 0x18, 0x30, 0x60, 0x7E, 0x00], // 0x1A
    [0x3C, 0x30, 0x30, 0x30, 0x30, 0x30, 0x3C, 0x00], // 0x1B
    [0x0C, 0x12, 0x30, 0x7C, 0x30, 0x62, 0xFC, 0x00], // 0x1C
    [0x3C, 0x0C, 0x0C, 0x0C, 0x0C, 0x0C, 0x3C, 0x00], // 0x1D
    [0x00, 0x18, 0x3C, 0x7E, 0x18, 0x18, 0x18, 0x18], // 0x1E
    [0x00, 0x10, 0x30, 0x7F, 0x7F, 0x30, 0x10, 0x00], // 0x1F
    [0x00, 0x00, 0x00, 0x00, 0x00, 0x00, 0x00, 0x00], // 0x20
    [0x18, 0x18, 0x18, 0x18, 0x00, 0x00, 0x18, 0x00], // 0x21
    [0x66, 0x66, 0x66, 0x00, 0x00, 0x00, 0x00, 0x00], // 0x22
    [0x66, 0x66, 0xFF, 0x66, 0xFF, 0x66, 0x66, 0x00], // 0x23
    [0x18, 0x3E, 0x60, 0x3C, 0x06, 0x7C, 0x18, 0x00], // 0x24
    [0x62, 0x66, 0x0C, 0x18, 0x30, 0x66, 0x46, 0x00], // 0x25
    [0x3C, 0x66, 0x3C, 0x38, 0x67, 0x66, 0x3F, 0x00], // 0x26
    [0x06, 0x0C, 0x18, 0x00, 0x00, 0x00, 0x00, 0x00], // 0x27
    [0x0C, 0x18, 0x30, 0x30, 0x30, 0x18, 0x0C, 0x00], // 0x28
    [0x30, 0x18, 0x0C, 0x0C, 0x0C, 0x18, 0x30, 0x00], // 0x29
    [0x00, 0x66, 0x3C, 0xFF, 0x3C, 0x66, 0x00, 0x00], // 0x2A
    [0x00, 0x18, 0x18, 0x7E, 0x18, 0x18, 0x00, 0x00], // 0x2B
    [0x00, 0x00, 0x00, 0x00, 0x00, 0x18, 0x18, 0x30], // 0x2C
    [0x00, 0x00, 0x00, 0x7E, 0x00, 0x00, 0x00, 0x00], // 0x2D
    [0x00, 0x00, 0x00, 0x00, 0x00, 0x18, 0x18, 0x00], // 0x2E
    [0x00, 0x03, 0x06, 0x0C, 0x18, 0x30, 0x60, 0x00], // 0x2F
    [0x3C, 0x66, 0x6E, 0x76, 0x66, 0x66, 0x3C, 0x00], // 0x30
    [0x18, 0x18, 0x38, 0x18, 0x18, 0x18, 0x7E, 0x00], // 0x31
    [0x3C, 0x66, 0x06, 0x0C, 0x30, 0x60, 0x7E, 0x00], // 0x32
    [0x3C, 0x66, 0x06, 0x1C, 0x06, 0x66, 0x3C, 0x00], // 0x33
    [0x06, 0x0E, 0x1E, 0x66, 0x7F, 0x06, 0x06, 0x00], // 0x34
    [0x7E, 0x60, 0x7C, 0x06, 0x06, 0x66, 0x3C, 0x00], // 0x35
    [0x3C, 0x66, 0x60, 0x7C, 0x66, 0x66, 0x3C, 0x00], // 0x36
    [0x7E, 0x66, 0x0C, 0x18, 0x18, 0x18, 0x18, 0x00], // 0x37
    [0x3C, 0x66, 0x66, 0x3C, 0x66, 0x66, 0x3C, 0x00], // 0x38
    [0x3C, 0x66, 0x66, 0x3E, 0x06, 0x66, 0x3C, 0x00], // 0x39
    [0x00, 0x00, 0x18, 0x00, 0x00, 0x18, 0x00, 0x00], // 0x3A
    [0x00, 0x00, 0x18, 0x00, 0x00, 0x18, 0x18, 0x30], // 0x3B
    [0x0E, 0x18, 0x30, 0x60, 0x30, 0x18, 0x0E, 0x00], // 0x3C
    [0x00, 0x00, 0x7E, 0x00, 0x7E, 0x00, 0x00, 0x00], // 0x3D
    [0x70, 0x18, 0x0C, 0x06, 0x0C, 0x18, 0x70, 0x00], // 0x3E
    [0x3C, 0x66, 0x06, 0x0C, 0x18, 0x00, 0x18, 0x00], // 0x3F
    [0x00, 0x00, 0x00, 0xFF, 0xFF, 0x00, 0x00, 0x00], // 0x40
    [0x08, 0x1C, 0x3E, 0x7F, 0x7F, 0x1C, 0x3E, 0x00], // 0x41
    [0x18, 0x18, 0x18, 0x18, 0x18, 0x18, 0x18, 0x18], // 0x42
    [0x00, 0x00, 0x00, 0xFF, 0xFF, 0x00, 0x00, 0x00], // 0x43
    [0x00, 0x00, 0xFF, 0xFF, 0x00, 0x00, 0x00, 0x00], // 0x44
    [0x00, 0xFF, 0xFF, 0x00, 0x00, 0x00, 0x00, 0x00], // 0x45
    [0x00, 0x00, 0x00, 0x00, 0xFF, 0xFF, 0x00, 0x00], // 0x46
    [0x30, 0x30, 0x30, 0x30, 0x30, 0x30, 0x30, 0x30], // 0x47
    [0x0C, 0x0C, 0x0C, 0x0C, 0x0C, 0x0C, 0x0C, 0x0C], // 0x48
    [0x00, 0x00, 0x00, 0xE0, 0xF0, 0x38, 0x18, 0x18], // 0x49
    [0x18, 0x18, 0x1C, 0x0F, 0x07, 0x00, 0x00, 0x00], // 0x4A
    [0x18, 0x18, 0x38, 0xF0, 0xE0, 0x00, 0x00, 0x00], // 0x4B
    [0xC0, 0xC0, 0xC0, 0xC0, 0xC0, 0xC0, 0xFF, 0xFF], // 0x4C
    [0xC0, 0xE0, 0x70, 0x38, 0x1C, 0x0E, 0x07, 0x03], // 0x4D
    [0x03, 0x07, 0x0E, 0x1C, 0x38, 0x70, 0xE0, 0xC0], // 0x4E
    [0xFF, 0xFF, 0xC0, 0xC0, 0xC0, 0xC0, 0xC0, 0xC0], // 0x4F
    [0xFF, 0xFF, 0x03, 0x03, 0x03, 0x03, 0x03, 0x03], // 0x50
    [0x00, 0x3C, 0x7E, 0x7E, 0x7E, 0x7E, 0x3C, 0x00], // 0x51
    [0x00, 0x00, 0x00, 0x00, 0x00, 0xFF, 0xFF, 0x00], // 0x52
    [0x36, 0x7F, 0x7F, 0x7F, 0x3E, 0x1C, 0x08, 0x00], // 0x53
    [0x60, 0x60, 0x60, 0x60, 0x60, 0x60, 0x60, 0x60], // 0x54
    [0x00, 0x00, 0x00, 0x07, 0x0F, 0x1C, 0x18, 0x18], // 0x55
    [0xC3, 0xE7, 0x7E, 0x3C, 0x3C, 0x7E, 0xE7, 0xC3], // 0x56
    [0x00, 0x3C, 0x7E, 0x66, 0x66, 0x7E, 0x3C, 0x00], // 0x57
    [0x18, 0x18, 0x66, 0x66, 0x18, 0x18, 0x3C, 0x00], // 0x58
    [0x06, 0x06, 0x06, 0x06, 0x06, 0x06, 0x06, 0x06], // 0x59
    [0x08, 0x1C, 0x3E, 0x7F, 0x3E, 0x1C, 0x08, 0x00], // 0x5A
    [0x18, 0x18, 0x18, 0xFF, 0xFF, 0x18, 0x18, 0x18], // 0x5B
    [0xC0, 0xC0, 0x30, 0x30, 0xC0, 0xC0, 0x30, 0x30], // 0x5C
    [0x18, 0x18, 0x18, 0x18, 0x18, 0x18, 0x18, 0x18], // 0x5D
    [0x00, 0x00, 0x03, 0x3E, 0x76, 0x36, 0x36, 0x00], // 0x5E
    [0xFF, 0x7F, 0x3F, 0x1F, 0x0F, 0x07, 0x03, 0x01], // 0x5F
    [0x00, 0x00, 0x00, 0x00, 0x00, 0x00, 0x00, 0x00], // 0x60
    [0xF0, 0xF0, 0xF0, 0xF0, 0xF0, 0xF0, 0xF0, 0xF0], // 0x61
    [0x00, 0x00, 0x00, 0x00, 0xFF, 0xFF, 0xFF, 0xFF], // 0x62
    [0xFF, 0x00, 0x00, 0x00, 0x00, 0x00, 0x00, 0x00], // 0x63
    [0x00, 0x00, 0x00, 0x00, 0x00, 0x00, 0x00, 0xFF], // 0x64
    [0xC0, 0xC0, 0xC0, 0xC0, 0xC0, 0xC0, 0xC0, 0xC0], // 0x65
    [0xCC, 0xCC, 0x33, 0x33, 0xCC, 0xCC, 0x33, 0x33], // 0x66
    [0x03, 0x03, 0x03, 0x03, 0x03, 0x03, 0x03, 0x03], // 0x67
    [0x00, 0x00, 0x00, 0x00, 0xCC, 0xCC, 0x33, 0x33], // 0x68
    [0xFF, 0xFE, 0xFC, 0xF8, 0xF0, 0xE0, 0xC0, 0x80], // 0x69
    [0x03, 0x03, 0x03, 0x03, 0x03, 0x03, 0x03, 0x03], // 0x6A
    [0x18, 0x18, 0x18, 0x1F, 0x1F, 0x18, 0x18, 0x18], // 0x6B
    [0x00, 0x00, 0x00, 0x00, 0x0F, 0x0F, 0x0F, 0x0F], // 0x6C
    [0x18, 0x18, 0x18, 0x1F, 0x1F, 0x00, 0x00, 0x00], // 0x6D
    [0x00, 0x00, 0x00, 0xF8, 0xF8, 0x18, 0x18, 0x18], // 0x6E
    [0x00, 0x00, 0x00, 0x00, 0x00, 0x00, 0xFF, 0xFF], // 0x6F
    [0x00, 0x00, 0x00, 0x1F, 0x1F, 0x18, 0x18, 0x18], // 0x70
    [0x18, 0x18, 0x18, 0xFF, 0xFF, 0x00, 0x00, 0x00], // 0x71
    [0x00, 0x00, 0x00, 0xFF, 0xFF, 0x18, 0x18, 0x18], // 0x72
    [0x18, 0x18, 0x18, 0xF8, 0xF8, 0x18, 0x18, 0x18], // 0x73
    [0xC0, 0xC0, 0xC0, 0xC0, 0xC0, 0xC0, 0xC0, 0xC0], // 0x74
    [0xE0, 0xE0, 0xE0, 0xE0, 0xE0, 0xE0, 0xE0, 0xE0], // 0x75
    [0x07, 0x07, 0x07, 0x07, 0x07, 0x07, 0x07, 0x07], // 0x76
    [0xFF, 0xFF, 0x00, 0x00, 0x00, 0x00, 0x00, 0x00], // 0x77
    [0xFF, 0xFF, 0xFF, 0x00, 0x00, 0x00, 0x00, 0x00], // 0x78
    [0x00, 0x00, 0x00, 0x00, 0x00, 0xFF, 0xFF, 0xFF], // 0x79
    [0x03, 0x03, 0x03, 0x03, 0x03, 0x03, 0xFF, 0xFF], // 0x7A
    [0x00, 0x00, 0x00, 0x00, 0xF0, 0xF0, 0xF0, 0xF0], // 0x7B
    [0x0F, 0x0F, 0x0F, 0x0F, 0x00, 0x00, 0x00, 0x00], // 0x7C
    [0x18, 0x18, 0x18, 0xF8, 0xF8, 0x00, 0x00, 0x00], // 0x7D
    [0xF0, 0xF0, 0xF0, 0xF0, 0x00, 0x00, 0x00, 0x00], // 0x7E
    [0xF0, 0xF0, 0xF0, 0xF0, 0x0F, 0x0F, 0x0F, 0x0F], // 0x7F
    [0xC3, 0x99, 0x91, 0x91, 0x9F, 0x99, 0xC3, 0xFF], // 0x80
    [0xE7, 0xC3, 0x99, 0x81, 0x99, 0x99, 0x99, 0xFF], // 0x81
    [0x83, 0x99, 0x99, 0x83, 0x99, 0x99, 0x83, 0xFF], // 0x82
    [0xC3, 0x99, 0x9F, 0x9F, 0x9F, 0x99, 0xC3, 0xFF], // 0x83
    [0x87, 0x93, 0x99, 0x99, 0x99, 0x93, 0x87, 0xFF], // 0x84
    [0x81, 0x9F, 0x9F, 0x87, 0x9F, 0x9F, 0x81, 0xFF], // 0x85
    [0x81, 0x9F, 0x9F, 0x87, 0x9F, 0x9F, 0x9F, 0xFF], // 0x86
    [0xC3, 0x99, 0x9F, 0x91, 0x99, 0x99, 0xC3, 0xFF], // 0x87
    [0x99, 0x99, 0x99, 0x81, 0x99, 0x99, 0x99, 0xFF], // 0x88
    [0xC3, 0xE7, 0xE7, 0xE7, 0xE7, 0xE7, 0xC3, 0xFF], // 0x89
    [0xE1, 0xF3, 0xF3, 0xF3, 0xF3, 0x93, 0xC7, 0xFF], // 0x8A
    [0x99, 0x93, 0x87, 0x8F, 0x87, 0x93, 0x99, 0xFF], // 0x8B
    [0x9F, 0x9F, 0x9F, 0x9F, 0x9F, 0x9F, 0x81, 0xFF], // 0x8C
    [0x9C, 0x88, 0x80, 0x94, 0x9C, 0x9C, 0x9C, 0xFF], // 0x8D
    [0x99, 0x89, 0x81, 0x81, 0x91, 0x99, 0x99, 0xFF], // 0x8E
    [0xC3, 0x99, 0x99, 0x99, 0x99, 0x99, 0xC3, 0xFF], // 0x8F
    [0x83, 0x99, 0x99, 0x83, 0x9F, 0x9F, 0x9F, 0xFF], // 0x90
    [0xC3, 0x99, 0x99, 0x99, 0x99, 0xC3, 0xF1, 0xFF], // 0x91
    [0x83, 0x99, 0x99, 0x83, 0x87, 0x93, 0x99, 0xFF], // 0x92
    [0xC3, 0x99, 0x9F, 0xC3, 0xF9, 0x99, 0xC3, 0xFF], // 0x93
    [0x81, 0xE7, 0xE7, 0xE7, 0xE7, 0xE7, 0xE7, 0xFF], // 0x94
    [0x99, 0x99, 0x99, 0x99, 0x99, 0x99, 0xC3, 0xFF], // 0x95
    [0x99, 0x99, 0x99, 0x99, 0x99, 0xC3, 0xE7, 0xFF], // 0x96
    [0x9C, 0x9C, 0x9C, 0x94, 0x80, 0x88, 0x9C, 0xFF], // 0x97
    [0x99, 0x99, 0xC3, 0xE7, 0xC3, 0x99, 0x99, 0xFF], // 0x98
    [0x99, 0x99, 0x99, 0xC3, 0xE7, 0xE7, 0xE7, 0xFF], // 0x99
    [0x81, 0xF9, 0xF3, 0xE7, 0xCF, 0x9F, 0x81, 0xFF], // 0x9A
    [0xC3, 0xCF, 0xCF, 0xCF, 0xCF, 0xCF, 0xC3, 0xFF], // 0x9B
    [0xF3, 0xED, 0xCF, 0x83, 0xCF, 0x9D, 0x03, 0xFF], // 0x9C
    [0xC3, 0xF3, 0xF3, 0xF3, 0xF3, 0xF3, 0xC3, 0xFF], // 0x9D
    [0xFF, 0xE7, 0xC3, 0x81, 0xE7, 0xE7, 0xE7, 0xE7], // 0x9E
    [0xFF, 0xEF, 0xCF, 0x80, 0x80, 0xCF, 0xEF, 0xFF], // 0x9F
    [0xFF, 0xFF, 0xFF, 0xFF, 0xFF, 0xFF, 0xFF, 0xFF], // 0xA0
    [0xE7, 0xE7, 0xE7, 0xE7, 0xFF, 0xFF, 0xE7, 0xFF], // 0xA1
    [0x99, 0x99, 0x99, 0xFF, 0xFF, 0xFF, 0xFF, 0xFF], // 0xA2
    [0x99, 0x99, 0x00, 0x99, 0x00, 0x99, 0x99, 0xFF], // 0xA3
    [0xE7, 0xC1, 0x9F, 0xC3, 0xF9, 0x83, 0xE7, 0xFF], // 0xA4
    [0x9D, 0x99, 0xF3, 0xE7, 0xCF, 0x99, 0xB9, 0xFF], // 0xA5
    [0xC3, 0x99, 0xC3, 0xC7, 0x98, 0x99, 0xC0, 0xFF], // 0xA6
    [0xF9, 0xF3, 0xE7, 0xFF, 0xFF, 0xFF, 0xFF, 0xFF], // 0xA7
    [0xF3, 0xE7, 0xCF, 0xCF, 0xCF, 0xE7, 0xF3, 0xFF], // 0xA8
    [0xCF, 0xE7, 0xF3, 0xF3, 0xF3, 0xE7, 0xCF, 0xFF], // 0xA9
    [0xFF, 0x99, 0xC3, 0x00, 0xC3, 0x99, 0xFF, 0xFF], // 0xAA
    [0xFF, 0xE7, 0xE7, 0x81, 0xE7, 0xE7, 0xFF, 0xFF], // 0xAB
    [0xFF, 0xFF, 0xFF, 0xFF, 0xFF, 0xE7, 0xE7, 0xCF], // 0xAC
    [0xFF, 0xFF, 0xFF, 0x81, 0xFF, 0xFF, 0xFF, 0xFF], // 0xAD
    [0xFF, 0xFF, 0xFF, 0xFF, 0xFF, 0xE7, 0xE7, 0xFF], // 0xAE
    [0xFF, 0xFC, 0xF9, 0xF3, 0xE7, 0xCF, 0x9F, 0xFF], // 0xAF
    [0xC3, 0x99, 0x91, 0x89, 0x99, 0x99, 0xC3, 0xFF], // 0xB0
    [0xE7, 0xE7, 0xC7, 0xE7, 0xE7, 0xE7, 0x81, 0xFF], // 0xB1
    [0xC3, 0x99, 0xF9, 0xF3, 0xCF, 0x9F, 0x81, 0xFF], // 0xB2
    [0xC3, 0x99, 0xF9, 0xE3, 0xF9, 0x99, 0xC3, 0xFF], // 0xB3
    [0xF9, 0xF1, 0xE1, 0x99, 0x80, 0xF9, 0xF9, 0xFF], // 0xB4
    [0x81, 0x9F, 0x83, 0xF9, 0xF9, 0x99, 0xC3, 0xFF], // 0xB5
    [0xC3, 0x99, 0x9F, 0x83, 0x99, 0x99, 0xC3, 0xFF], // 0xB6
    [0x81, 0x99, 0xF3, 0xE7, 0xE7, 0xE7, 0xE7, 0xFF], // 0xB7
    [0xC3, 0x99, 0x99, 0xC3, 0x99, 0x99, 0xC3, 0xFF], // 0xB8
    [0xC3, 0x99, 0x99, 0xC1, 0xF9, 0x99, 0xC3, 0xFF], // 0xB9
    [0xFF, 0xFF, 0xE7, 0xFF, 0xFF, 0xE7, 0xFF, 0xFF], // 0xBA
    [0xFF, 0xFF, 0xE7, 0xFF, 0xFF, 0xE7, 0xE7, 0xCF], // 0xBB
    [0xF1, 0xE7, 0xCF, 0x9F, 0xCF, 0xE7, 0xF1, 0xFF], // 0xBC
    [0xFF, 0xFF, 0x81, 0xFF, 0x81, 0xFF, 0xFF, 0xFF], // 0xBD
    [0x8F, 0xE7, 0xF3, 0xF9, 0xF3, 0xE7, 0x8F, 0xFF], // 0xBE
    [0xC3, 0x99, 0xF9, 0xF3, 0xE7, 0xFF, 0xE7, 0xFF], // 0xBF
    [0xFF, 0xFF, 0xFF, 0x00, 0x00, 0xFF, 0xFF, 0xFF], // 0xC0
    [0xF7, 0xE3, 0xC1, 0x80, 0x80, 0xE3, 0xC1, 0xFF], // 0xC1
    [0xE7, 0xE7, 0xE7, 0xE7, 0xE7, 0xE7, 0xE7, 0xE7], // 0xC2
    [0xFF, 0xFF, 0xFF, 0x00, 0x00, 0xFF, 0xFF, 0xFF], // 0xC3
    [0xFF, 0xFF, 0x00, 0x00, 0xFF, 0xFF, 0xFF, 0xFF], // 0xC4
    [0xFF, 0x00, 0x00, 0xFF, 0xFF, 0xFF, 0xFF, 0xFF], // 0xC5
    [0xFF, 0xFF, 0xFF, 0xFF, 0x00, 0x00, 0xFF, 0xFF], // 0xC6
    [0xCF, 0xCF, 0xCF, 0xCF, 0xCF, 0xCF, 0xCF, 0xCF], // 0xC7
    [0xF3, 0xF3, 0xF3, 0xF3, 0xF3, 0xF3, 0xF3, 0xF3], // 0xC8
    [0xFF, 0xFF, 0xFF, 0x1F, 0x0F, 0xC7, 0xE7, 0xE7], // 0xC9
    [0xE7, 0xE7, 0xE3, 0xF0, 0xF8, 0xFF, 0xFF, 0xFF], // 0xCA
    [0xE7, 0xE7, 0xC7, 0x0F, 0x1F, 0xFF, 0xFF, 0xFF], // 0xCB
    [0x3F, 0x3F, 0x3F, 0x3F, 0x3F, 0x3F, 0x00, 0x00], // 0xCC
    [0x3F, 0x1F, 0x8F, 0xC7, 0xE3, 0xF1, 0xF8, 0xFC], // 0xCD
    [0xFC, 0xF8, 0xF1, 0xE3, 0xC7, 0x8F, 0x1F, 0x3F], // 0xCE
    [0x00, 0x00, 0x3F, 0x3F, 0x3F, 0x3F, 0x3F, 0x3F], // 0xCF
    [0x00, 0x00, 0xFC, 0xFC, 0xFC, 0xFC, 0xFC, 0xFC], // 0xD0
    [0xFF, 0xC3, 0x81, 0x81, 0x81, 0x81, 0xC3, 0xFF], // 0xD1
    [0xFF, 0xFF, 0xFF, 0xFF, 0xFF, 0x00, 0x00, 0xFF], // 0xD2
    [0xC9, 0x80, 0x80, 0x80, 0xC1, 0xE3, 0xF7, 0xFF], // 0xD3
    [0x9F, 0x9F, 0x9F, 0x9F, 0x9F, 0x9F, 0x9F, 0x9F], // 0xD4
    [0xFF, 0xFF, 0xFF, 0xF8, 0xF0, 0xE3, 0xE7, 0xE7], // 0xD5
    [0x3C, 0x18, 0x81, 0xC3, 0xC3, 0x81, 0x18, 0x3C], // 0xD6
    [0xFF, 0xC3, 0x81, 0x99, 0x99, 0x81, 0xC3, 0xFF], // 0xD7
    [0xE7, 0xE7, 0x99, 0x99, 0xE7, 0xE7, 0xC3, 0xFF], // 0xD8
    [0xF9, 0xF9, 0xF9, 0xF9, 0xF9, 0xF9, 0xF9, 0xF9], // 0xD9
    [0xF7, 0xE3, 0xC1, 0x80, 0xC1, 0xE3, 0xF7, 0xFF], // 0xDA
    [0xE7, 0xE7, 0xE7, 0x00, 0x00, 0xE7, 0xE7, 0xE7], // 0xDB
    [0x3F, 0x3F, 0xCF, 0xCF, 0x3F, 0x3F, 0xCF, 0xCF], // 0xDC
    [0xE7, 0xE7, 0xE7, 0xE7, 0xE7, 0xE7, 0xE7, 0xE7], // 0xDD
    [0xFF, 0xFF, 0xFC, 0xC1, 0x89, 0xC9, 0xC9, 0xFF], // 0xDE
    [0x00, 0x80, 0xC0, 0xE0, 0xF0, 0xF8, 0xFC, 0xFE], // 0xDF
    [0xFF, 0xFF, 0xFF, 0xFF, 0xFF, 0xFF, 0xFF, 0xFF], // 0xE0
    [0x0F, 0x0F, 0x0F, 0x0F, 0x0F, 0x0F, 0x0F, 0x0F], // 0xE1
    [0xFF, 0xFF, 0xFF, 0xFF, 0x00, 0x00, 0x00, 0x00], // 0xE2
    [0x00, 0xFF, 0xFF, 0xFF, 0xFF, 0xFF, 0xFF, 0xFF], // 0xE3
    [0xFF, 0xFF, 0xFF, 0xFF, 0xFF, 0xFF, 0xFF, 0x00], // 0xE4
    [0x3F, 0x3F, 0x3F, 0x3F, 0x3F, 0x3F, 0x3F, 0x3F], // 0xE5
    [0x33, 0x33, 0xCC, 0xCC, 0x33, 0x33, 0xCC, 0xCC], // 0xE6
    [0xFC, 0xFC, 0xFC, 0xFC, 0xFC, 0xFC, 0xFC, 0xFC], // 0xE7
    [0xFF, 0xFF, 0xFF, 0xFF, 0x33, 0x33, 0xCC, 0xCC], // 0xE8
    [0x00, 0x01, 0x03, 0x07, 0x0F, 0x1F, 0x3F, 0x7F], // 0xE9
    [0xFC, 0xFC, 0xFC, 0xFC, 0xFC, 0xFC, 0xFC, 0xFC], // 0xEA
    [0xE7, 0xE7, 0xE7, 0xE0, 0xE0, 0xE7, 0xE7, 0xE7], // 0xEB
    [0xFF, 0xFF, 0xFF, 0xFF, 0xF0, 0xF0, 0xF0, 0xF0], // 0xEC
    [0xE7, 0xE7, 0xE7, 0xE0, 0xE0, 0xFF, 0xFF, 0xFF], // 0xED
    [0xFF, 0xFF, 0xFF, 0x07, 0x07, 0xE7, 0xE7, 0xE7], // 0xEE
    [0xFF, 0xFF, 0xFF, 0xFF, 0xFF, 0xFF, 0x00, 0x00], // 0xEF
    [0xFF, 0xFF, 0xFF, 0xE0, 0xE0, 0xE7, 0xE7, 0xE7], // 0xF0
    [0xE7, 0xE7, 0xE7, 0x00, 0x00, 0xFF, 0xFF, 0xFF], // 0xF1
    [0xFF, 0xFF, 0xFF, 0x00, 0x00, 0xE7, 0xE7, 0xE7], // 0xF2
    [0xE7, 0xE7, 0xE7, 0x07, 0x07, 0xE7, 0xE7, 0xE7], // 0xF3
    [0x3F, 0x3F, 0x3F, 0x3F, 0x3F, 0x3F, 0x3F, 0x3F], // 0xF4
    [0x1F, 0x1F, 0x1F, 0x1F, 0x1F, 0x1F, 0x1F, 0x1F], // 0xF5
    [0xF8, 0xF8, 0xF8, 0xF8, 0xF8, 0xF8, 0xF8, 0xF8], // 0xF6
    [0x00, 0x00, 0xFF, 0xFF, 0xFF, 0xFF, 0xFF, 0xFF], // 0xF7
    [0x00, 0x00, 0x00, 0xFF, 0xFF, 0xFF, 0xFF, 0xFF], // 0xF8
    [0xFF, 0xFF, 0xFF, 0xFF, 0xFF, 0x00, 0x00, 0x00], // 0xF9
    [0xFC, 0xFC, 0xFC, 0xFC, 0xFC, 0xFC, 0x00, 0x00], // 0xFA
    [0xFF, 0xFF, 0xFF, 0xFF, 0x0F, 0x0F, 0x0F, 0x0F], // 0xFB
    [0xF0, 0xF0, 0xF0, 0xF0, 0xFF, 0xFF, 0xFF, 0xFF], // 0xFC
    [0xE7, 0xE7, 0xE7, 0x07, 0x07, 0xFF, 0xFF, 0xFF], // 0xFD
    [0x0F, 0x0F, 0x0F, 0x0F, 0xFF, 0xFF, 0xFF, 0xFF], // 0xFE
    [0x0F, 0x0F, 0x0F, 0x0F, 0xF0, 0xF0, 0xF0, 0xF0], // 0xFF
];

pub const C16: Font = [
    [0x3C, 0x66, 0x6E, 0x6E, 0x60, 0x62, 0x3C, 0x00], // 0x00
    [0x18, 0x3C, 0x66, 0x7E, 0x66, 0x66, 0x66, 0x00], // 0x01
    [0x7C, 0x66, 0x66, 0x7C, 0x66, 0x66, 0x7C, 0x00], // 0x02
    [0x3C, 0x66, 0x60, 0x60, 0x60, 0x66, 0x3C, 0x00], // 0x03
    [0x78, 0x6C, 0x66, 0x66, 0x66, 0x6C, 0x78, 0x00], // 0x04
    [0x7E, 0x60, 0x60, 0x78, 0x60, 0x60, 0x7E, 0x00], // 0x05
    [0x7E, 0x60, 0x60, 0x78, 0x60, 0x60, 0x60, 0x00], // 0x06
    [0x3C, 0x66, 0x60, 0x6E, 0x66, 0x66, 0x3C, 0x00], // 0x07
    [0x66, 0x66, 0x66, 0x7E, 0x66, 0x66, 0x66, 0x00], // 0x08
    [0x3C, 0x18, 0x18, 0x18, 0x18, 0x18, 0x3C, 0x00], // 0x09
    [0x1E, 0x0C, 0x0C, 0x0C, 0x0C, 0x6C, 0x38, 0x00], // 0x0A
    [0x66, 0x6C, 0x78, 0x70, 0x78, 0x6C, 0x66, 0x00], // 0x0B
    [0x60, 0x60, 0x60, 0x60, 0x60, 0x60, 0x7E, 0x00], // 0x0C
    [0x63, 0x77, 0x7F, 0x6B, 0x63, 0x63, 0x63, 0x00], // 0x0D
    [0x66, 0x76, 0x7E, 0x7E, 0x6E, 0x66, 0x66, 0x00], // 0x0E
    [0x3C, 0x66, 0x66, 0x66, 0x66, 0x66, 0x3C, 0x00], // 0x0F
    [0x7C, 0x66, 0x66, 0x7C, 0x60, 0x60, 0x60, 0x00], // 0x10
    [0x3C, 0x66, 0x66, 0x66, 0x66, 0x3C, 0x0E, 0x00], // 0x11
    [0x7C, 0x66, 0x66, 0x7C, 0x78, 0x6C, 0x66, 0x00], // 0x12
    [0x3C, 0x66, 0x60, 0x3C, 0x06, 0x66, 0x3C, 0x00], // 0x13
    [0x7E, 0x18, 0x18, 0x18, 0x18, 0x18, 0x18, 0x00], // 0x14
    [0x66, 0x66, 0x66, 0x66, 0x66, 0x66, 0x3C, 0x00], // 0x15
    [0x66, 0x66, 0x66, 0x66, 0x66, 0x3C, 0x18, 0x00], // 0x16
    [0x63, 0x63, 0x63, 0x6B, 0x7F, 0x77, 0x63, 0x00], // 0x17
    [0x66, 0x66, 0x3C, 0x18, 0x3C, 0x66, 0x66, 0x00], // 0x18
    [0x66, 0x66, 0x66, 0x3C, 0x18, 0x18, 0x18, 0x00], // 0x19
    [0x7E, 0x06, 0x0C, 0x18, 0x30, 0x60, 0x7E, 0x00], // 0x1A
    [0x3C, 0x30, 0x30, 0x30, 0x30, 0x30, 0x3C, 0x00], // 0x1B
    [0x0C, 0x12, 0x30, 0x7C, 0x30, 0x62, 0xFC, 0x00], // 0x1C
    [0x3C, 0x0C, 0x0C, 0x0C, 0x0C, 0x0C, 0x3C, 0x00], // 0x1D
    [0x00, 0x18, 0x3C, 0x7E, 0x18, 0x18, 0x18, 0x18], // 0x1E
    [0x00, 0x10, 0x30, 0x7F, 0x7F, 0x30, 0x10, 0x00], // 0x1F
    [0x00, 0x00, 0x00, 0x00, 0x00, 0x00, 0x00, 0x00], // 0x20
    [0x18, 0x18, 0x18, 0x18, 0x00, 0x00, 0x18, 0x00], // 0x21
    [0x66, 0x66, 0x66, 0x00, 0x00, 0x00, 0x00, 0x00], // 0x22
    [0x66, 0x66, 0xFF, 0x66, 0xFF, 0x66, 0x66, 0x00], // 0x23
    [0x18, 0x3E, 0x60, 0x3C, 0x06, 0x7C, 0x18, 0x00], // 0x24
    [0x62, 0x66, 0x0C, 0x18, 0x30, 0x66, 0x46, 0x00], // 0x25
    [0x3C, 0x66, 0x3C, 0x38, 0x67, 0x66, 0x3F, 0x00], // 0x26
    [0x06, 0x0C, 0x18, 0x00, 0x00, 0x00, 0x00, 0x00], // 0x27
    [0x0C, 0x18, 0x30, 0x30, 0x30, 0x18, 0x0C, 0x00], // 0x28
    [0x30, 0x18, 0x0C, 0x0C, 0x0C, 0x18, 0x30, 0x00], // 0x29
    [0x00, 0x66, 0x3C, 0xFF, 0x3C, 0x66, 0x00, 0x00], // 0x2A
    [0x00, 0x18, 0x18, 0x7E, 0x18, 0x18, 0x00, 0x00], // 0x2B
    [0x00, 0x00, 0x00, 0x00, 0x00, 0x18, 0x18, 0x30], // 0x2C
    [0x00, 0x00, 0x00, 0x7E, 0x00, 0x00, 0x00, 0x00], // 0x2D
    [0x00, 0x00, 0x00, 0x00, 0x00, 0x18, 0x18, 0x00], // 0x2E
    [0x00, 0x03, 0x06, 0x0C, 0x18, 0x30, 0x60, 0x00], // 0x2F
    [0x3C, 0x66, 0x6E, 0x76, 0x66, 0x66, 0x3C, 0x00], // 0x30
    [0x18, 0x18, 0x38, 0x18, 0x18, 0x18, 0x7E, 0x00], // 0x31
    [0x3C, 0x66, 0x06, 0x0C, 0x30, 0x60, 0x7E, 0x00], // 0x32
    [0x3C, 0x66, 0x06, 0x1C, 0x06, 0x66, 0x3C, 0x00], // 0x33
    [0x06, 0x0E, 0x1E, 0x66, 0x7F, 0x06, 0x06, 0x00], // 0x34
    [0x7E, 0x60, 0x7C, 0x06, 0x06, 0x66, 0x3C, 0x00], // 0x35
    [0x3C, 0x66, 0x60, 0x7C, 0x66, 0x66, 0x3C, 0x00], // 0x36
    [0x7E, 0x66, 0x0C, 0x18, 0x18, 0x18, 0x18, 0x00], // 0x37
    [0x3C, 0x66, 0x66, 0x3C, 0x66, 0x66, 0x3C, 0x00], // 0x38
    [0x3C, 0x66, 0x66, 0x3E, 0x06, 0x66, 0x3C, 0x00], // 0x39
    [0x00, 0x00, 0x18, 0x00, 0x00, 0x18, 0x00, 0x00], // 0x3A
    [0x00, 0x00, 0x18, 0x00, 0x00, 0x18, 0x18, 0x30], // 0x3B
    [0x0E, 0x18, 0x30, 0x60, 0x30, 0x18, 0x0E, 0x00], // 0x3C
    [0x00, 0x00, 0x7E, 0x00, 0x7E, 0x00, 0x00, 0x00], // 0x3D
    [0x70, 0x18, 0x0C, 0x06, 0x0C, 0x18, 0x70, 0x00], // 0x3E
    [0x3C, 0x66, 0x06, 0x0C, 0x18, 0x00, 0x18, 0x00], // 0x3F
    [0x00, 0x00, 0x00, 0xFF, 0xFF, 0x00, 0x00, 0x00], // 0x40
    [0x08, 0x1C, 0x3E, 0x7F, 0x7F, 0x1C, 0x3E, 0x00], // 0x41
    [0x18, 0x18, 0x18, 0x18, 0x18, 0x18, 0x18, 0x18], // 0x42
    [0x00, 0x00, 0x00, 0xFF, 0xFF, 0x00, 0x00, 0x00], // 0x43
    [0x00, 0x00, 0xFF, 0xFF, 0x00, 0x00, 0x00, 0x00], // 0x44
    [0x00, 0xFF, 0xFF, 0x00, 0x00, 0x00, 0x00, 0x00], // 0x45
    [0x00, 0x00, 0x00, 0x00, 0xFF, 0xFF, 0x00, 0x00], // 0x46
    [0x30, 0x30, 0x30, 0x30, 0x30, 0x30, 0x30, 0x30], // 0x47
    [0x0C, 0x0C, 0x0C, 0x0C, 0x0C, 0x0C, 0x0C, 0x0C], // 0x48
    [0x00, 0x00, 0x00, 0xE0, 0xF0, 0x38, 0x18, 0x18], // 0x49
    [0x18, 0x18, 0x1C, 0x0F, 0x07, 0x00, 0x00, 0x00], // 0x4A
    [0x18, 0x18, 0x38, 0xF0, 0xE0, 0x00, 0x00, 0x00], // 0x4B
    [0xC0, 0xC0, 0xC0, 0xC0, 0xC0, 0xC0, 0xFF, 0xFF], // 0x4C
    [0xC0, 0xE0, 0x70, 0x38, 0x1C, 0x0E, 0x07, 0x03], // 0x4D
    [0x03, 0x07, 0x0E, 0x1C, 0x38, 0x70, 0xE0, 0xC0], // 0x4E
    [0xFF, 0xFF, 0xC0, 0xC0, 0xC0, 0xC0, 0xC0, 0xC0], // 0x4F
    [0xFF, 0xFF, 0x03, 0x03, 0x03, 0x03, 0x03, 0x03], // 0x50
    [0x00, 0x3C, 0x7E, 0x7E, 0x7E, 0x7E, 0x3C, 0x00], // 0x51
    [0x00, 0x00, 0x00, 0x00, 0x00, 0xFF, 0xFF, 0x00], // 0x52
    [0x36, 0x7F, 0x7F, 0x7F, 0x3E, 0x1C, 0x08, 0x00], // 0x53
    [0x60, 0x60, 0x60, 0x60, 0x60, 0x60, 0x60, 0x60], // 0x54
    [0x00, 0x00, 0x00, 0x07, 0x0F, 0x1C, 0x18, 0x18], // 0x55
    [0xC3, 0xE7, 0x7E, 0x3C, 0x3C, 0x7E, 0xE7, 0xC3], // 0x56
    [0x00, 0x3C, 0x7E, 0x66, 0x66, 0x7E, 0x3C, 0x00], // 0x57
    [0x18, 0x18, 0x66, 0x66, 0x18, 0x18, 0x3C, 0x00], // 0x58
    [0x06, 0x06, 0x06, 0x06, 0x06, 0x06, 0x06, 0x06], // 0x59
    [0x08, 0x1C, 0x3E, 0x7F, 0x3E, 0x1C, 0x08, 0x00], // 0x5A
    [0x18, 0x18, 0x18, 0xFF, 0xFF, 0x18, 0x18, 0x18], // 0x5B
    [0xC0, 0xC0, 0x30, 0x30, 0xC0, 0xC0, 0x30, 0x30], // 0x5C
    [0x18, 0x18, 0x18, 0x18, 0x18, 0x18, 0x18, 0x18], // 0x5D
    [0x00, 0x00, 0x03, 0x3E, 0x76, 0x36, 0x36, 0x00], // 0x5E
    [0xFF, 0x7F, 0x3F, 0x1F, 0x0F, 0x07, 0x03, 0x01], // 0x5F
    [0x00, 0x00, 0x00, 0x00, 0x00, 0x00, 0x00, 0x00], // 0x60
    [0xF0, 0xF0, 0xF0, 0xF0, 0xF0, 0xF0, 0xF0, 0xF0], // 0x61
    [0x00, 0x00, 0x00, 0x00, 0xFF, 0xFF, 0xFF, 0xFF], // 0x62
    [0xFF, 0x00, 0x00, 0x00, 0x00, 0x00, 0x00, 0x00], // 0x63
    [0x00, 0x00, 0x00, 0x00, 0x00, 0x00, 0x00, 0xFF], // 0x64
    [0xC0, 0xC0, 0xC0, 0xC0, 0xC0, 0xC0, 0xC0, 0xC0], // 0x65
    [0xCC, 0xCC, 0x33, 0x33, 0xCC, 0xCC, 0x33, 0x33], // 0x66
    [0x03, 0x03, 0x03, 0x03, 0x03, 0x03, 0x03, 0x03], // 0x67
    [0x00, 0x00, 0x00, 0x00, 0xCC, 0xCC, 0x33, 0x33], // 0x68
    [0xFF, 0xFE, 0xFC, 0xF8, 0xF0, 0xE0, 0xC0, 0x80], // 0x69
    [0x03, 0x03, 0x03, 0x03, 0x03, 0x03, 0x03, 0x03], // 0x6A
    [0x18, 0x18, 0x18, 0x1F, 0x1F, 0x18, 0x18, 0x18], // 0x6B
    [0x00, 0x00, 0x00, 0x00, 0x0F, 0x0F, 0x0F, 0x0F], // 0x6C
    [0x18, 0x18, 0x18, 0x1F, 0x1F, 0x00, 0x00, 0x00], // 0x6D
    [0x00, 0x00, 0x00, 0xF8, 0xF8, 0x18, 0x18, 0x18], // 0x6E
    [0x00, 0x00, 0x00, 0x00, 0x00, 0x00, 0xFF, 0xFF], // 0x6F
    [0x00, 0x00, 0x00, 0x1F, 0x1F, 0x18, 0x18, 0x18], // 0x70
    [0x18, 0x18, 0x18, 0xFF, 0xFF, 0x00, 0x00, 0x00], // 0x71
    [0x00, 0x00, 0x00, 0xFF, 0xFF, 0x18, 0x18, 0x18], // 0x72
    [0x18, 0x18, 0x18, 0xF8, 0xF8, 0x18, 0x18, 0x18], // 0x73
    [0xC0, 0xC0, 0xC0, 0xC0, 0xC0, 0xC0, 0xC0, 0xC0], // 0x74
    [0xE0, 0xE0, 0xE0, 0xE0, 0xE0, 0xE0, 0xE0, 0xE0], // 0x75
    [0x07, 0x07, 0x07, 0x07, 0x07, 0x07, 0x07, 0x07], // 0x76
    [0xFF, 0xFF, 0x00, 0x00, 0x00, 0x00, 0x00, 0x00], // 0x77
    [0xFF, 0xFF, 0xFF, 0x00, 0x00, 0x00, 0x00, 0x00], // 0x78
    [0x00, 0x00, 0x00, 0x00, 0x00, 0xFF, 0xFF, 0xFF], // 0x79
    [0x03, 0x03, 0x03, 0x03, 0x03, 0x03, 0xFF, 0xFF], // 0x7A
    [0x00, 0x00, 0x00, 0x00, 0xF0, 0xF0, 0xF0, 0xF0], // 0x7B
    [0x0F, 0x0F, 0x0F, 0x0F, 0x00, 0x00, 0x00, 0x00], // 0x7C
    [0x18, 0x18, 0x18, 0xF8, 0xF8, 0x00, 0x00, 0x00], // 0x7D
    [0xF0, 0xF0, 0xF0, 0xF0, 0x00, 0x00, 0x00, 0x00], // 0x7E
    [0xF0, 0xF0, 0xF0, 0xF0, 0x0F, 0x0F, 0x0F, 0x0F], // 0x7F
    [0x3C, 0x66, 0x6E, 0x6E, 0x60, 0x62, 0x3C, 0x00], // 0x80
    [0x00, 0x00, 0x3C, 0x06, 0x3E, 0x66, 0x3E, 0x00], // 0x81
    [0x60, 0x60, 0x7C, 0x66, 0x66, 0x66, 0x7C, 0x00], // 0x82
    [0x00, 0x00, 0x3C, 0x66, 0x60, 0x66, 0x3C, 0x00], // 0x83
    [0x06, 0x06, 0x3E, 0x66, 0x66, 0x66, 0x3E, 0x00], // 0x84
    [0x00, 0x00, 0x3C, 0x66, 0x7E, 0x60, 0x3E, 0x00], // 0x85
    [0x1C, 0x36, 0x30, 0x78, 0x30, 0x30, 0x30, 0x00], // 0x86
    [0x00, 0x00, 0x3E, 0x66, 0x66, 0x3E, 0x06, 0x7C], // 0x87
    [0x60, 0x60, 0x7C, 0x66, 0x66, 0x66, 0x66, 0x00], // 0x88
    [0x18, 0x00, 0x18, 0x18, 0x18, 0x18, 0x18, 0x00], // 0x89
    [0x06, 0x00, 0x06, 0x06, 0x06, 0x06, 0x66, 0x3C], // 0x8A
    [0x60, 0x60, 0x66, 0x6C, 0x78, 0x7C, 0x66, 0x00], // 0x8B
    [0x38, 0x18, 0x18, 0x18, 0x18, 0x18, 0x3C, 0x00], // 0x8C
    [0x00, 0x00, 0x6B, 0x7F, 0x7F, 0x63, 0x63, 0x00], // 0x8D
    [0x00, 0x00, 0x7C, 0x66, 0x66, 0x66, 0x66, 0x00], // 0x8E
    [0x00, 0x00, 0x3C, 0x66, 0x66, 0x66, 0x3C, 0x00], // 0x8F
    [0x00, 0x00, 0x7C, 0x66, 0x66, 0x7C, 0x60, 0x60], // 0x90
    [0x00, 0x00, 0x3E, 0x66, 0x66, 0x3E, 0x06, 0x06], // 0x91
    [0x00, 0x00, 0x7C, 0x66, 0x60, 0x60, 0x60, 0x00], // 0x92
    [0x00, 0x00, 0x3C, 0x60, 0x3C, 0x06, 0x7C, 0x00], // 0x93
    [0x30, 0x30, 0xFC, 0x30, 0x30, 0x36, 0x1C, 0x00], // 0x94
    [0x00, 0x00, 0x66, 0x66, 0x66, 0x66, 0x3C, 0x00], // 0x95
    [0x00, 0x00, 0x66, 0x66, 0x66, 0x3C, 0x18, 0x00], // 0x96
    [0x00, 0x00, 0x63, 0x6B, 0x7F, 0x36, 0x22, 0x00], // 0x97
    [0x00, 0x00, 0x66, 0x3C, 0x18, 0x3C, 0x66, 0x00], // 0x98
    [0x00, 0x00, 0x66, 0x66, 0x66, 0x3E, 0x06, 0x7C], // 0x99
    [0x00, 0x00, 0x7E, 0x0C, 0x18, 0x30, 0x7E, 0x00], // 0x9A
    [0x3C, 0x30, 0x30, 0x30, 0x30, 0x30, 0x3C, 0x00], // 0x9B
    [0x0C, 0x12, 0x30, 0x7C, 0x30, 0x62, 0xFC, 0x00], // 0x9C
    [0x3C, 0x0C, 0x0C, 0x0C, 0x0C, 0x0C, 0x3C, 0x00], // 0x9D
    [0x00, 0x18, 0x3C, 0x7E, 0x18, 0x18, 0x18, 0x18], // 0x9E
    [0x00, 0x10, 0x30, 0x7F, 0x7F, 0x30, 0x10, 0x00], // 0x9F
    [0x00, 0x00, 0x00, 0x00, 0x00, 0x00, 0x00, 0x00], // 0xA0
    [0x18, 0x18, 0x18, 0x18, 0x00, 0x00, 0x18, 0x00], // 0xA1
    [0x66, 0x66, 0x66, 0x00, 0x00, 0x00, 0x00, 0x00], // 0xA2
    [0x66, 0x66, 0xFF, 0x66, 0xFF, 0x66, 0x66, 0x00], // 0xA3
    [0x18, 0x3E, 0x60, 0x3C, 0x06, 0x7C, 0x18, 0x00], // 0xA4
    [0x62, 0x66, 0x0C, 0x18, 0x30, 0x66, 0x46, 0x00], // 0xA5
    [0x3C, 0x66, 0x3C, 0x38, 0x67, 0x66, 0x3F, 0x00], // 0xA6
    [0x06, 0x0C, 0x18, 0x00, 0x00, 0x00, 0x00, 0x00], // 0xA7
    [0x0C, 0x18, 0x30, 0x30, 0x30, 0x18, 0x0C, 0x00], // 0xA8
    [0x30, 0x18, 0x0C, 0x0C, 0x0C, 0x18, 0x30, 0x00], // 0xA9
    [0x00, 0x66, 0x3C, 0xFF, 0x3C, 0x66, 0x00, 0x00], // 0xAA
    [0x00, 0x18, 0x18, 0x7E, 0x18, 0x18, 0x00, 0x00], // 0xAB
    [0x00, 0x00, 0x00, 0x00, 0x00, 0x18, 0x18, 0x30], // 0xAC
    [0x00, 0x00, 0x00, 0x7E, 0x00, 0x00, 0x00, 0x00], // 0xAD
    [0x00, 0x00, 0x00, 0x00, 0x00, 0x18, 0x18, 0x00], // 0xAE
    [0x00, 0x03, 0x06, 0x0C, 0x18, 0x30, 0x60, 0x00], // 0xAF
    [0x3C, 0x66, 0x6E, 0x76, 0x66, 0x66, 0x3C, 0x00], // 0xB0
    [0x18, 0x18, 0x38, 0x18, 0x18, 0x18, 0x7E, 0x00], // 0xB1
    [0x3C, 0x66, 0x06, 0x0C, 0x30, 0x60, 0x7E, 0x00], // 0xB2
    [0x3C, 0x66, 0x06, 0x1C, 0x06, 0x66, 0x3C, 0x00], // 0xB3
    [0x06, 0x0E, 0x1E, 0x66, 0x7F, 0x06, 0x06, 0x00], // 0xB4
    [0x7E, 0x60, 0x7C, 0x06, 0x06, 0x66, 0x3C, 0x00], // 0xB5
    [0x3C, 0x66, 0x60, 0x7C, 0x66, 0x66, 0x3C, 0x00], // 0xB6
    [0x7E, 0x66, 0x0C, 0x18, 0x18, 0x18, 0x18, 0x00], // 0xB7
    [0x3C, 0x66, 0x66, 0x3C, 0x66, 0x66, 0x3C, 0x00], // 0xB8
    [0x3C, 0x66, 0x66, 0x3E, 0x06, 0x66, 0x3C, 0x00], // 0xB9
    [0x00, 0x00, 0x18, 0x00, 0x00, 0x18, 0x00, 0x00], // 0xBA
    [0x00, 0x00, 0x18, 0x00, 0x00, 0x18, 0x18, 0x30], // 0xBB
    [0x0E, 0x18, 0x30, 0x60, 0x30, 0x18, 0x0E, 0x00], // 0xBC
    [0x00, 0x00, 0x7E, 0x00, 0x7E, 0x00, 0x00, 0x00], // 0xBD
    [0x70, 0x18, 0x0C, 0x06, 0x0C, 0x18, 0x70, 0x00], // 0xBE
    [0x3C, 0x66, 0x06, 0x0C, 0x18, 0x00, 0x18, 0x00], // 0xBF
    [0x00, 0x00, 0x00, 0xFF, 0xFF, 0x00, 0x00, 0x00], // 0xC0
    [0x18, 0x3C, 0x66, 0x7E, 0x66, 0x66, 0x66, 0x00], // 0xC1
    [0x7C, 0x66, 0x66, 0x7C, 0x66, 0x66, 0x7C, 0x00], // 0xC2
    [0x3C, 0x66, 0x60, 0x60, 0x60, 0x66, 0x3C, 0x00], // 0xC3
    [0x78, 0x6C, 0x66, 0x66, 0x66, 0x6C, 0x78, 0x00], // 0xC4
    [0x7E, 0x60, 0x60, 0x78, 0x60, 0x60, 0x7E, 0x00], // 0xC5
    [0x7E, 0x60, 0x60, 0x78, 0x60, 0x60, 0x60, 0x00], // 0xC6
    [0x3C, 0x66, 0x60, 0x6E, 0x66, 0x66, 0x3C, 0x00], // 0xC7
    [0x66, 0x66, 0x66, 0x7E, 0x66, 0x66, 0x66, 0x00], // 0xC8
    [0x3C, 0x18, 0x18, 0x18, 0x18, 0x18, 0x3C, 0x00], // 0xC9
    [0x1E, 0x0C, 0x0C, 0x0C, 0x0C, 0x6C, 0x38, 0x00], // 0xCA
    [0x66, 0x6C, 0x78, 0x70, 0x78, 0x6C, 0x66, 0x00], // 0xCB
    [0x60, 0x60, 0x60, 0x60, 0x60, 0x60, 0x7E, 0x00], // 0xCC
    [0x63, 0x77, 0x7F, 0x6B, 0x63, 0x63, 0x63, 0x00], // 0xCD
    [0x66, 0x76, 0x7E, 0x7E, 0x6E, 0x66, 0x66, 0x00], // 0xCE
    [0x3C, 0x66, 0x66, 0x66, 0x66, 0x66, 0x3C, 0x00], // 0xCF
    [0x7C, 0x66, 0x66, 0x7C, 0x60, 0x60, 0x60, 0x00], // 0xD0
    [0x3C, 0x66, 0x66, 0x66, 0x66, 0x3C, 0x0E, 0x00], // 0xD1
    [0x7C, 0x66, 0x66, 0x7C, 0x78, 0x6C, 0x66, 0x00], // 0xD2
    [0x3C, 0x66, 0x60, 0x3C, 0x06, 0x66, 0x3C, 0x00], // 0xD3
    [0x7E, 0x18, 0x18, 0x18, 0x18, 0x18, 0x18, 0x00], // 0xD4
    [0x66, 0x66, 0x66, 0x66, 0x66, 0x66, 0x3C, 0x00], // 0xD5
    [0x66, 0x66, 0x66, 0x66, 0x66, 0x3C, 0x18, 0x00], // 0xD6
    [0x63, 0x63, 0x63, 0x6B, 0x7F, 0x77, 0x63, 0x00], // 0xD7
    [0x66, 0x66, 0x3C, 0x18, 0x3C, 0x66, 0x66, 0x00], // 0xD8
    [0x66, 0x66, 0x66, 0x3C, 0x18, 0x18, 0x18, 0x00], // 0xD9
    [0x7E, 0x06, 0x0C, 0x18, 0x30, 0x60, 0x7E, 0x00], // 0xDA
    [0x18, 0x18, 0x18, 0xFF, 0xFF, 0x18, 0x18, 0x18], // 0xDB
    [0xC0, 0xC0, 0x30, 0x30, 0xC0, 0xC0, 0x30, 0x30], // 0xDC
    [0x18, 0x18, 0x18, 0x18, 0x18, 0x18, 0x18, 0x18], // 0xDD
    [0x33, 0x33, 0xCC, 0xCC, 0x33, 0x33, 0xCC, 0xCC], // 0xDE
    [0x33, 0x99, 0xCC, 0x66, 0x33, 0x99, 0xCC, 0x66], // 0xDF
    [0x00, 0x00, 0x00, 0x00, 0x00, 0x00, 0x00, 0x00], // 0xE0
    [0xF0, 0xF0, 0xF0, 0xF0, 0xF0, 0xF0, 0xF0, 0xF0], // 0xE1
    [0x00, 0x00, 0x00, 0x00, 0xFF, 0xFF, 0xFF, 0xFF], // 0xE2
    [0xFF, 0x00, 0x00, 0x00, 0x00, 0x00, 0x00, 0x00], // 0xE3
    [0x00, 0x00, 0x00, 0x00, 0x00, 0x00, 0x00, 0xFF], // 0xE4
    [0xC0, 0xC0, 0xC0, 0xC0, 0xC0, 0xC0, 0xC0, 0xC0], // 0xE5
    [0xCC, 0xCC, 0x33, 0x33, 0xCC, 0xCC, 0x33, 0x33], // 0xE6
    [0x03, 0x03, 0x03, 0x03, 0x03, 0x03, 0x03, 0x03], // 0xE7
    [0x00, 0x00, 0x00, 0x00, 0xCC, 0xCC, 0x33, 0x33], // 0xE8
    [0xCC, 0x99, 0x33, 0x66, 0xCC, 0x99, 0x33, 0x66], // 0xE9
    [0x03, 0x03, 0x03, 0x03, 0x03, 0x03, 0x03, 0x03], // 0xEA
    [0x18, 0x18, 0x18, 0x1F, 0x1F, 0x18, 0x18, 0x18], // 0xEB
    [0x00, 0x00, 0x00, 0x00, 0x0F, 0x0F, 0x0F, 0x0F], // 0xEC
    [0x18, 0x18, 0x18, 0x1F, 0x1F, 0x00, 0x00, 0x00], // 0xED
    [0x00, 0x00, 0x00, 0xF8, 0xF8, 0x18, 0x18, 0x18], // 0xEE
    [0x00, 0x00, 0x00, 0x00, 0x00, 0x00, 0xFF, 0xFF], // 0xEF
    [0x00, 0x00, 0x00, 0x1F, 0x1F, 0x18, 0x18, 0x18], // 0xF0
    [0x18, 0x18, 0x18, 0xFF, 0xFF, 0x00, 0x00, 0x00], // 0xF1
    [0x00, 0x00, 0x00, 0xFF, 0xFF, 0x18, 0x18, 0x18], // 0xF2
    [0x18, 0x18, 0x18, 0xF8, 0xF8, 0x18, 0x18, 0x18], // 0xF3
    [0xC0, 0xC0, 0xC0, 0xC0, 0xC0, 0xC0, 0xC0, 0xC0], // 0xF4
    [0xE0, 0xE0, 0xE0, 0xE0, 0xE0, 0xE0, 0xE0, 0xE0], // 0xF5
    [0x07, 0x07, 0x07, 0x07, 0x07, 0x07, 0x07, 0x07], // 0xF6
    [0xFF, 0xFF, 0x00, 0x00, 0x00, 0x00, 0x00, 0x00], // 0xF7
    [0xFF, 0xFF, 0xFF, 0x00, 0x00, 0x00, 0x00, 0x00], // 0xF8
    [0x00, 0x00, 0x00, 0x00, 0x00, 0xFF, 0xFF, 0xFF], // 0xF9
    [0x01, 0x03, 0x06, 0x6C, 0x78, 0x70, 0x60, 0x00], // 0xFA
    [0x00, 0x00, 0x00, 0x00, 0xF0, 0xF0, 0xF0, 0xF0], // 0xFB
    [0x0F, 0x0F, 0x0F, 0x0F, 0x00, 0x00, 0x00, 0x00], // 0xFC
    [0x18, 0x18, 0x18, 0xF8, 0xF8, 0x00, 0x00, 0x00], // 0xFD
    [0xF0, 0xF0, 0xF0, 0xF0, 0x00, 0x00, 0x00, 0x00], // 0xFE
    [0xF0, 0xF0, 0xF0, 0xF0, 0x0F, 0x0F, 0x0F, 0x0F], // 0xFF
];

pub const ATARI_CLASSIC: Font = [
    [0x00, 0x00, 0x00, 0x00, 0x00, 0x00, 0x00, 0x00], // 0x00
    [0x00, 0x18, 0x18, 0x18, 0x18, 0x00, 0x18, 0x00], // 0x01
    [0x00, 0x66, 0x66, 0x66, 0x00, 0x00, 0x00, 0x00], // 0x02
    [0x00, 0x66, 0xFF, 0x66, 0x66, 0xFF, 0x66, 0x00], // 0x03
    [0x18, 0x3E, 0x60, 0x3C, 0x06, 0x7C, 0x18, 0x00], // 0x04
    [0x00, 0x66, 0x6C, 0x18, 0x30, 0x66, 0x46, 0x00], // 0x05
    [0x1C, 0x36, 0x1C, 0x38, 0x6F, 0x66, 0x3B, 0x00], // 0x06
    [0x00, 0x18, 0x18, 0x18, 0x00, 0x00, 0x00, 0x00], // 0x07
    [0x00, 0x0E, 0x1C, 0x18, 0x18, 0x1C, 0x0E, 0x00], // 0x08
    [0x00, 0x70, 0x38, 0x18, 0x18, 0x38, 0x70, 0x00], // 0x09
    [0x00, 0x66, 0x3C, 0xFF, 0x3C, 0x66, 0x00, 0x00], // 0x0A
    [0x00, 0x18, 0x18, 0x7E, 0x18, 0x18, 0x00, 0x00], // 0x0B
    [0x00, 0x00, 0x00, 0x00, 0x00, 0x18, 0x18, 0x30], // 0x0C
    [0x00, 0x00, 0x00, 0x7E, 0x00, 0x00, 0x00, 0x00], // 0x0D
    [0x00, 0x00, 0x00, 0x00, 0x00, 0x18, 0x18, 0x00], // 0x0E
    [0x00, 0x06, 0x0C, 0x18, 0x30, 0x60, 0x40, 0x00], // 0x0F
    [0x00, 0x3C, 0x66, 0x6E, 0x76, 0x66, 0x3C, 0x00], // 0x10
    [0x00, 0x18, 0x38, 0x18, 0x18, 0x18, 0x7E, 0x00], // 0x11
    [0x00, 0x3C, 0x66, 0x0C, 0x18, 0x30, 0x7E, 0x00], // 0x12
    [0x00, 0x7E, 0x0C, 0x18, 0x0C, 0x66, 0x3C, 0x00], // 0x13
    [0x00, 0x0C, 0x1C, 0x3C, 0x6C, 0x7E, 0x0C, 0x00], // 0x14
    [0x00, 0x7E, 0x60, 0x7C, 0x06, 0x66, 0x3C, 0x00], // 0x15
    [0x00, 0x3C, 0x60, 0x7C, 0x66, 0x66, 0x3C, 0x00], // 0x16
    [0x00, 0x7E, 0x06, 0x0C, 0x18, 0x30, 0x30, 0x00], // 0x17
    [0x00, 0x3C, 0x66, 0x3C, 0x66, 0x66, 0x3C, 0x00], // 0x18
    [0x00, 0x3C, 0x66, 0x3E, 0x06, 0x0C, 0x38, 0x00], // 0x19
    [0x00, 0x00, 0x18, 0x18, 0x00, 0x18, 0x18, 0x00], // 0x1A
    [0x00, 0x00, 0x18, 0x18, 0x00, 0x18, 0x18, 0x30], // 0x1B
    [0x06, 0x0C, 0x18, 0x30, 0x18, 0x0C, 0x06, 0x00], // 0x1C
    [0x00, 0x00, 0x7E, 0x00, 0x00, 0x7E, 0x00, 0x00], // 0x1D
    [0x60, 0x30, 0x18, 0x0C, 0x18, 0x30, 0x60, 0x00], // 0x1E
    [0x00, 0x3C, 0x66, 0x0C, 0x18, 0x00, 0x18, 0x00], // 0x1F
    [0x00, 0x3C, 0x66, 0x6E, 0x6E, 0x60, 0x3E, 0x00], // 0x20
    [0x00, 0x18, 0x3C, 0x66, 0x66, 0x7E, 0x66, 0x00], // 0x21
    [0x00, 0x7C, 0x66, 0x7C, 0x66, 0x66, 0x7C, 0x00], // 0x22
    [0x00, 0x3C, 0x66, 0x60, 0x60, 0x66, 0x3C, 0x00], // 0x23
    [0x00, 0x78, 0x6C, 0x66, 0x66, 0x6C, 0x78, 0x00], // 0x24
    [0x00, 0x7E, 0x60, 0x7C, 0x60, 0x60, 0x7E, 0x00], // 0x25
    [0x00, 0x7E, 0x60, 0x7C, 0x60, 0x60, 0x60, 0x00], // 0x26
    [0x00, 0x3E, 0x60, 0x60, 0x6E, 0x66, 0x3E, 0x00], // 0x27
    [0x00, 0x66, 0x66, 0x7E, 0x66, 0x66, 0x66, 0x00], // 0x28
    [0x00, 0x7E, 0x18, 0x18, 0x18, 0x18, 0x7E, 0x00], // 0x29
    [0x00, 0x06, 0x06, 0x06, 0x06, 0x66, 0x3C, 0x00], // 0x2A
    [0x00, 0x66, 0x6C, 0x78, 0x78, 0x6C, 0x66, 0x00], // 0x2B
    [0x00, 0x60, 0x60, 0x60, 0x60, 0x60, 0x7E, 0x00], // 0x2C
    [0x00, 0x63, 0x77, 0x7F, 0x6B, 0x63, 0x63, 0x00], // 0x2D
    [0x00, 0x66, 0x76, 0x7E, 0x7E, 0x6E, 0x66, 0x00], // 0x2E
    [0x00, 0x3C, 0x66, 0x66, 0x66, 0x66, 0x3C, 0x00], // 0x2F
    [0x00, 0x7C, 0x66, 0x66, 0x7C, 0x60, 0x60, 0x00], // 0x30
    [0x00, 0x3C, 0x66, 0x66, 0x66, 0x6C, 0x36, 0x00], // 0x31
    [0x00, 0x7C, 0x66, 0x66, 0x7C, 0x6C, 0x66, 0x00], // 0x32
    [0x00, 0x3C, 0x60, 0x3C, 0x06, 0x06, 0x3C, 0x00], // 0x33
    [0x00, 0x7E, 0x18, 0x18, 0x18, 0x18, 0x18, 0x00], // 0x34
    [0x00, 0x66, 0x66, 0x66, 0x66, 0x66, 0x7E, 0x00], // 0x35
    [0x00, 0x66, 0x66, 0x66, 0x66, 0x3C, 0x18, 0x00], // 0x36
    [0x00, 0x63, 0x63, 0x6B, 0x7F, 0x77, 0x63, 0x00], // 0x37
    [0x00, 0x66, 0x66, 0x3C, 0x3C, 0x66, 0x66, 0x00], // 0x38
    [0x00, 0x66, 0x66, 0x3C, 0x18, 0x18, 0x18, 0x00], // 0x39
    [0x00, 0x7E, 0x0C, 0x18, 0x30, 0x60, 0x7E, 0x00], // 0x3A
    [0x00, 0x1E, 0x18, 0x18, 0x18, 0x18, 0x1E, 0x00], // 0x3B
    [0x00, 0x40, 0x60, 0x30, 0x18, 0x0C, 0x06, 0x00], // 0x3C
    [0x00, 0x78, 0x18, 0x18, 0x18, 0x18, 0x78, 0x00], // 0x3D
    [0x00, 0x08, 0x1C, 0x36, 0x63, 0x00, 0x00, 0x00], // 0x3E
    [0x00, 0x00, 0x00, 0x00, 0x00, 0x00, 0xFF, 0x00], // 0x3F
    [0x00, 0x36, 0x7F, 0x7F, 0x3E, 0x1C, 0x08, 0x00], // 0x40
    [0x18, 0x18, 0x18, 0x1F, 0x1F, 0x18, 0x18, 0x18], // 0x41
    [0x03, 0x03, 0x03, 0x03, 0x03, 0x03, 0x03, 0x03], // 0x42
    [0x18, 0x18, 0x18, 0xF8, 0xF8, 0x00, 0x00, 0x00], // 0x43
    [0x18, 0x18, 0x18, 0xF8, 0xF8, 0x18, 0x18, 0x18], // 0x44
    [0x00, 0x00, 0x00, 0xF8, 0xF8, 0x18, 0x18, 0x18], // 0x45
    [0x03, 0x07, 0x0E, 0x1C, 0x38, 0x70, 0xE0, 0xC0], // 0x46
    [0xC0, 0xE0, 0x70, 0x38, 0x1C, 0x0E, 0x07, 0x03], // 0x47
    [0x01, 0x03, 0x07, 0x0F, 0x1F, 0x3F, 0x7F, 0xFF], // 0x48
    [0x00, 0x00, 0x00, 0x00, 0x0F, 0x0F, 0x0F, 0x0F], // 0x49
    [0x80, 0xC0, 0xE0, 0xF0, 0xF8, 0xFC, 0xFE, 0xFF], // 0x4A
    [0x0F, 0x0F, 0x0F, 0x0F, 0x00, 0x00, 0x00, 0x00], // 0x4B
    [0xF0, 0xF0, 0xF0, 0xF0, 0x00, 0x00, 0x00, 0x00], // 0x4C
    [0xFF, 0xFF, 0x00, 0x00, 0x00, 0x00, 0x00, 0x00], // 0x4D
    [0x00, 0x00, 0x00, 0x00, 0x00, 0x00, 0xFF, 0xFF], // 0x4E
    [0x00, 0x00, 0x00, 0x00, 0xF0, 0xF0, 0xF0, 0xF0], // 0x4F
    [0x00, 0x1C, 0x1C, 0x77, 0x77, 0x08, 0x1C, 0x00], // 0x50
    [0x00, 0x00, 0x00, 0x1F, 0x1F, 0x18, 0x18, 0x18], // 0x51
    [0x00, 0x00, 0x00, 0xFF, 0xFF, 0x00, 0x00, 0x00], // 0x52
    [0x18, 0x18, 0x18, 0xFF, 0xFF, 0x18, 0x18, 0x18], // 0x53
    [0x00, 0x00, 0x3C, 0x7E, 0x7E, 0x7E, 0x3C, 0x00], // 0x54
    [0x00, 0x00, 0x00, 0x00, 0xFF, 0xFF, 0xFF, 0xFF], // 0x55
    [0xC0, 0xC0, 0xC0, 0xC0, 0xC0, 0xC0, 0xC0, 0xC0], // 0x56
    [0x00, 0x00, 0x00, 0xFF, 0xFF, 0x18, 0x18, 0x18], // 0x57
    [0x18, 0x18, 0x18, 0xFF, 0xFF, 0x00, 0x00, 0x00], // 0x58
    [0xF0, 0xF0, 0xF0, 0xF0, 0xF0, 0xF0, 0xF0, 0xF0], // 0x59
    [0x18, 0x18, 0x18, 0x1F, 0x1F, 0x00, 0x00, 0x00], // 0x5A
    [0x78, 0x60, 0x78, 0x60, 0x7E, 0x18, 0x1E, 0x00], // 0x5B
    [0x00, 0x18, 0x3C, 0x7E, 0x18, 0x18, 0x18, 0x00], // 0x5C
    [0x00, 0x18, 0x18, 0x18, 0x7E, 0x3C, 0x18, 0x00], // 0x5D
    [0x00, 0x18, 0x30, 0x7E, 0x30, 0x18, 0x00, 0x00], // 0x5E
    [0x00, 0x18, 0x0C, 0x7E, 0x0C, 0x18, 0x00, 0x00], // 0x5F
    [0x00, 0x18, 0x3C, 0x7E, 0x7E, 0x3C, 0x18, 0x00], // 0x60
    [0x00, 0x00, 0x3C, 0x06, 0x3E, 0x66, 0x3E, 0x00], // 0x61
    [0x00, 0x60, 0x60, 0x7C, 0x66, 0x66, 0x7C, 0x00], // 0x62
    [0x00, 0x00, 0x3C, 0x60, 0x60, 0x60, 0x3C, 0x00], // 0x63
    [0x00, 0x06, 0x06, 0x3E, 0x66, 0x66, 0x3E, 0x00], // 0x64
    [0x00, 0x00, 0x3C, 0x66, 0x7E, 0x60, 0x3C, 0x00], // 0x65
    [0x00, 0x0E, 0x18, 0x3E, 0x18, 0x18, 0x18, 0x00], // 0x66
    [0x00, 0x00, 0x3E, 0x66, 0x66, 0x3E, 0x06, 0x7C], // 0x67
    [0x00, 0x60, 0x60, 0x7C, 0x66, 0x66, 0x66, 0x00], // 0x68
    [0x00, 0x18, 0x00, 0x38, 0x18, 0x18, 0x3C, 0x00], // 0x69
    [0x00, 0x06, 0x00, 0x06, 0x06, 0x06, 0x06, 0x3C], // 0x6A
    [0x00, 0x60, 0x60, 0x6C, 0x78, 0x6C, 0x66, 0x00], // 0x6B
    [0x00, 0x38, 0x18, 0x18, 0x18, 0x18, 0x3C, 0x00], // 0x6C
    [0x00, 0x00, 0x66, 0x7F, 0x7F, 0x6B, 0x63, 0x00], // 0x6D
    [0x00, 0x00, 0x7C, 0x66, 0x66, 0x66, 0x66, 0x00], // 0x6E
    [0x00, 0x00, 0x3C, 0x66, 0x66, 0x66, 0x3C, 0x00], // 0x6F
    [0x00, 0x00, 0x7C, 0x66, 0x66, 0x7C, 0x60, 0x60], // 0x70
    [0x00, 0x00, 0x3E, 0x66, 0x66, 0x3E, 0x06, 0x06], // 0x71
    [0x00, 0x00, 0x7C, 0x66, 0x60, 0x60, 0x60, 0x00], // 0x72
    [0x00, 0x00, 0x3E, 0x60, 0x3C, 0x06, 0x7C, 0x00], // 0x73
    [0x00, 0x18, 0x7E, 0x18, 0x18, 0x18, 0x0E, 0x00], // 0x74
    [0x00, 0x00, 0x66, 0x66, 0x66, 0x66, 0x3E, 0x00], // 0x75
    [0x00, 0x00, 0x66, 0x66, 0x66, 0x3C, 0x18, 0x00], // 0x76
    [0x00, 0x00, 0x63, 0x6B, 0x7F, 0x3E, 0x36, 0x00], // 0x77
    [0x00, 0x00, 0x66, 0x3C, 0x18, 0x3C, 0x66, 0x00], // 0x78
    [0x00, 0x00, 0x66, 0x66, 0x66, 0x3E, 0x0C, 0x78], // 0x79
    [0x00, 0x00, 0x7E, 0x0C, 0x18, 0x30, 0x7E, 0x00], // 0x7A
    [0x00, 0x18, 0x3C, 0x7E, 0x7E, 0x18, 0x3C, 0x00], // 0x7B
    [0x18, 0x18, 0x18, 0x18, 0x18, 0x18, 0x18, 0x18], // 0x7C
    [0x00, 0x7E, 0x78, 0x7C, 0x6E, 0x66, 0x06, 0x00], // 0x7D
    [0x08, 0x18, 0x38, 0x78, 0x38, 0x18, 0x08, 0x00], // 0x7E
    [0x10, 0x18, 0x1C, 0x1E, 0x1C, 0x18, 0x10, 0x00], // 0x7F
    [0x00, 0x00, 0x00, 0x00, 0x00, 0x00, 0x00, 0x00], // 0x80
    [0x00, 0x00, 0x00, 0x00, 0x00, 0x00, 0x00, 0x00], // 0x81
    [0x00, 0x00, 0x00, 0x00, 0x00, 0x00, 0x00, 0x00], // 0x82
    [0x00, 0x00, 0x00, 0x00, 0x00, 0x00, 0x00, 0x00], // 0x83
    [0x00, 0x00, 0x00, 0x00, 0x00, 0x00, 0x00, 0x00], // 0x84
    [0x00, 0x00, 0x00, 0x00, 0x00, 0x00, 0x00, 0x00], // 0x85
    [0x00, 0x00, 0x00, 0x00, 0x00, 0x00, 0x00, 0x00], // 0x86
    [0x00, 0x00, 0x00, 0x00, 0x00, 0x00, 0x00, 0x00], // 0x87
    [0x00, 0x00, 0x00, 0x00, 0x00, 0x00, 0x00, 0x00], // 0x88
    [0x00, 0x00, 0x00, 0x00, 0x00, 0x00, 0x00, 0x00], // 0x89
    [0x00, 0x00, 0x00, 0x00, 0x00, 0x00, 0x00, 0x00], // 0x8A
    [0x00, 0x00, 0x00, 0x00, 0x00, 0x00, 0x00, 0x00], // 0x8B
    [0x00, 0x00, 0x00, 0x00, 0x00, 0x00, 0x00, 0x00], // 0x8C
    [0x00, 0x00, 0x00, 0x00, 0x00, 0x00, 0x00, 0x00], // 0x8D
    [0x00, 0x00, 0x00, 0x00, 0x00, 0x00, 0x00, 0x00], // 0x8E
    [0x00, 0x00, 0x00, 0x00, 0x00, 0x00, 0x00, 0x00], // 0x8F
    [0x00, 0x00, 0x00, 0x00, 0x00, 0x00, 0x00, 0x00], // 0x90
    [0x00, 0x00, 0x00, 0x00, 0x00, 0x00, 0x00, 0x00], // 0x91
    [0x00, 0x00, 0x00, 0x00, 0x00, 0x00, 0x00, 0x00], // 0x92
    [0x00, 0x00, 0x00, 0x00, 0x00, 0x00, 0x00, 0x00], // 0x93
    [0x00, 0x00, 0x00, 0x00, 0x00, 0x00, 0x00, 0x00], // 0x94
    [0x00, 0x00, 0x00, 0x00, 0x00, 0x00, 0x00, 0x00], // 0x95
    [0x00, 0x00, 0x00, 0x00, 0x00, 0x00, 0x00, 0x00], // 0x96
    [0x00, 0x00, 0x00, 0x00, 0x00, 0x00, 0x00, 0x00], // 0x97
    [0x00, 0x00, 0x00, 0x00, 0x00, 0x00, 0x00, 0x00], // 0x98
    [0x00, 0x00, 0x00, 0x00, 0x00, 0x00, 0x00, 0x00], // 0x99
    [0x00, 0x00, 0x00, 0x00, 0x00, 0x00, 0x00, 0x00], // 0x9A
    [0x00, 0x00, 0x00, 0x00, 0x00, 0x00, 0x00, 0x00], // 0x9B
    [0x00, 0x00, 0x00, 0x00, 0x00, 0x00, 0x00, 0x00], // 0x9C
    [0x00, 0x00, 0x00, 0x00, 0x00, 0x00, 0x00, 0x00], // 0x9D
    [0x00, 0x00, 0x00, 0x00, 0x00, 0x00, 0x00, 0x00], // 0x9E
    [0x00, 0x00, 0x00, 0x00, 0x00, 0x00, 0x00, 0x00], // 0x9F
    [0x00, 0x00, 0x00, 0x00, 0x00, 0x00, 0x00, 0x00], // 0xA0
    [0x00, 0x00, 0x00, 0x00, 0x00, 0x00, 0x00, 0x00], // 0xA1
    [0x00, 0x00, 0x00, 0x00, 0x00, 0x00, 0x00, 0x00], // 0xA2
    [0x00, 0x00, 0x00, 0x00, 0x00, 0x00, 0x00, 0x00], // 0xA3
    [0x00, 0x00, 0x00, 0x00, 0x00, 0x00, 0x00, 0x00], // 0xA4
    [0x00, 0x00, 0x00, 0x00, 0x00, 0x00, 0x00, 0x00], // 0xA5
    [0x00, 0x00, 0x00, 0x00, 0x00, 0x00, 0x00, 0x00], // 0xA6
    [0x00, 0x00, 0x00, 0x00, 0x00, 0x00, 0x00, 0x00], // 0xA7
    [0x00, 0x00, 0x00, 0x00, 0x00, 0x00, 0x00, 0x00], // 0xA8
    [0x00, 0x00, 0x00, 0x00, 0x00, 0x00, 0x00, 0x00], // 0xA9
    [0x00, 0x00, 0x00, 0x00, 0x00, 0x00, 0x00, 0x00], // 0xAA
    [0x00, 0x00, 0x00, 0x00, 0x00, 0x00, 0x00, 0x00], // 0xAB
    [0x00, 0x00, 0x00, 0x00, 0x00, 0x00, 0x00, 0x00], // 0xAC
    [0x00, 0x00, 0x00, 0x00, 0x00, 0x00, 0x00, 0x00], // 0xAD
    [0x00, 0x00, 0x00, 0x00, 0x00, 0x00, 0x00, 0x00], // 0xAE
    [0x00, 0x00, 0x00, 0x00, 0x00, 0x00, 0x00, 0x00], // 0xAF
    [0x00, 0x00, 0x00, 0x00, 0x00, 0x00, 0x00, 0x00], // 0xB0
    [0x00, 0x00, 0x00, 0x00, 0x00, 0x00, 0x00, 0x00], // 0xB1
    [0x00, 0x00, 0x00, 0x00, 0x00, 0x00, 0x00, 0x00], // 0xB2
    [0x00, 0x00, 0x00, 0x00, 0x00, 0x00, 0x00, 0x00], // 0xB3
    [0x00, 0x00, 0x00, 0x00, 0x00, 0x00, 0x00, 0x00], // 0xB4
    [0x00, 0x00, 0x00, 0x00, 0x00, 0x00, 0x00, 0x00], // 0xB5
    [0x00, 0x00, 0x00, 0x00, 0x00, 0x00, 0x00, 0x00], // 0xB6
    [0x00, 0x00, 0x00, 0x00, 0x00, 0x00, 0x00, 0x00], // 0xB7
    [0x00, 0x00, 0x00, 0x00, 0x00, 0x00, 0x00, 0x00], // 0xB8
    [0x00, 0x00, 0x00, 0x00, 0x00, 0x00, 0x00, 0x00], // 0xB9
    [0x00, 0x00, 0x00, 0x00, 0x00, 0x00, 0x00, 0x00], // 0xBA
    [0x00, 0x00, 0x00, 0x00, 0x00, 0x00, 0x00, 0x00], // 0xBB
    [0x00, 0x00, 0x00, 0x00, 0x00, 0x00, 0x00, 0x00], // 0xBC
    [0x00, 0x00, 0x00, 0x00, 0x00, 0x00, 0x00, 0x00], // 0xBD
    [0x00, 0x00, 0x00, 0x00, 0x00, 0x00, 0x00, 0x00], // 0xBE
    [0x00, 0x00, 0x00, 0x00, 0x00, 0x00, 0x00, 0x00], // 0xBF
    [0x00, 0x00, 0x00, 0x00, 0x00, 0x00, 0x00, 0x00], // 0xC0
    [0x00, 0x00, 0x00, 0x00, 0x00, 0x00, 0x00, 0x00], // 0xC1
    [0x00, 0x00, 0x00, 0x00, 0x00, 0x00, 0x00, 0x00], // 0xC2
    [0x00, 0x00, 0x00, 0x00, 0x00, 0x00, 0x00, 0x00], // 0xC3
    [0x00, 0x00, 0x00, 0x00, 0x00, 0x00, 0x00, 0x00], // 0xC4
    [0x00, 0x00, 0x00, 0x00, 0x00, 0x00, 0x00, 0x00], // 0xC5
    [0x00, 0x00, 0x00, 0x00, 0x00, 0x00, 0x00, 0x00], // 0xC6
    [0x00, 0x00, 0x00, 0x00, 0x00, 0x00, 0x00, 0x00], // 0xC7
    [0x00, 0x00, 0x00, 0x00, 0x00, 0x00, 0x00, 0x00], // 0xC8
    [0x00, 0x00, 0x00, 0x00, 0x00, 0x00, 0x00, 0x00], // 0xC9
    [0x00, 0x00, 0x00, 0x00, 0x00, 0x00, 0x00, 0x00], // 0xCA
    [0x00, 0x00, 0x00, 0x00, 0x00, 0x00, 0x00, 0x00], // 0xCB
    [0x00, 0x00, 0x00, 0x00, 0x00, 0x00, 0x00, 0x00], // 0xCC
    [0x00, 0x00, 0x00, 0x00, 0x00, 0x00, 0x00, 0x00], // 0xCD
    [0x00, 0x00, 0x00, 0x00, 0x00, 0x00, 0x00, 0x00], // 0xCE
    [0x00, 0x00, 0x00, 0x00, 0x00, 0x00, 0x00, 0x00], // 0xCF
    [0x00, 0x00, 0x00, 0x00, 0x00, 0x00, 0x00, 0x00], // 0xD0
    [0x00, 0x00, 0x00, 0x00, 0x00, 0x00, 0x00, 0x00], // 0xD1
    [0x00, 0x00, 0x00, 0x00, 0x00, 0x00, 0x00, 0x00], // 0xD2
    [0x00, 0x00, 0x00, 0x00, 0x00, 0x00, 0x00, 0x00], // 0xD3
    [0x00, 0x00, 0x00, 0x00, 0x00, 0x00, 0x00, 0x00], // 0xD4
    [0x00, 0x00, 0x00, 0x00, 0x00, 0x00, 0x00, 0x00], // 0xD5
    [0x00, 0x00, 0x00, 0x00, 0x00, 0x00, 0x00, 0x00], // 0xD6
    [0x00, 0x00, 0x00, 0x00, 0x00, 0x00, 0x00, 0x00], // 0xD7
    [0x00, 0x00, 0x00, 0x00, 0x00, 0x00, 0x00, 0x00], // 0xD8
    [0x00, 0x00, 0x00, 0x00, 0x00, 0x00, 0x00, 0x00], // 0xD9
    [0x00, 0x00, 0x00, 0x00, 0x00, 0x00, 0x00, 0x00], // 0xDA
    [0x00, 0x00, 0x00, 0x00, 0x00, 0x00, 0x00, 0x00], // 0xDB
    [0x00, 0x00, 0x00, 0x00, 0x00, 0x00, 0x00, 0x00], // 0xDC
    [0x00, 0x00, 0x00, 0x00, 0x00, 0x00, 0x00, 0x00], // 0xDD
    [0x00, 0x00, 0x00, 0x00, 0x00, 0x00, 0x00, 0x00], // 0xDE
    [0x00, 0x00, 0x00, 0x00, 0x00, 0x00, 0x00, 0x00], // 0xDF
    [0x00, 0x00, 0x00, 0x00, 0x00, 0x00, 0x00, 0x00], // 0xE0
    [0x00, 0x00, 0x00, 0x00, 0x00, 0x00, 0x00, 0x00], // 0xE1
    [0x00, 0x00, 0x00, 0x00, 0x00, 0x00, 0x00, 0x00], // 0xE2
    [0x00, 0x00, 0x00, 0x00, 0x00, 0x00, 0x00, 0x00], // 0xE3
    [0x00, 0x00, 0x00, 0x00, 0x00, 0x00, 0x00, 0x00], // 0xE4
    [0x00, 0x00, 0x00, 0x00, 0x00, 0x00, 0x00, 0x00], // 0xE5
    [0x00, 0x00, 0x00, 0x00, 0x00, 0x00, 0x00, 0x00], // 0xE6
    [0x00, 0x00, 0x00, 0x00, 0x00, 0x00, 0x00, 0x00], // 0xE7
    [0x00, 0x00, 0x00, 0x00, 0x00, 0x00, 0x00, 0x00], // 0xE8
    [0x00, 0x00, 0x00, 0x00, 0x00, 0x00, 0x00, 0x00], // 0xE9
    [0x00, 0x00, 0x00, 0x00, 0x00, 0x00, 0x00, 0x00], // 0xEA
    [0x00, 0x00, 0x00, 0x00, 0x00, 0x00, 0x00, 0x00], // 0xEB
    [0x00, 0x00, 0x00, 0x00, 0x00, 0x00, 0x00, 0x00], // 0xEC
    [0x00, 0x00, 0x00, 0x00, 0x00, 0x00, 0x00, 0x00], // 0xED
    [0x00, 0x00, 0x00, 0x00, 0x00, 0x00, 0x00, 0x00], // 0xEE
    [0x00, 0x00, 0x00, 0x00, 0x00, 0x00, 0x00, 0x00], // 0xEF
    [0x00, 0x00, 0x00, 0x00, 0x00, 0x00, 0x00, 0x00], // 0xF0
    [0x00, 0x00, 0x00, 0x00, 0x00, 0x00, 0x00, 0x00], // 0xF1
    [0x00, 0x00, 0x00, 0x00, 0x00, 0x00, 0x00, 0x00], // 0xF2
    [0x00, 0x00, 0x00, 0x00, 0x00, 0x00, 0x00, 0x00], // 0xF3
    [0x00, 0x00, 0x00, 0x00, 0x00, 0x00, 0x00, 0x00], // 0xF4
    [0x00, 0x00, 0x00, 0x00, 0x00, 0x00, 0x00, 0x00], // 0xF5
    [0x00, 0x00, 0x00, 0x00, 0x00, 0x00, 0x00, 0x00], // 0xF6
    [0x00, 0x00, 0x00, 0x00, 0x00, 0x00, 0x00, 0x00], // 0xF7
    [0x00, 0x00, 0x00, 0x00, 0x00, 0x00, 0x00, 0x00], // 0xF8
    [0x00, 0x00, 0x00, 0x00, 0x00, 0x00, 0x00, 0x00], // 0xF9
    [0x00, 0x00, 0x00, 0x00, 0x00, 0x00, 0x00, 0x00], // 0xFA
    [0x00, 0x00, 0x00, 0x00, 0x00, 0x00, 0x00, 0x00], // 0xFB
    [0x00, 0x00, 0x00, 0x00, 0x00, 0x00, 0x00, 0x00], // 0xFC
    [0x00, 0x00, 0x00, 0x00, 0x00, 0x00, 0x00, 0x00], // 0xFD
    [0x00, 0x00, 0x00, 0x00, 0x00, 0x00, 0x00, 0x00], // 0xFE
    [0x00, 0x00, 0x00, 0x00, 0x00, 0x00, 0x00, 0x00], // 0xFF
];

pub const ATARI_INTERNATIONAL: Font = [
    [0x00, 0x00, 0x00, 0x00, 0x00, 0x00, 0x00, 0x00], // 0x00
    [0x00, 0x18, 0x18, 0x18, 0x18, 0x00, 0x18, 0x00], // 0x01
    [0x00, 0x66, 0x66, 0x66, 0x00, 0x00, 0x00, 0x00], // 0x02
    [0x00, 0x66, 0xFF, 0x66, 0x66, 0xFF, 0x66, 0x00], // 0x03
    [0x18, 0x3E, 0x60, 0x3C, 0x06, 0x7C, 0x18, 0x00], // 0x04
    [0x00, 0x66, 0x6C, 0x18, 0x30, 0x66, 0x46, 0x00], // 0x05
    [0x1C, 0x36, 0x1C, 0x38, 0x6F, 0x66, 0x3B, 0x00], // 0x06
    [0x00, 0x18, 0x18, 0x18, 0x00, 0x00, 0x00, 0x00], // 0x07
    [0x00, 0x0E, 0x1C, 0x18, 0x18, 0x1C, 0x0E, 0x00], // 0x08
    [0x00, 0x70, 0x38, 0x18, 0x18, 0x38, 0x70, 0x00], // 0x09
    [0x00, 0x66, 0x3C, 0xFF, 0x3C, 0x66, 0x00, 0x00], // 0x0A
    [0x00, 0x18, 0x18, 0x7E, 0x18, 0x18, 0x00, 0x00], // 0x0B
    [0x00, 0x00, 0x00, 0x00, 0x00, 0x18, 0x18, 0x30], // 0x0C
    [0x00, 0x00, 0x00, 0x7E, 0x00, 0x00, 0x00, 0x00], // 0x0D
    [0x00, 0x00, 0x00, 0x00, 0x00, 0x18, 0x18, 0x00], // 0x0E
    [0x00, 0x06, 0x0C, 0x18, 0x30, 0x60, 0x40, 0x00], // 0x0F
    [0x00, 0x3C, 0x66, 0x6E, 0x76, 0x66, 0x3C, 0x00], // 0x10
    [0x00, 0x18, 0x38, 0x18, 0x18, 0x18, 0x7E, 0x00], // 0x11
    [0x00, 0x3C, 0x66, 0x0C, 0x18, 0x30, 0x7E, 0x00], // 0x12
    [0x00, 0x7E, 0x0C, 0x18, 0x0C, 0x66, 0x3C, 0x00], // 0x13
    [0x00, 0x0C, 0x1C, 0x3C, 0x6C, 0x7E, 0x0C, 0x00], // 0x14
    [0x00, 0x7E, 0x60, 0x7C, 0x06, 0x66, 0x3C, 0x00], // 0x15
    [0x00, 0x3C, 0x60, 0x7C, 0x66, 0x66, 0x3C, 0x00], // 0x16
    [0x00, 0x7E, 0x06, 0x0C, 0x18, 0x30, 0x30, 0x00], // 0x17
    [0x00, 0x3C, 0x66, 0x3C, 0x66, 0x66, 0x3C, 0x00], // 0x18
    [0x00, 0x3C, 0x66, 0x3E, 0x06, 0x0C, 0x38, 0x00], // 0x19
    [0x00, 0x00, 0x18, 0x18, 0x00, 0x18, 0x18, 0x00], // 0x1A
    [0x00, 0x00, 0x18, 0x18, 0x00, 0x18, 0x18, 0x30], // 0x1B
    [0x06, 0x0C, 0x18, 0x30, 0x18, 0x0C, 0x06, 0x00], // 0x1C
    [0x00, 0x00, 0x7E, 0x00, 0x00, 0x7E, 0x00, 0x00], // 0x1D
    [0x60, 0x30, 0x18, 0x0C, 0x18, 0x30, 0x60, 0x00], // 0x1E
    [0x00, 0x3C, 0x66, 0x0C, 0x18, 0x00, 0x18, 0x00], // 0x1F
    [0x00, 0x3C, 0x66, 0x6E, 0x6E, 0x60, 0x3E, 0x00], // 0x20
    [0x00, 0x18, 0x3C, 0x66, 0x66, 0x7E, 0x66, 0x00], // 0x21
    [0x00, 0x7C, 0x66, 0x7C, 0x66, 0x66, 0x7C, 0x00], // 0x22
    [0x00, 0x3C, 0x66, 0x60, 0x60, 0x66, 0x3C, 0x00], // 0x23
    [0x00, 0x78, 0x6C, 0x66, 0x66, 0x6C, 0x78, 0x00], // 0x24
    [0x00, 0x7E, 0x60, 0x7C, 0x60, 0x60, 0x7E, 0x00], // 0x25
    [0x00, 0x7E, 0x60, 0x7C, 0x60, 0x60, 0x60, 0x00], // 0x26
    [0x00, 0x3E, 0x60, 0x60, 0x6E, 0x66, 0x3E, 0x00], // 0x27
    [0x00, 0x66, 0x66, 0x7E, 0x66, 0x66, 0x66, 0x00], // 0x28
    [0x00, 0x7E, 0x18, 0x18, 0x18, 0x18, 0x7E, 0x00], // 0x29
    [0x00, 0x06, 0x06, 0x06, 0x06, 0x66, 0x3C, 0x00], // 0x2A
    [0x00, 0x66, 0x6C, 0x78, 0x78, 0x6C, 0x66, 0x00], // 0x2B
    [0x00, 0x60, 0x60, 0x60, 0x60, 0x60, 0x7E, 0x00], // 0x2C
    [0x00, 0x63, 0x77, 0x7F, 0x6B, 0x63, 0x63, 0x00], // 0x2D
    [0x00, 0x66, 0x76, 0x7E, 0x7E, 0x6E, 0x66, 0x00], // 0x2E
    [0x00, 0x3C, 0x66, 0x66, 0x66, 0x66, 0x3C, 0x00], // 0x2F
    [0x00, 0x7C, 0x66, 0x66, 0x7C, 0x60, 0x60, 0x00], // 0x30
    [0x00, 0x3C, 0x66, 0x66, 0x66, 0x6C, 0x36, 0x00], // 0x31
    [0x00, 0x7C, 0x66, 0x66, 0x7C, 0x6C, 0x66, 0x00], // 0x32
    [0x00, 0x3C, 0x60, 0x3C, 0x06, 0x06, 0x3C, 0x00], // 0x33
    [0x00, 0x7E, 0x18, 0x18, 0x18, 0x18, 0x18, 0x00], // 0x34
    [0x00, 0x66, 0x66, 0x66, 0x66, 0x66, 0x7E, 0x00], // 0x35
    [0x00, 0x66, 0x66, 0x66, 0x66, 0x3C, 0x18, 0x00], // 0x36
    [0x00, 0x63, 0x63, 0x6B, 0x7F, 0x77, 0x63, 0x00], // 0x37
    [0x00, 0x66, 0x66, 0x3C, 0x3C, 0x66, 0x66, 0x00], // 0x38
    [0x00, 0x66, 0x66, 0x3C, 0x18, 0x18, 0x18, 0x00], // 0x39
    [0x00, 0x7E, 0x0C, 0x18, 0x30, 0x60, 0x7E, 0x00], // 0x3A
    [0x00, 0x1E, 0x18, 0x18, 0x18, 0x18, 0x1E, 0x00], // 0x3B
    [0x00, 0x40, 0x60, 0x30, 0x18, 0x0C, 0x06, 0x00], // 0x3C
    [0x00, 0x78, 0x18, 0x18, 0x18, 0x18, 0x78, 0x00], // 0x3D
    [0x00, 0x08, 0x1C, 0x36, 0x63, 0x00, 0x00, 0x00], // 0x3E
    [0x00, 0x00, 0x00, 0x00, 0x00, 0x00, 0xFF, 0x00], // 0x3F
    [0x0C, 0x18, 0x3C, 0x06, 0x3E, 0x66, 0x3E, 0x00], // 0x40
    [0x30, 0x18, 0x00, 0x66, 0x66, 0x66, 0x3E, 0x00], // 0x41
    [0x36, 0x6C, 0x00, 0x76, 0x76, 0x7E, 0x6E, 0x00], // 0x42
    [0x0C, 0x18, 0x7E, 0x60, 0x7C, 0x60, 0x7E, 0x00], // 0x43
    [0x00, 0x00, 0x3C, 0x60, 0x60, 0x3C, 0x18, 0x30], // 0x44
    [0x3C, 0x66, 0x00, 0x3C, 0x66, 0x66, 0x3C, 0x00], // 0x45
    [0x30, 0x18, 0x00, 0x3C, 0x66, 0x66, 0x3C, 0x00], // 0x46
    [0x30, 0x18, 0x00, 0x38, 0x18, 0x18, 0x3C, 0x00], // 0x47
    [0x1C, 0x30, 0x30, 0x78, 0x30, 0x30, 0x7E, 0x00], // 0x48
    [0x00, 0x66, 0x00, 0x38, 0x18, 0x18, 0x3C, 0x00], // 0x49
    [0x00, 0x66, 0x00, 0x66, 0x66, 0x66, 0x3E, 0x00], // 0x4A
    [0x36, 0x00, 0x3C, 0x06, 0x3E, 0x66, 0x3E, 0x00], // 0x4B
    [0x66, 0x00, 0x3C, 0x66, 0x66, 0x66, 0x3C, 0x00], // 0x4C
    [0x0C, 0x18, 0x00, 0x66, 0x66, 0x66, 0x3E, 0x00], // 0x4D
    [0x0C, 0x18, 0x00, 0x3C, 0x66, 0x66, 0x3C, 0x00], // 0x4E
    [0x00, 0x66, 0x00, 0x3C, 0x66, 0x66, 0x3C, 0x00], // 0x4F
    [0x66, 0x00, 0x66, 0x66, 0x66, 0x66, 0x7E, 0x00], // 0x50
    [0x3C, 0x66, 0x1C, 0x06, 0x3E, 0x66, 0x3E, 0x00], // 0x51
    [0x3C, 0x66, 0x00, 0x66, 0x66, 0x66, 0x3E, 0x00], // 0x52
    [0x3C, 0x66, 0x00, 0x38, 0x18, 0x18, 0x3C, 0x00], // 0x53
    [0x0C, 0x18, 0x3C, 0x66, 0x7E, 0x60, 0x3C, 0x00], // 0x54
    [0x30, 0x18, 0x3C, 0x66, 0x7E, 0x60, 0x3C, 0x00], // 0x55
    [0x36, 0x6C, 0x00, 0x7C, 0x66, 0x66, 0x66, 0x00], // 0x56
    [0x3C, 0xC3, 0x3C, 0x66, 0x7E, 0x60, 0x3C, 0x00], // 0x57
    [0x18, 0x00, 0x3C, 0x06, 0x3E, 0x66, 0x3E, 0x00], // 0x58
    [0x30, 0x18, 0x3C, 0x06, 0x3E, 0x66, 0x3E, 0x00], // 0x59
    [0x18, 0x00, 0x18, 0x3C, 0x66, 0x7E, 0x66, 0x00], // 0x5A
    [0x78, 0x60, 0x78, 0x60, 0x7E, 0x18, 0x1E, 0x00], // 0x5B
    [0x00, 0x18, 0x3C, 0x7E, 0x18, 0x18, 0x18, 0x00], // 0x5C
    [0x00, 0x18, 0x18, 0x18, 0x7E, 0x3C, 0x18, 0x00], // 0x5D
    [0x00, 0x18, 0x30, 0x7E, 0x30, 0x18, 0x00, 0x00], // 0x5E
    [0x00, 0x18, 0x0C, 0x7E, 0x0C, 0x18, 0x00, 0x00], // 0x5F
    [0x18, 0x00, 0x18, 0x18, 0x18, 0x18, 0x18, 0x00], // 0x60
    [0x00, 0x00, 0x3C, 0x06, 0x3E, 0x66, 0x3E, 0x00], // 0x61
    [0x00, 0x60, 0x60, 0x7C, 0x66, 0x66, 0x7C, 0x00], // 0x62
    [0x00, 0x00, 0x3C, 0x60, 0x60, 0x60, 0x3C, 0x00], // 0x63
    [0x00, 0x06, 0x06, 0x3E, 0x66, 0x66, 0x3E, 0x00], // 0x64
    [0x00, 0x00, 0x3C, 0x66, 0x7E, 0x60, 0x3C, 0x00], // 0x65
    [0x00, 0x0E, 0x18, 0x3E, 0x18, 0x18, 0x18, 0x00], // 0x66
    [0x00, 0x00, 0x3E, 0x66, 0x66, 0x3E, 0x06, 0x7C], // 0x67
    [0x00, 0x60, 0x60, 0x7C, 0x66, 0x66, 0x66, 0x00], // 0x68
    [0x00, 0x18, 0x00, 0x38, 0x18, 0x18, 0x3C, 0x00], // 0x69
    [0x00, 0x06, 0x00, 0x06, 0x06, 0x06, 0x06, 0x3C], // 0x6A
    [0x00, 0x60, 0x60, 0x6C, 0x78, 0x6C, 0x66, 0x00], // 0x6B
    [0x00, 0x38, 0x18, 0x18, 0x18, 0x18, 0x3C, 0x00], // 0x6C
    [0x00, 0x00, 0x66, 0x7F, 0x7F, 0x6B, 0x63, 0x00], // 0x6D
    [0x00, 0x00, 0x7C, 0x66, 0x66, 0x66, 0x66, 0x00], // 0x6E
    [0x00, 0x00, 0x3C, 0x66, 0x66, 0x66, 0x3C, 0x00], // 0x6F
    [0x00, 0x00, 0x7C, 0x66, 0x66, 0x7C, 0x60, 0x60], // 0x70
    [0x00, 0x00, 0x3E, 0x66, 0x66, 0x3E, 0x06, 0x06], // 0x71
    [0x00, 0x00, 0x7C, 0x66, 0x60, 0x60, 0x60, 0x00], // 0x72
    [0x00, 0x00, 0x3E, 0x60, 0x3C, 0x06, 0x7C, 0x00], // 0x73
    [0x00, 0x18, 0x7E, 0x18, 0x18, 0x18, 0x0E, 0x00], // 0x74
    [0x00, 0x00, 0x66, 0x66, 0x66, 0x66, 0x3E, 0x00], // 0x75
    [0x00, 0x00, 0x66, 0x66, 0x66, 0x3C, 0x18, 0x00], // 0x76
    [0x00, 0x00, 0x63, 0x6B, 0x7F, 0x3E, 0x36, 0x00], // 0x77
    [0x00, 0x00, 0x66, 0x3C, 0x18, 0x3C, 0x66, 0x00], // 0x78
    [0x00, 0x00, 0x66, 0x66, 0x66, 0x3E, 0x0C, 0x78], // 0x79
    [0x00, 0x00, 0x7E, 0x0C, 0x18, 0x30, 0x7E, 0x00], // 0x7A
    [0x66, 0x66, 0x18, 0x3C, 0x66, 0x7E, 0x66, 0x00], // 0x7B
    [0x18, 0x18, 0x18, 0x18, 0x18, 0x18, 0x18, 0x18], // 0x7C
    [0x00, 0x7E, 0x78, 0x7C, 0x6E, 0x66, 0x06, 0x00], // 0x7D
    [0x08, 0x18, 0x38, 0x78, 0x38, 0x18, 0x08, 0x00], // 0x7E
    [0x10, 0x18, 0x1C, 0x1E, 0x1C, 0x18, 0x10, 0x00], // 0x7F
    [0x00, 0x00, 0x00, 0x00, 0x00, 0x00, 0x00, 0x00], // 0x80
    [0x00, 0x00, 0x00, 0x00, 0x00, 0x00, 0x00, 0x00], // 0x81
    [0x00, 0x00, 0x00, 0x00, 0x00, 0x00, 0x00, 0x00], // 0x82
    [0x00, 0x00, 0x00, 0x00, 0x00, 0x00, 0x00, 0x00], // 0x83
    [0x00, 0x00, 0x00, 0x00, 0x00, 0x00, 0x00, 0x00], // 0x84
    [0x00, 0x00, 0x00, 0x00, 0x00, 0x00, 0x00, 0x00], // 0x85
    [0x00, 0x00, 0x00, 0x00, 0x00, 0x00, 0x00, 0x00], // 0x86
    [0x00, 0x00, 0x00, 0x00, 0x00, 0x00, 0x00, 0x00], // 0x87
    [0x00, 0x00, 0x00, 0x00, 0x00, 0x00, 0x00, 0x00], // 0x88
    [0x00, 0x00, 0x00, 0x00, 0x00, 0x00, 0x00, 0x00], // 0x89
    [0x00, 0x00, 0x00, 0x00, 0x00, 0x00, 0x00, 0x00], // 0x8A
    [0x00, 0x00, 0x00, 0x00, 0x00, 0x00, 0x00, 0x00], // 0x8B
    [0x00, 0x00, 0x00, 0x00, 0x00, 0x00, 0x00, 0x00], // 0x8C
    [0x00, 0x00, 0x00, 0x00, 0x00, 0x00, 0x00, 0x00], // 0x8D
    [0x00, 0x00, 0x00, 0x00, 0x00, 0x00, 0x00, 0x00], // 0x8E
    [0x00, 0x00, 0x00, 0x00, 0x00, 0x00, 0x00, 0x00], // 0x8F
    [0x00, 0x00, 0x00, 0x00, 0x00, 0x00, 0x00, 0x00], // 0x90
    [0x00, 0x00, 0x00, 0x00, 0x00, 0x00, 0x00, 0x00], // 0x91
    [0x00, 0x00, 0x00, 0x00, 0x00, 0x00, 0x00, 0x00], // 0x92
    [0x00, 0x00, 0x00, 0x00, 0x00, 0x00, 0x00, 0x00], // 0x93
    [0x00, 0x00, 0x00, 0x00, 0x00, 0x00, 0x00, 0x00], // 0x94
    [0x00, 0x00, 0x00, 0x00, 0x00, 0x00, 0x00, 0x00], // 0x95
    [0x00, 0x00, 0x00, 0x00, 0x00, 0x00, 0x00, 0x00], // 0x96
    [0x00, 0x00, 0x00, 0x00, 0x00, 0x00, 0x00, 0x00], // 0x97
    [0x00, 0x00, 0x00, 0x00, 0x00, 0x00, 0x00, 0x00], // 0x98
    [0x00, 0x00, 0x00, 0x00, 0x00, 0x00, 0x00, 0x00], // 0x99
    [0x00, 0x00, 0x00, 0x00, 0x00, 0x00, 0x00, 0x00], // 0x9A
    [0x00, 0x00, 0x00, 0x00, 0x00, 0x00, 0x00, 0x00], // 0x9B
    [0x00, 0x00, 0x00, 0x00, 0x00, 0x00, 0x00, 0x00], // 0x9C
    [0x00, 0x00, 0x00, 0x00, 0x00, 0x00, 0x00, 0x00], // 0x9D
    [0x00, 0x00, 0x00, 0x00, 0x00, 0x00, 0x00, 0x00], // 0x9E
    [0x00, 0x00, 0x00, 0x00, 0x00, 0x00, 0x00, 0x00], // 0x9F
    [0x00, 0x00, 0x00, 0x00, 0x00, 0x00, 0x00, 0x00], // 0xA0
    [0x00, 0x00, 0x00, 0x00, 0x00, 0x00, 0x00, 0x00], // 0xA1
    [0x00, 0x00, 0x00, 0x00, 0x00, 0x00, 0x00, 0x00], // 0xA2
    [0x00, 0x00, 0x00, 0x00, 0x00, 0x00, 0x00, 0x00], // 0xA3
    [0x00, 0x00, 0x00, 0x00, 0x00, 0x00, 0x00, 0x00], // 0xA4
    [0x00, 0x00, 0x00, 0x00, 0x00, 0x00, 0x00, 0x00], // 0xA5
    [0x00, 0x00, 0x00, 0x00, 0x00, 0x00, 0x00, 0x00], // 0xA6
    [0x00, 0x00, 0x00, 0x00, 0x00, 0x00, 0x00, 0x00], // 0xA7
    [0x00, 0x00, 0x00, 0x00, 0x00, 0x00, 0x00, 0x00], // 0xA8
    [0x00, 0x00, 0x00, 0x00, 0x00, 0x00, 0x00, 0x00], // 0xA9
    [0x00, 0x00, 0x00, 0x00, 0x00, 0x00, 0x00, 0x00], // 0xAA
    [0x00, 0x00, 0x00, 0x00, 0x00, 0x00, 0x00, 0x00], // 0xAB
    [0x00, 0x00, 0x00, 0x00, 0x00, 0x00, 0x00, 0x00], // 0xAC
    [0x00, 0x00, 0x00, 0x00, 0x00, 0x00, 0x00, 0x00], // 0xAD
    [0x00, 0x00, 0x00, 0x00, 0x00, 0x00, 0x00, 0x00], // 0xAE
    [0x00, 0x00, 0x00, 0x00, 0x00, 0x00, 0x00, 0x00], // 0xAF
    [0x00, 0x00, 0x00, 0x00, 0x00, 0x00, 0x00, 0x00], // 0xB0
    [0x00, 0x00, 0x00, 0x00, 0x00, 0x00, 0x00, 0x00], // 0xB1
    [0x00, 0x00, 0x00, 0x00, 0x00, 0x00, 0x00, 0x00], // 0xB2
    [0x00, 0x00, 0x00, 0x00, 0x00, 0x00, 0x00, 0x00], // 0xB3
    [0x00, 0x00, 0x00, 0x00, 0x00, 0x00, 0x00, 0x00], // 0xB4
    [0x00, 0x00, 0x00, 0x00, 0x00, 0x00, 0x00, 0x00], // 0xB5
    [0x00, 0x00, 0x00, 0x00, 0x00, 0x00, 0x00, 0x00], // 0xB6
    [0x00, 0x00, 0x00, 0x00, 0x00, 0x00, 0x00, 0x00], // 0xB7
    [0x00, 0x00, 0x00, 0x00, 0x00, 0x00, 0x00, 0x00], // 0xB8
    [0x00, 0x00, 0x00, 0x00, 0x00, 0x00, 0x00, 0x00], // 0xB9
    [0x00, 0x00, 0x00, 0x00, 0x00, 0x00, 0x00, 0x00], // 0xBA
    [0x00, 0x00, 0x00, 0x00, 0x00, 0x00, 0x00, 0x00], // 0xBB
    [0x00, 0x00, 0x00, 0x00, 0x00, 0x00, 0x00, 0x00], // 0xBC
    [0x00, 0x00, 0x00, 0x00, 0x00, 0x00, 0x00, 0x00], // 0xBD
    [0x00, 0x00, 0x00, 0x00, 0x00, 0x00, 0x00, 0x00], // 0xBE
    [0x00, 0x00, 0x00, 0x00, 0x00, 0x00, 0x00, 0x00], // 0xBF
    [0x00, 0x00, 0x00, 0x00, 0x00, 0x00, 0x00, 0x00], // 0xC0
    [0x00, 0x00, 0x00, 0x00, 0x00, 0x00, 0x00, 0x00], // 0xC1
    [0x00, 0x00, 0x00, 0x00, 0x00, 0x00, 0x00, 0x00], // 0xC2
    [0x00, 0x00, 0x00, 0x00, 0x00, 0x00, 0x00, 0x00], // 0xC3
    [0x00, 0x00, 0x00, 0x00, 0x00, 0x00, 0x00, 0x00], // 0xC4
    [0x00, 0x00, 0x00, 0x00, 0x00, 0x00, 0x00, 0x00], // 0xC5
    [0x00, 0x00, 0x00, 0x00, 0x00, 0x00, 0x00, 0x00], // 0xC6
    [0x00, 0x00, 0x00, 0x00, 0x00, 0x00, 0x00, 0x00], // 0xC7
    [0x00, 0x00, 0x00, 0x00, 0x00, 0x00, 0x00, 0x00], // 0xC8
    [0x00, 0x00, 0x00, 0x00, 0x00, 0x00, 0x00, 0x00], // 0xC9
    [0x00, 0x00, 0x00, 0x00, 0x00, 0x00, 0x00, 0x00], // 0xCA
    [0x00, 0x00, 0x00, 0x00, 0x00, 0x00, 0x00, 0x00], // 0xCB
    [0x00, 0x00, 0x00, 0x00, 0x00, 0x00, 0x00, 0x00], // 0xCC
    [0x00, 0x00, 0x00, 0x00, 0x00, 0x00, 0x00, 0x00], // 0xCD
    [0x00, 0x00, 0x00, 0x00, 0x00, 0x00, 0x00, 0x00], // 0xCE
    [0x00, 0x00, 0x00, 0x00, 0x00, 0x00, 0x00, 0x00], // 0xCF
    [0x00, 0x00, 0x00, 0x00, 0x00, 0x00, 0x00, 0x00], // 0xD0
    [0x00, 0x00, 0x00, 0x00, 0x00, 0x00, 0x00, 0x00], // 0xD1
    [0x00, 0x00, 0x00, 0x00, 0x00, 0x00, 0x00, 0x00], // 0xD2
    [0x00, 0x00, 0x00, 0x00, 0x00, 0x00, 0x00, 0x00], // 0xD3
    [0x00, 0x00, 0x00, 0x00, 0x00, 0x00, 0x00, 0x00], // 0xD4
    [0x00, 0x00, 0x00, 0x00, 0x00, 0x00, 0x00, 0x00], // 0xD5
    [0x00, 0x00, 0x00, 0x00, 0x00, 0x00, 0x00, 0x00], // 0xD6
    [0x00, 0x00, 0x00, 0x00, 0x00, 0x00, 0x00, 0x00], // 0xD7
    [0x00, 0x00, 0x00, 0x00, 0x00, 0x00, 0x00, 0x00], // 0xD8
    [0x00, 0x00, 0x00, 0x00, 0x00, 0x00, 0x00, 0x00], // 0xD9
    [0x00, 0x00, 0x00, 0x00, 0x00, 0x00, 0x00, 0x00], // 0xDA
    [0x00, 0x00, 0x00, 0x00, 0x00, 0x00, 0x00, 0x00], // 0xDB
    [0x00, 0x00, 0x00, 0x00, 0x00, 0x00, 0x00, 0x00], // 0xDC
    [0x00, 0x00, 0x00, 0x00, 0x00, 0x00, 0x00, 0x00], // 0xDD
    [0x00, 0x00, 0x00, 0x00, 0x00, 0x00, 0x00, 0x00], // 0xDE
    [0x00, 0x00, 0x00, 0x00, 0x00, 0x00, 0x00, 0x00], // 0xDF
    [0x00, 0x00, 0x00, 0x00, 0x00, 0x00, 0x00, 0x00], // 0xE0
    [0x00, 0x00, 0x00, 0x00, 0x00, 0x00, 0x00, 0x00], // 0xE1
    [0x00, 0x00, 0x00, 0x00, 0x00, 0x00, 0x00, 0x00], // 0xE2
    [0x00, 0x00, 0x00, 0x00, 0x00, 0x00, 0x00, 0x00], // 0xE3
    [0x00, 0x00, 0x00, 0x00, 0x00, 0x00, 0x00, 0x00], // 0xE4
    [0x00, 0x00, 0x00, 0x00, 0x00, 0x00, 0x00, 0x00], // 0xE5
    [0x00, 0x00, 0x00, 0x00, 0x00, 0x00, 0x00, 0x00], // 0xE6
    [0x00, 0x00, 0x00, 0x00, 0x00, 0x00, 0x00, 0x00], // 0xE7
    [0x00, 0x00, 0x00, 0x00, 0x00, 0x00, 0x00, 0x00], // 0xE8
    [0x00, 0x00, 0x00, 0x00, 0x00, 0x00, 0x00, 0x00], // 0xE9
    [0x00, 0x00, 0x00, 0x00, 0x00, 0x00, 0x00, 0x00], // 0xEA
    [0x00, 0x00, 0x00, 0x00, 0x00, 0x00, 0x00, 0x00], // 0xEB
    [0x00, 0x00, 0x00, 0x00, 0x00, 0x00, 0x00, 0x00], // 0xEC
    [0x00, 0x00, 0x00, 0x00, 0x00, 0x00, 0x00, 0x00], // 0xED
    [0x00, 0x00, 0x00, 0x00, 0x00, 0x00, 0x00, 0x00], // 0xEE
    [0x00, 0x00, 0x00, 0x00, 0x00, 0x00, 0x00, 0x00], // 0xEF
    [0x00, 0x00, 0x00, 0x00, 0x00, 0x00, 0x00, 0x00], // 0xF0
    [0x00, 0x00, 0x00, 0x00, 0x00, 0x00, 0x00, 0x00], // 0xF1
    [0x00, 0x00, 0x00, 0x00, 0x00, 0x00, 0x00, 0x00], // 0xF2
    [0x00, 0x00, 0x00, 0x00, 0x00, 0x00, 0x00, 0x00], // 0xF3
    [0x00, 0x00, 0x00, 0x00, 0x00, 0x00, 0x00, 0x00], // 0xF4
    [0x00, 0x00, 0x00, 0x00, 0x00, 0x00, 0x00, 0x00], // 0xF5
    [0x00, 0x00, 0x00, 0x00, 0x00, 0x00, 0x00, 0x00], // 0xF6
    [0x00, 0x00, 0x00, 0x00, 0x00, 0x00, 0x00, 0x00], // 0xF7
    [0x00, 0x00, 0x00, 0x00, 0x00, 0x00, 0x00, 0x00], // 0xF8
    [0x00, 0x00, 0x00, 0x00, 0x00, 0x00, 0x00, 0x00], // 0xF9
    [0x00, 0x00, 0x00, 0x00, 0x00, 0x00, 0x00, 0x00], // 0xFA
    [0x00, 0x00, 0x00, 0x00, 0x00, 0x00, 0x00, 0x00], // 0xFB
    [0x00, 0x00, 0x00, 0x00, 0x00, 0x00, 0x00, 0x00], // 0xFC
    [0x00, 0x00, 0x00, 0x00, 0x00, 0x00, 0x00, 0x00], // 0xFD
    [0x00, 0x00, 0x00, 0x00, 0x00, 0x00, 0x00, 0x00], // 0xFE
    [0x00, 0x00, 0x00, 0x00, 0x00, 0x00, 0x00, 0x00], // 0xFF
];

pub const ATASCII: Font = [
    [0x00, 0x36, 0x7F, 0x7F, 0x3E, 0x1C, 0x08, 0x00], // 0x00
    [0x18, 0x18, 0x18, 0x1F, 0x1F, 0x18, 0x18, 0x18], // 0x01
    [0x03, 0x03, 0x03, 0x03, 0x03, 0x03, 0x03, 0x03], // 0x02
    [0x18, 0x18, 0x18, 0xF8, 0xF8, 0x00, 0x00, 0x00], // 0x03
    [0x18, 0x18, 0x18, 0xF8, 0xF8, 0x18, 0x18, 0x18], // 0x04
    [0x00, 0x00, 0x00, 0xF8, 0xF8, 0x18, 0x18, 0x18], // 0x05
    [0x03, 0x07, 0x0E, 0x1C, 0x38, 0x70, 0xE0, 0xC0], // 0x06
    [0xC0, 0xE0, 0x70, 0x38, 0x1C, 0x0E, 0x07, 0x03], // 0x07
    [0x01, 0x03, 0x07, 0x0F, 0x1F, 0x3F, 0x7F, 0xFF], // 0x08
    [0x00, 0x00, 0x00, 0x00, 0x0F, 0x0F, 0x0F, 0x0F], // 0x09
    [0x80, 0xC0, 0xE0, 0xF0, 0xF8, 0xFC, 0xFE, 0xFF], // 0x0A
    [0x0F, 0x0F, 0x0F, 0x0F, 0x00, 0x00, 0x00, 0x00], // 0x0B
    [0xF0, 0xF0, 0xF0, 0xF0, 0x00, 0x00, 0x00, 0x00], // 0x0C
    [0xFF, 0xFF, 0x00, 0x00, 0x00, 0x00, 0x00, 0x00], // 0x0D
    [0x00, 0x00, 0x00, 0x00, 0x00, 0x00, 0xFF, 0xFF], // 0x0E
    [0x00, 0x00, 0x00, 0x00, 0xF0, 0xF0, 0xF0, 0xF0], // 0x0F
    [0x00, 0x1C, 0x1C, 0x77, 0x77, 0x08, 0x1C, 0x00], // 0x10
    [0x00, 0x00, 0x00, 0x1F, 0x1F, 0x18, 0x18, 0x18], // 0x11
    [0x00, 0x00, 0x00, 0xFF, 0xFF, 0x00, 0x00, 0x00], // 0x12
    [0x18, 0x18, 0x18, 0xFF, 0xFF, 0x18, 0x18, 0x18], // 0x13
    [0x00, 0x00, 0x3C, 0x7E, 0x7E, 0x7E, 0x3C, 0x00], // 0x14
    [0x00, 0x00, 0x00, 0x00, 0xFF, 0xFF, 0xFF, 0xFF], // 0x15
    [0xC0, 0xC0, 0xC0, 0xC0, 0xC0, 0xC0, 0xC0, 0xC0], // 0x16
    [0x00, 0x00, 0x00, 0xFF, 0xFF, 0x18, 0x18, 0x18], // 0x17
    [0x18, 0x18, 0x18, 0xFF, 0xFF, 0x00, 0x00, 0x00], // 0x18
    [0xF0, 0xF0, 0xF0, 0xF0, 0xF0, 0xF0, 0xF0, 0xF0], // 0x19
    [0x18, 0x18, 0x18, 0x1F, 0x1F, 0x00, 0x00, 0x00], // 0x1A
    [0x78, 0x60, 0x78, 0x60, 0x7E, 0x18, 0x1E, 0x00], // 0x1B
    [0x00, 0x18, 0x3C, 0x7E, 0x18, 0x18, 0x18, 0x00], // 0x1C
    [0x00, 0x18, 0x18, 0x18, 0x7E, 0x3C, 0x18, 0x00], // 0x1D
    [0x00, 0x18, 0x30, 0x7E, 0x30, 0x18, 0x00, 0x00], // 0x1E
    [0x00, 0x18, 0x0C, 0x7E, 0x0C, 0x18, 0x00, 0x00], // 0x1F
    [0x00, 0x00, 0x00, 0x00, 0x00, 0x00, 0x00, 0x00], // 0x20
    [0x00, 0x18, 0x18, 0x18, 0x18, 0x00, 0x18, 0x00], // 0x21
    [0x00, 0x66, 0x66, 0x66, 0x00, 0x00, 0x00, 0x00], // 0x22
    [0x00, 0x66, 0xFF, 0x66, 0x66, 0xFF, 0x66, 0x00], // 0x23
    [0x18, 0x3E, 0x60, 0x3C, 0x06, 0x7C, 0x18, 0x00], // 0x24
    [0x00, 0x66, 0x6C, 0x18, 0x30, 0x66, 0x46, 0x00], // 0x25
    [0x1C, 0x36, 0x1C, 0x38, 0x6F, 0x66, 0x3B, 0x00], // 0x26
    [0x00, 0x18, 0x18, 0x18, 0x00, 0x00, 0x00, 0x00], // 0x27
    [0x00, 0x0E, 0x1C, 0x18, 0x18, 0x1C, 0x0E, 0x00], // 0x28
    [0x00, 0x70, 0x38, 0x18, 0x18, 0x38, 0x70, 0x00], // 0x29
    [0x00, 0x66, 0x3C, 0xFF, 0x3C, 0x66, 0x00, 0x00], // 0x2A
    [0x00, 0x18, 0x18, 0x7E, 0x18, 0x18, 0x00, 0x00], // 0x2B
    [0x00, 0x00, 0x00, 0x00, 0x00, 0x18, 0x18, 0x30], // 0x2C
    [0x00, 0x00, 0x00, 0x7E, 0x00, 0x00, 0x00, 0x00], // 0x2D
    [0x00, 0x00, 0x00, 0x00, 0x00, 0x18, 0x18, 0x00], // 0x2E
    [0x00, 0x06, 0x0C, 0x18, 0x30, 0x60, 0x40, 0x00], // 0x2F
    [0x00, 0x3C, 0x66, 0x6E, 0x76, 0x66, 0x3C, 0x00], // 0x30
    [0x00, 0x18, 0x38, 0x18, 0x18, 0x18, 0x7E, 0x00], // 0x31
    [0x00, 0x3C, 0x66, 0x0C, 0x18, 0x30, 0x7E, 0x00], // 0x32
    [0x00, 0x7E, 0x0C, 0x18, 0x0C, 0x66, 0x3C, 0x00], // 0x33
    [0x00, 0x0C, 0x1C, 0x3C, 0x6C, 0x7E, 0x0C, 0x00], // 0x34
    [0x00, 0x7E, 0x60, 0x7C, 0x06, 0x66, 0x3C, 0x00], // 0x35
    [0x00, 0x3C, 0x60, 0x7C, 0x66, 0x66, 0x3C, 0x00], // 0x36
    [0x00, 0x7E, 0x06, 0x0C, 0x18, 0x30, 0x30, 0x00], // 0x37
    [0x00, 0x3C, 0x66, 0x3C, 0x66, 0x66, 0x3C, 0x00], // 0x38
    [0x00, 0x3C, 0x66, 0x3E, 0x06, 0x0C, 0x38, 0x00], // 0x39
    [0x00, 0x00, 0x18, 0x18, 0x00, 0x18, 0x18, 0x00], // 0x3A
    [0x00, 0x00, 0x18, 0x18, 0x00, 0x18, 0x18, 0x30], // 0x3B
    [0x06, 0x0C, 0x18, 0x30, 0x18, 0x0C, 0x06, 0x00], // 0x3C
    [0x00, 0x00, 0x7E, 0x00, 0x00, 0x7E, 0x00, 0x00], // 0x3D
    [0x60, 0x30, 0x18, 0x0C, 0x18, 0x30, 0x60, 0x00], // 0x3E
    [0x00, 0x3C, 0x66, 0x0C, 0x18, 0x00, 0x18, 0x00], // 0x3F
    [0x00, 0x3C, 0x66, 0x6E, 0x6E, 0x60, 0x3E, 0x00], // 0x40
    [0x00, 0x18, 0x3C, 0x66, 0x66, 0x7E, 0x66, 0x00], // 0x41
    [0x00, 0x7C, 0x66, 0x7C, 0x66, 0x66, 0x7C, 0x00], // 0x42
    [0x00, 0x3C, 0x66, 0x60, 0x60, 0x66, 0x3C, 0x00], // 0x43
    [0x00, 0x78, 0x6C, 0x66, 0x66, 0x6C, 0x78, 0x00], // 0x44
    [0x00, 0x7E, 0x60, 0x7C, 0x60, 0x60, 0x7E, 0x00], // 0x45
    [0x00, 0x7E, 0x60, 0x7C, 0x60, 0x60, 0x60, 0x00], // 0x46
    [0x00, 0x3E, 0x60, 0x60, 0x6E, 0x66, 0x3E, 0x00], // 0x47
    [0x00, 0x66, 0x66, 0x7E, 0x66, 0x66, 0x66, 0x00], // 0x48
    [0x00, 0x7E, 0x18, 0x18, 0x18, 0x18, 0x7E, 0x00], // 0x49
    [0x00, 0x06, 0x06, 0x06, 0x06, 0x66, 0x3C, 0x00], // 0x4A
    [0x00, 0x66, 0x6C, 0x78, 0x78, 0x6C, 0x66, 0x00], // 0x4B
    [0x00, 0x60, 0x60, 0x60, 0x60, 0x60, 0x7E, 0x00], // 0x4C
    [0x00, 0x63, 0x77, 0x7F, 0x6B, 0x63, 0x63, 0x00], // 0x4D
    [0x00, 0x66, 0x76, 0x7E, 0x7E, 0x6E, 0x66, 0x00], // 0x4E
    [0x00, 0x3C, 0x66, 0x66, 0x66, 0x66, 0x3C, 0x00], // 0x4F
    [0x00, 0x7C, 0x66, 0x66, 0x7C, 0x60, 0x60, 0x00], // 0x50
    [0x00, 0x3C, 0x66, 0x66, 0x66, 0x6C, 0x36, 0x00], // 0x51
    [0x00, 0x7C, 0x66, 0x66, 0x7C, 0x6C, 0x66, 0x00], // 0x52
    [0x00, 0x3C, 0x60, 0x3C, 0x06, 0x06, 0x3C, 0x00], // 0x53
    [0x00, 0x7E, 0x18, 0x18, 0x18, 0x18, 0x18, 0x00], // 0x54
    [0x00, 0x66, 0x66, 0x66, 0x66, 0x66, 0x7E, 0x00], // 0x55
    [0x00, 0x66, 0x66, 0x66, 0x66, 0x3C, 0x18, 0x00], // 0x56
    [0x00, 0x63, 0x63, 0x6B, 0x7F, 0x77, 0x63, 0x00], // 0x57
    [0x00, 0x66, 0x66, 0x3C, 0x3C, 0x66, 0x66, 0x00], // 0x58
    [0x00, 0x66, 0x66, 0x3C, 0x18, 0x18, 0x18, 0x00], // 0x59
    [0x00, 0x7E, 0x0C, 0x18, 0x30, 0x60, 0x7E, 0x00], // 0x5A
    [0x00, 0x1E, 0x18, 0x18, 0x18, 0x18, 0x1E, 0x00], // 0x5B
    [0x00, 0x40, 0x60, 0x30, 0x18, 0x0C, 0x06, 0x00], // 0x5C
    [0x00, 0x78, 0x18, 0x18, 0x18, 0x18, 0x78, 0x00], // 0x5D
    [0x00, 0x08, 0x1C, 0x36, 0x63, 0x00, 0x00, 0x00], // 0x5E
    [0x00, 0x00, 0x00, 0x00, 0x00, 0x00, 0xFF, 0x00], // 0x5F
    [0x00, 0x18, 0x3C, 0x7E, 0x7E, 0x3C, 0x18, 0x00], // 0x60
    [0x00, 0x00, 0x3C, 0x06, 0x3E, 0x66, 0x3E, 0x00], // 0x61
    [0x00, 0x60, 0x60, 0x7C, 0x66, 0x66, 0x7C, 0x00], // 0x62
    [0x00, 0x00, 0x3C, 0x60, 0x60, 0x60, 0x3C, 0x00], // 0x63
    [0x00, 0x06, 0x06, 0x3E, 0x66, 0x66, 0x3E, 0x00], // 0x64
    [0x00, 0x00, 0x3C, 0x66, 0x7E, 0x60, 0x3C, 0x00], // 0x65
    [0x00, 0x0E, 0x18, 0x3E, 0x18, 0x18, 0x18, 0x00], // 0x66
    [0x00, 0x00, 0x3E, 0x66, 0x66, 0x3E, 0x06, 0x7C], // 0x67
    [0x00, 0x60, 0x60, 0x7C, 0x66, 0x66, 0x66, 0x00], // 0x68
    [0x00, 0x18, 0x00, 0x38, 0x18, 0x18, 0x3C, 0x00], // 0x69
    [0x00, 0x06, 0x00, 0x06, 0x06, 0x06, 0x06, 0x3C], // 0x6A
    [0x00, 0x60, 0x60, 0x6C, 0x78, 0x6C, 0x66, 0x00], // 0x6B
    [0x00, 0x38, 0x18, 0x18, 0x18, 0x18, 0x3C, 0x00], // 0x6C
    [0x00, 0x00, 0x66, 0x7F, 0x7F, 0x6B, 0x63, 0x00], // 0x6D
    [0x00, 0x00, 0x7C, 0x66, 0x66, 0x66, 0x66, 0x00], // 0x6E
    [0x00, 0x00, 0x3C, 0x66, 0x66, 0x66, 0x3C, 0x00], // 0x6F
    [0x00, 0x00, 0x7C, 0x66, 0x66, 0x7C, 0x60, 0x60], // 0x70
    [0x00, 0x00, 0x3E, 0x66, 0x66, 0x3E, 0x06, 0x06], // 0x71
    [0x00, 0x00, 0x7C, 0x66, 0x60, 0x60, 0x60, 0x00], // 0x72
    [0x00, 0x00, 0x3E, 0x60, 0x3C, 0x06, 0x7C, 0x00], // 0x73
    [0x00, 0x18, 0x7E, 0x18, 0x18, 0x18, 0x0E, 0x00], // 0x74
    [0x00, 0x00, 0x66, 0x66, 0x66, 0x66, 0x3E, 0x00], // 0x75
    [0x00, 0x00, 0x66, 0x66, 0x66, 0x3C, 0x18, 0x00], // 0x76
    [0x00, 0x00, 0x63, 0x6B, 0x7F, 0x3E, 0x36, 0x00], // 0x77
    [0x00, 0x00, 0x66, 0x3C, 0x18, 0x3C, 0x66, 0x00], // 0x78
    [0x00, 0x00, 0x66, 0x66, 0x66, 0x3E, 0x0C, 0x78], // 0x79
    [0x00, 0x00, 0x7E, 0x0C, 0x18, 0x30, 0x7E, 0x00], // 0x7A
    [0x00, 0x18, 0x3C, 0x7E, 0x7E, 0x18, 0x3C, 0x00], // 0x7B
    [0x18, 0x18, 0x18, 0x18, 0x18, 0x18, 0x18, 0x18], // 0x7C
    [0x00, 0x7E, 0x78, 0x7C, 0x6E, 0x66, 0x06, 0x00], // 0x7D
    [0x08, 0x18, 0x38, 0x78, 0x38, 0x18, 0x08, 0x00], // 0x7E
    [0x10, 0x18, 0x1C, 0x1E, 0x1C, 0x18, 0x10, 0x00], // 0x7F
    [0xFF, 0xC9, 0x80, 0x80, 0xC1, 0xE3, 0xF7, 0xFF], // 0x80
    [0xE7, 0xE7, 0xE7, 0xE0, 0xE0, 0xE7, 0xE7, 0xE7], // 0x81
    [0xFC, 0xFC, 0xFC, 0xFC, 0xFC, 0xFC, 0xFC, 0xFC], // 0x82
    [0xE7, 0xE7, 0xE7, 0x07, 0x07, 0xFF, 0xFF, 0xFF], // 0x83
    [0xE7, 0xE7, 0xE7, 0x07, 0x07, 0xE7, 0xE7, 0xE7], // 0x84
    [0xFF, 0xFF, 0xFF, 0x07, 0x07, 0xE7, 0xE7, 0xE7], // 0x85
    [0xFC, 0xF8, 0xF1, 0xE3, 0xC7, 0x8F, 0x1F, 0x3F], // 0x86
    [0x3F, 0x1F, 0x8F, 0xC7, 0xE3, 0xF1, 0xF8, 0xFC], // 0x87
    [0xFE, 0xFC, 0xF8, 0xF0, 0xE0, 0xC0, 0x80, 0x00], // 0x88
    [0xFF, 0xFF, 0xFF, 0xFF, 0xF0, 0xF0, 0xF0, 0xF0], // 0x89
    [0x7F, 0x3F, 0x1F, 0x0F, 0x07, 0x03, 0x01, 0x00], // 0x8A
    [0xF0, 0xF0, 0xF0, 0xF0, 0xFF, 0xFF, 0xFF, 0xFF], // 0x8B
    [0x0F, 0x0F, 0x0F, 0x0F, 0xFF, 0xFF, 0xFF, 0xFF], // 0x8C
    [0x00, 0x00, 0xFF, 0xFF, 0xFF, 0xFF, 0xFF, 0xFF], // 0x8D
    [0xFF, 0xFF, 0xFF, 0xFF, 0xFF, 0xFF, 0x00, 0x00], // 0x8E
    [0xFF, 0xFF, 0xFF, 0xFF, 0x0F, 0x0F, 0x0F, 0x0F], // 0x8F
    [0xFF, 0xE3, 0xE3, 0x88, 0x88, 0xF7, 0xE3, 0xFF], // 0x90
    [0xFF, 0xFF, 0xFF, 0xE0, 0xE0, 0xE7, 0xE7, 0xE7], // 0x91
    [0xFF, 0xFF, 0xFF, 0x00, 0x00, 0xFF, 0xFF, 0xFF], // 0x92
    [0xE7, 0xE7, 0xE7, 0x00, 0x00, 0xE7, 0xE7, 0xE7], // 0x93
    [0xFF, 0xFF, 0xC3, 0x81, 0x81, 0x81, 0xC3, 0xFF], // 0x94
    [0xFF, 0xFF, 0xFF, 0xFF, 0x00, 0x00, 0x00, 0x00], // 0x95
    [0x3F, 0x3F, 0x3F, 0x3F, 0x3F, 0x3F, 0x3F, 0x3F], // 0x96
    [0xFF, 0xFF, 0xFF, 0x00, 0x00, 0xE7, 0xE7, 0xE7], // 0x97
    [0xE7, 0xE7, 0xE7, 0x00, 0x00, 0xFF, 0xFF, 0xFF], // 0x98
    [0x0F, 0x0F, 0x0F, 0x0F, 0x0F, 0x0F, 0x0F, 0x0F], // 0x99
    [0xE7, 0xE7, 0xE7, 0xE0, 0xE0, 0xFF, 0xFF, 0xFF], // 0x9A
    [0x00, 0x00, 0x00, 0x00, 0x00, 0x00, 0x00, 0x00], // 0x9B
    [0xFF, 0xE7, 0xC3, 0x81, 0xE7, 0xE7, 0xE7, 0xFF], // 0x9C
    [0xFF, 0xE7, 0xE7, 0xE7, 0x81, 0xC3, 0xE7, 0xFF], // 0x9D
    [0xFF, 0xE7, 0xCF, 0x81, 0xCF, 0xE7, 0xFF, 0xFF], // 0x9E
    [0xFF, 0xE7, 0xF3, 0x81, 0xF3, 0xE7, 0xFF, 0xFF], // 0x9F
    [0xFF, 0xFF, 0xFF, 0xFF, 0xFF, 0xFF, 0xFF, 0xFF], // 0xA0
    [0xFF, 0xE7, 0xE7, 0xE7, 0xE7, 0xFF, 0xE7, 0xFF], // 0xA1
    [0xFF, 0x99, 0x99, 0x99, 0xFF, 0xFF, 0xFF, 0xFF], // 0xA2
    [0xFF, 0x99, 0x00, 0x99, 0x99, 0x00, 0x99, 0xFF], // 0xA3
    [0xE7, 0xC1, 0x9F, 0xC3, 0xF9, 0x83, 0xE7, 0xFF], // 0xA4
    [0xFF, 0x99, 0x93, 0xE7, 0xCF, 0x99, 0xB9, 0xFF], // 0xA5
    [0xE3, 0xC9, 0xE3, 0xC7, 0x90, 0x99, 0xC4, 0xFF], // 0xA6
    [0xFF, 0xE7, 0xE7, 0xE7, 0xFF, 0xFF, 0xFF, 0xFF], // 0xA7
    [0xFF, 0xF1, 0xE3, 0xE7, 0xE7, 0xE3, 0xF1, 0xFF], // 0xA8
    [0xFF, 0x8F, 0xC7, 0xE7, 0xE7, 0xC7, 0x8F, 0xFF], // 0xA9
    [0xFF, 0x99, 0xC3, 0x00, 0xC3, 0x99, 0xFF, 0xFF], // 0xAA
    [0xFF, 0xE7, 0xE7, 0x81, 0xE7, 0xE7, 0xFF, 0xFF], // 0xAB
    [0xFF, 0xFF, 0xFF, 0xFF, 0xFF, 0xE7, 0xE7, 0xCF], // 0xAC
    [0xFF, 0xFF, 0xFF, 0x81, 0xFF, 0xFF, 0xFF, 0xFF], // 0xAD
    [0xFF, 0xFF, 0xFF, 0xFF, 0xFF, 0xE7, 0xE7, 0xFF], // 0xAE
    [0xFF, 0xF9, 0xF3, 0xE7, 0xCF, 0x9F, 0xBF, 0xFF], // 0xAF
    [0xFF, 0xC3, 0x99, 0x91, 0x89, 0x99, 0xC3, 0xFF], // 0xB0
    [0xFF, 0xE7, 0xC7, 0xE7, 0xE7, 0xE7, 0x81, 0xFF], // 0xB1
    [0xFF, 0xC3, 0x99, 0xF3, 0xE7, 0xCF, 0x81, 0xFF], // 0xB2
    [0xFF, 0x81, 0xF3, 0xE7, 0xF3, 0x99, 0xC3, 0xFF], // 0xB3
    [0xFF, 0xF3, 0xE3, 0xC3, 0x93, 0x81, 0xF3, 0xFF], // 0xB4
    [0xFF, 0x81, 0x9F, 0x83, 0xF9, 0x99, 0xC3, 0xFF], // 0xB5
    [0xFF, 0xC3, 0x9F, 0x83, 0x99, 0x99, 0xC3, 0xFF], // 0xB6
    [0xFF, 0x81, 0xF9, 0xF3, 0xE7, 0xCF, 0xCF, 0xFF], // 0xB7
    [0xFF, 0xC3, 0x99, 0xC3, 0x99, 0x99, 0xC3, 0xFF], // 0xB8
    [0xFF, 0xC3, 0x99, 0xC1, 0xF9, 0xF3, 0xC7, 0xFF], // 0xB9
    [0xFF, 0xFF, 0xE7, 0xE7, 0xFF, 0xE7, 0xE7, 0xFF], // 0xBA
    [0xFF, 0xFF, 0xE7, 0xE7, 0xFF, 0xE7, 0xE7, 0xCF], // 0xBB
    [0xF9, 0xF3, 0xE7, 0xCF, 0xE7, 0xF3, 0xF9, 0xFF], // 0xBC
    [0xFF, 0xFF, 0x81, 0xFF, 0xFF, 0x81, 0xFF, 0xFF], // 0xBD
    [0x9F, 0xCF, 0xE7, 0xF3, 0xE7, 0xCF, 0x9F, 0xFF], // 0xBE
    [0xFF, 0xC3, 0x99, 0xF3, 0xE7, 0xFF, 0xE7, 0xFF], // 0xBF
    [0xFF, 0xC3, 0x99, 0x91, 0x91, 0x9F, 0xC1, 0xFF], // 0xC0
    [0xFF, 0xE7, 0xC3, 0x99, 0x99, 0x81, 0x99, 0xFF], // 0xC1
    [0xFF, 0x83, 0x99, 0x83, 0x99, 0x99, 0x83, 0xFF], // 0xC2
    [0xFF, 0xC3, 0x99, 0x9F, 0x9F, 0x99, 0xC3, 0xFF], // 0xC3
    [0xFF, 0x87, 0x93, 0x99, 0x99, 0x93, 0x87, 0xFF], // 0xC4
    [0xFF, 0x81, 0x9F, 0x83, 0x9F, 0x9F, 0x81, 0xFF], // 0xC5
    [0xFF, 0x81, 0x9F, 0x83, 0x9F, 0x9F, 0x9F, 0xFF], // 0xC6
    [0xFF, 0xC1, 0x9F, 0x9F, 0x91, 0x99, 0xC1, 0xFF], // 0xC7
    [0xFF, 0x99, 0x99, 0x81, 0x99, 0x99, 0x99, 0xFF], // 0xC8
    [0xFF, 0x81, 0xE7, 0xE7, 0xE7, 0xE7, 0x81, 0xFF], // 0xC9
    [0xFF, 0xF9, 0xF9, 0xF9, 0xF9, 0x99, 0xC3, 0xFF], // 0xCA
    [0xFF, 0x99, 0x93, 0x87, 0x87, 0x93, 0x99, 0xFF], // 0xCB
    [0xFF, 0x9F, 0x9F, 0x9F, 0x9F, 0x9F, 0x81, 0xFF], // 0xCC
    [0xFF, 0x9C, 0x88, 0x80, 0x94, 0x9C, 0x9C, 0xFF], // 0xCD
    [0xFF, 0x99, 0x89, 0x81, 0x81, 0x91, 0x99, 0xFF], // 0xCE
    [0xFF, 0xC3, 0x99, 0x99, 0x99, 0x99, 0xC3, 0xFF], // 0xCF
    [0xFF, 0x83, 0x99, 0x99, 0x83, 0x9F, 0x9F, 0xFF], // 0xD0
    [0xFF, 0xC3, 0x99, 0x99, 0x99, 0x93, 0xC9, 0xFF], // 0xD1
    [0xFF, 0x83, 0x99, 0x99, 0x83, 0x93, 0x99, 0xFF], // 0xD2
    [0xFF, 0xC3, 0x9F, 0xC3, 0xF9, 0xF9, 0xC3, 0xFF], // 0xD3
    [0xFF, 0x81, 0xE7, 0xE7, 0xE7, 0xE7, 0xE7, 0xFF], // 0xD4
    [0xFF, 0x99, 0x99, 0x99, 0x99, 0x99, 0x81, 0xFF], // 0xD5
    [0xFF, 0x99, 0x99, 0x99, 0x99, 0xC3, 0xE7, 0xFF], // 0xD6
    [0xFF, 0x9C, 0x9C, 0x94, 0x80, 0x88, 0x9C, 0xFF], // 0xD7
    [0xFF, 0x99, 0x99, 0xC3, 0xC3, 0x99, 0x99, 0xFF], // 0xD8
    [0xFF, 0x99, 0x99, 0xC3, 0xE7, 0xE7, 0xE7, 0xFF], // 0xD9
    [0xFF, 0x81, 0xF3, 0xE7, 0xCF, 0x9F, 0x81, 0xFF], // 0xDA
    [0xFF, 0xE1, 0xE7, 0xE7, 0xE7, 0xE7, 0xE1, 0xFF], // 0xDB
    [0xFF, 0xBF, 0x9F, 0xCF, 0xE7, 0xF3, 0xF9, 0xFF], // 0xDC
    [0xFF, 0x87, 0xE7, 0xE7, 0xE7, 0xE7, 0x87, 0xFF], // 0xDD
    [0xFF, 0xF7, 0xE3, 0xC9, 0x9C, 0xFF, 0xFF, 0xFF], // 0xDE
    [0xFF, 0xFF, 0xFF, 0xFF, 0xFF, 0xFF, 0x00, 0xFF], // 0xDF
    [0xFF, 0xE7, 0xC3, 0x81, 0x81, 0xC3, 0xE7, 0xFF], // 0xE0
    [0xFF, 0xFF, 0xC3, 0xF9, 0xC1, 0x99, 0xC1, 0xFF], // 0xE1
    [0xFF, 0x9F, 0x9F, 0x83, 0x99, 0x99, 0x83, 0xFF], // 0xE2
    [0xFF, 0xFF, 0xC3, 0x9F, 0x9F, 0x9F, 0xC3, 0xFF], // 0xE3
    [0xFF, 0xF9, 0xF9, 0xC1, 0x99, 0x99, 0xC1, 0xFF], // 0xE4
    [0xFF, 0xFF, 0xC3, 0x99, 0x81, 0x9F, 0xC3, 0xFF], // 0xE5
    [0xFF, 0xF1, 0xE7, 0xC1, 0xE7, 0xE7, 0xE7, 0xFF], // 0xE6
    [0xFF, 0xFF, 0xC1, 0x99, 0x99, 0xC1, 0xF9, 0x83], // 0xE7
    [0xFF, 0x9F, 0x9F, 0x83, 0x99, 0x99, 0x99, 0xFF], // 0xE8
    [0xFF, 0xE7, 0xFF, 0xC7, 0xE7, 0xE7, 0xC3, 0xFF], // 0xE9
    [0xFF, 0xF9, 0xFF, 0xF9, 0xF9, 0xF9, 0xF9, 0xC3], // 0xEA
    [0xFF, 0x9F, 0x9F, 0x93, 0x87, 0x93, 0x99, 0xFF], // 0xEB
    [0xFF, 0xC7, 0xE7, 0xE7, 0xE7, 0xE7, 0xC3, 0xFF], // 0xEC
    [0xFF, 0xFF, 0x99, 0x80, 0x80, 0x94, 0x9C, 0xFF], // 0xED
    [0xFF, 0xFF, 0x83, 0x99, 0x99, 0x99, 0x99, 0xFF], // 0xEE
    [0xFF, 0xFF, 0xC3, 0x99, 0x99, 0x99, 0xC3, 0xFF], // 0xEF
    [0xFF, 0xFF, 0x83, 0x99, 0x99, 0x83, 0x9F, 0x9F], // 0xF0
    [0xFF, 0xFF, 0xC1, 0x99, 0x99, 0xC1, 0xF9, 0xF9], // 0xF1
    [0xFF, 0xFF, 0x83, 0x99, 0x9F, 0x9F, 0x9F, 0xFF], // 0xF2
    [0xFF, 0xFF, 0xC1, 0x9F, 0xC3, 0xF9, 0x83, 0xFF], // 0xF3
    [0xFF, 0xE7, 0x81, 0xE7, 0xE7, 0xE7, 0xF1, 0xFF], // 0xF4
    [0xFF, 0xFF, 0x99, 0x99, 0x99, 0x99, 0xC1, 0xFF], // 0xF5
    [0xFF, 0xFF, 0x99, 0x99, 0x99, 0xC3, 0xE7, 0xFF], // 0xF6
    [0xFF, 0xFF, 0x9C, 0x94, 0x80, 0xC1, 0xC9, 0xFF], // 0xF7
    [0xFF, 0xFF, 0x99, 0xC3, 0xE7, 0xC3, 0x99, 0xFF], // 0xF8
    [0xFF, 0xFF, 0x99, 0x99, 0x99, 0xC1, 0xF3, 0x87], // 0xF9
    [0xFF, 0xFF, 0x81, 0xF3, 0xE7, 0xCF, 0x81, 0xFF], // 0xFA
    [0xFF, 0xE7, 0xC3, 0x81, 0x81, 0xE7, 0xC3, 0xFF], // 0xFB
    [0xE7, 0xE7, 0xE7, 0xE7, 0xE7, 0xE7, 0xE7, 0xE7], // 0xFC
    [0xFF, 0x81, 0x87, 0x83, 0x91, 0x99, 0xF9, 0xFF], // 0xFD
    [0xF7, 0xE7, 0xC7, 0x87, 0xC7, 0xE7, 0xF7, 0xFF], // 0xFE
    [0xEF, 0xE7, 0xE3, 0xE1, 0xE3, 0xE7, 0xEF, 0xFF], // 0xFF
];

pub const ATARI_NAJM_65XE_ARABIC: Font = [
    [0x00, 0x00, 0x00, 0x00, 0x00, 0x00, 0x00, 0x00], // 0x00
    [0x00, 0x18, 0x18, 0x18, 0x18, 0x00, 0x18, 0x00], // 0x01
    [0x00, 0x66, 0x66, 0x66, 0x00, 0x00, 0x00, 0x00], // 0x02
    [0x00, 0x66, 0xFF, 0x66, 0x66, 0xFF, 0x66, 0x00], // 0x03
    [0x18, 0x3E, 0x60, 0x3C, 0x06, 0x7C, 0x18, 0x00], // 0x04
    [0x00, 0x66, 0x6C, 0x18, 0x30, 0x66, 0x46, 0x00], // 0x05
    [0x1C, 0x36, 0x1C, 0x38, 0x6F, 0x66, 0x3B, 0x00], // 0x06
    [0x00, 0x18, 0x18, 0x18, 0x00, 0x00, 0x00, 0x00], // 0x07
    [0x00, 0x0E, 0x1C, 0x18, 0x18, 0x1C, 0x0E, 0x00], // 0x08
    [0x00, 0x70, 0x38, 0x18, 0x18, 0x38, 0x70, 0x00], // 0x09
    [0x00, 0x66, 0x3C, 0xFF, 0x3C, 0x66, 0x00, 0x00], // 0x0A
    [0x00, 0x18, 0x18, 0x7E, 0x18, 0x18, 0x00, 0x00], // 0x0B
    [0x00, 0x00, 0x00, 0x00, 0x00, 0x18, 0x18, 0x30], // 0x0C
    [0x00, 0x00, 0x00, 0x7E, 0x00, 0x00, 0x00, 0x00], // 0x0D
    [0x00, 0x00, 0x00, 0x00, 0x00, 0x18, 0x18, 0x00], // 0x0E
    [0x00, 0x06, 0x0C, 0x18, 0x30, 0x60, 0x40, 0x00], // 0x0F
    [0x00, 0x00, 0x08, 0x1C, 0x1C, 0x08, 0x00, 0x00], // 0x10
    [0x00, 0x06, 0x06, 0x06, 0x06, 0x06, 0x04, 0x00], // 0x11
    [0x00, 0x66, 0x7C, 0x30, 0x30, 0x30, 0x20, 0x00], // 0x12
    [0x00, 0xDB, 0x7E, 0x60, 0x60, 0x60, 0x40, 0x00], // 0x13
    [0x00, 0x3C, 0x60, 0x38, 0x30, 0x60, 0x3C, 0x00], // 0x14
    [0x00, 0x38, 0x2C, 0x66, 0x62, 0x66, 0x3C, 0x00], // 0x15
    [0x00, 0x7E, 0x06, 0x06, 0x06, 0x06, 0x02, 0x00], // 0x16
    [0x00, 0x63, 0x63, 0x36, 0x36, 0x1C, 0x18, 0x00], // 0x17
    [0x00, 0x18, 0x38, 0x6C, 0x6C, 0xC6, 0xC6, 0x00], // 0x18
    [0x00, 0x3C, 0x66, 0x7E, 0x06, 0x06, 0x04, 0x00], // 0x19
    [0x00, 0x00, 0x18, 0x18, 0x00, 0x18, 0x18, 0x00], // 0x1A
    [0x00, 0x00, 0x18, 0x18, 0x00, 0x18, 0x18, 0x30], // 0x1B
    [0x06, 0x0C, 0x18, 0x30, 0x18, 0x0C, 0x06, 0x00], // 0x1C
    [0x00, 0x00, 0x7E, 0x00, 0x00, 0x7E, 0x00, 0x00], // 0x1D
    [0x60, 0x30, 0x18, 0x0C, 0x18, 0x30, 0x60, 0x00], // 0x1E
    [0x00, 0x3C, 0x66, 0x0C, 0x18, 0x00, 0x18, 0x00], // 0x1F
    [0x00, 0x3C, 0x66, 0x6E, 0x6E, 0x60, 0x3E, 0x00], // 0x20
    [0x00, 0x18, 0x3C, 0x66, 0x66, 0x7E, 0x66, 0x00], // 0x21
    [0x00, 0x7C, 0x66, 0x7C, 0x66, 0x66, 0x7C, 0x00], // 0x22
    [0x00, 0x3C, 0x66, 0x60, 0x60, 0x66, 0x3C, 0x00], // 0x23
    [0x00, 0x78, 0x6C, 0x66, 0x66, 0x6C, 0x78, 0x00], // 0x24
    [0x00, 0x7E, 0x60, 0x7C, 0x60, 0x60, 0x7E, 0x00], // 0x25
    [0x00, 0x7E, 0x60, 0x7C, 0x60, 0x60, 0x60, 0x00], // 0x26
    [0x00, 0x3E, 0x60, 0x60, 0x6E, 0x66, 0x3E, 0x00], // 0x27
    [0x00, 0x66, 0x66, 0x7E, 0x66, 0x66, 0x66, 0x00], // 0x28
    [0x00, 0x7E, 0x18, 0x18, 0x18, 0x18, 0x7E, 0x00], // 0x29
    [0x00, 0x06, 0x06, 0x06, 0x06, 0x66, 0x3C, 0x00], // 0x2A
    [0x00, 0x66, 0x6C, 0x78, 0x78, 0x6C, 0x66, 0x00], // 0x2B
    [0x00, 0x60, 0x60, 0x60, 0x60, 0x60, 0x7E, 0x00], // 0x2C
    [0x00, 0x63, 0x77, 0x7F, 0x6B, 0x63, 0x63, 0x00], // 0x2D
    [0x00, 0x66, 0x76, 0x7E, 0x7E, 0x6E, 0x66, 0x00], // 0x2E
    [0x00, 0x3C, 0x66, 0x66, 0x66, 0x66, 0x3C, 0x00], // 0x2F
    [0x00, 0x7C, 0x66, 0x66, 0x7C, 0x60, 0x60, 0x00], // 0x30
    [0x00, 0x3C, 0x66, 0x66, 0x66, 0x6C, 0x36, 0x00], // 0x31
    [0x00, 0x7C, 0x66, 0x66, 0x7C, 0x6C, 0x66, 0x00], // 0x32
    [0x00, 0x3C, 0x60, 0x3C, 0x06, 0x06, 0x3C, 0x00], // 0x33
    [0x00, 0x7E, 0x18, 0x18, 0x18, 0x18, 0x18, 0x00], // 0x34
    [0x00, 0x66, 0x66, 0x66, 0x66, 0x66, 0x7E, 0x00], // 0x35
    [0x00, 0x66, 0x66, 0x66, 0x66, 0x3C, 0x18, 0x00], // 0x36
    [0x00, 0x63, 0x63, 0x6B, 0x7F, 0x77, 0x63, 0x00], // 0x37
    [0x00, 0x66, 0x66, 0x3C, 0x3C, 0x66, 0x66, 0x00], // 0x38
    [0x00, 0x66, 0x66, 0x3C, 0x18, 0x18, 0x18, 0x00], // 0x39
    [0x00, 0x7E, 0x0C, 0x18, 0x30, 0x60, 0x7E, 0x00], // 0x3A
    [0x00, 0x1E, 0x18, 0x18, 0x18, 0x18, 0x1E, 0x00], // 0x3B
    [0x00, 0x40, 0x60, 0x30, 0x18, 0x0C, 0x06, 0x00], // 0x3C
    [0x00, 0x78, 0x18, 0x18, 0x18, 0x18, 0x78, 0x00], // 0x3D
    [0x00, 0x08, 0x1C, 0x36, 0x63, 0x00, 0x00, 0x00], // 0x3E
    [0x00, 0x00, 0x00, 0x00, 0x00, 0x00, 0xFF, 0x00], // 0x3F
    [0x00, 0x00, 0x00, 0x00, 0x00, 0x00, 0x00, 0x00], // 0x40
    [0x04, 0x0A, 0x00, 0x95, 0x9F, 0x90, 0x90, 0x60], // 0x41
    [0x00, 0x00, 0x02, 0x05, 0x07, 0x01, 0x3E, 0x00], // 0x42
    [0x0A, 0x00, 0x04, 0x12, 0x11, 0x0E, 0x00, 0x00], // 0x43
    [0x00, 0x00, 0x0E, 0x89, 0x84, 0x7C, 0x00, 0x28], // 0x44
    [0x08, 0x14, 0x41, 0x41, 0x3E, 0x00, 0x00, 0x00], // 0x45
    [0x00, 0x00, 0x41, 0x41, 0x3E, 0x00, 0x08, 0x00], // 0x46
    [0x01, 0x01, 0x01, 0x01, 0x41, 0x41, 0x3E, 0x00], // 0x47
    [0x00, 0x00, 0x07, 0x04, 0x1E, 0x00, 0x00, 0x00], // 0x48
    [0x00, 0x00, 0x04, 0x12, 0x11, 0x0E, 0x00, 0x00], // 0x49
    [0x00, 0x14, 0x41, 0x41, 0x3E, 0x00, 0x00, 0x00], // 0x4A
    [0x00, 0x08, 0x00, 0x41, 0x41, 0x41, 0x3E, 0x00], // 0x4B
    [0x00, 0x00, 0x06, 0x79, 0x46, 0x40, 0x40, 0x40], // 0x4C
    [0x00, 0x00, 0x1C, 0x02, 0x1F, 0x20, 0x24, 0x1F], // 0x4D
    [0x00, 0x00, 0x00, 0x00, 0xE7, 0x18, 0x10, 0x10], // 0x4E
    [0x08, 0x00, 0x1C, 0x02, 0x1F, 0x20, 0x20, 0x1F], // 0x4F
    [0x00, 0x00, 0x1C, 0x02, 0x1F, 0x20, 0x20, 0x1F], // 0x50
    [0x08, 0x00, 0x06, 0x89, 0x9F, 0x90, 0x90, 0x60], // 0x51
    [0x05, 0x00, 0x02, 0x05, 0x47, 0x41, 0x7E, 0x00], // 0x52
    [0x00, 0x00, 0x11, 0x95, 0x9F, 0x90, 0x90, 0x60], // 0x53
    [0x02, 0x00, 0x02, 0x05, 0x87, 0x7F, 0x00, 0x00], // 0x54
    [0x00, 0x0E, 0x08, 0x1E, 0x20, 0x20, 0x1E, 0x01], // 0x55
    [0x19, 0x11, 0x39, 0x81, 0x81, 0x7E, 0x00, 0x00], // 0x56
    [0x00, 0x00, 0x06, 0x89, 0x9F, 0x90, 0x90, 0x60], // 0x57
    [0x0C, 0x08, 0x1C, 0x01, 0xFE, 0x00, 0x00, 0x00], // 0x58
    [0x08, 0x00, 0x0E, 0x08, 0x1E, 0x40, 0x20, 0x1E], // 0x59
    [0x00, 0x00, 0x00, 0x0E, 0x89, 0x84, 0x7C, 0x00], // 0x5A
    [0x00, 0x00, 0x08, 0x1C, 0x1C, 0x08, 0x00, 0x00], // 0x5B
    [0x00, 0x66, 0x7C, 0x30, 0x30, 0x30, 0x20, 0x00], // 0x5C
    [0x00, 0xDB, 0x7E, 0x60, 0x60, 0x60, 0x40, 0x00], // 0x5D
    [0x00, 0x3C, 0x60, 0x38, 0x30, 0x60, 0x3C, 0x00], // 0x5E
    [0x00, 0x18, 0x38, 0x6C, 0x6C, 0xC6, 0xC6, 0x00], // 0x5F
    [0x00, 0x02, 0x00, 0x01, 0x01, 0x01, 0x3C, 0x00], // 0x60
    [0x20, 0x50, 0x00, 0x15, 0xFF, 0x00, 0x00, 0x00], // 0x61
    [0x00, 0x00, 0x00, 0x01, 0x01, 0x02, 0x3C, 0x00], // 0x62
    [0x10, 0x04, 0x02, 0x11, 0x1F, 0x00, 0x00, 0x00], // 0x63
    [0x00, 0x00, 0x01, 0x01, 0xFE, 0x00, 0x14, 0x00], // 0x64
    [0x08, 0x00, 0x15, 0x01, 0xFE, 0x00, 0x00, 0x00], // 0x65
    [0x00, 0x00, 0x00, 0x03, 0xFF, 0x00, 0x06, 0x00], // 0x66
    [0x01, 0x01, 0x01, 0x01, 0xFF, 0x00, 0x00, 0x00], // 0x67
    [0x01, 0x01, 0x01, 0x01, 0x01, 0x00, 0x00, 0x00], // 0x68
    [0x1C, 0x22, 0x09, 0x15, 0xFF, 0x00, 0x00, 0x00], // 0x69
    [0x14, 0x00, 0x01, 0x01, 0xFF, 0x00, 0x00, 0x00], // 0x6A
    [0x08, 0x00, 0x01, 0x01, 0xFE, 0x00, 0x00, 0x00], // 0x6B
    [0x00, 0x00, 0x00, 0x06, 0xF9, 0x05, 0x00, 0x00], // 0x6C
    [0x00, 0x00, 0x1C, 0x02, 0xFF, 0x00, 0x08, 0x00], // 0x6D
    [0x01, 0x01, 0x09, 0x05, 0x02, 0x1C, 0x00, 0x00], // 0x6E
    [0x08, 0x00, 0x1C, 0x02, 0xFF, 0x00, 0x00, 0x00], // 0x6F
    [0x00, 0x00, 0x1C, 0x02, 0xFF, 0x00, 0x00, 0x00], // 0x70
    [0x0C, 0x00, 0x0E, 0x51, 0xFF, 0x00, 0x00, 0x00], // 0x71
    [0x05, 0x00, 0x02, 0x05, 0xFE, 0x00, 0x00, 0x00], // 0x72
    [0x00, 0x00, 0x00, 0x15, 0xFF, 0x00, 0x00, 0x00], // 0x73
    [0x02, 0x00, 0x02, 0x05, 0xFE, 0x00, 0x00, 0x00], // 0x74
    [0x00, 0x0E, 0x10, 0x10, 0xFF, 0x00, 0x00, 0x00], // 0x75
    [0x00, 0x04, 0x02, 0x11, 0x1F, 0x00, 0x00, 0x00], // 0x76
    [0x00, 0x00, 0x0E, 0x51, 0xFF, 0x00, 0x00, 0x00], // 0x77
    [0x10, 0x10, 0x17, 0x19, 0xFF, 0x00, 0x00, 0x00], // 0x78
    [0x10, 0x0E, 0x10, 0x10, 0xFF, 0x00, 0x00, 0x00], // 0x79
    [0x12, 0x10, 0x17, 0x19, 0xFF, 0x00, 0x00, 0x00], // 0x7A
    [0x18, 0x20, 0x3E, 0x01, 0xFF, 0x00, 0x00, 0x00], // 0x7B
    [0x00, 0x3C, 0x66, 0x7E, 0x06, 0x06, 0x04, 0x00], // 0x7C
    [0x00, 0x7E, 0x78, 0x7C, 0x6E, 0x66, 0x06, 0x00], // 0x7D
    [0x00, 0x7E, 0x06, 0x06, 0x06, 0x06, 0x02, 0x00], // 0x7E
    [0x00, 0x63, 0x63, 0x36, 0x36, 0x36, 0x1C, 0x18], // 0x7F
    [0x00, 0x00, 0x00, 0x00, 0x00, 0x00, 0x00, 0x00], // 0x80
    [0x00, 0x00, 0x00, 0x00, 0x00, 0x00, 0x00, 0x00], // 0x81
    [0x00, 0x00, 0x00, 0x00, 0x00, 0x00, 0x00, 0x00], // 0x82
    [0x00, 0x00, 0x00, 0x00, 0x00, 0x00, 0x00, 0x00], // 0x83
    [0x00, 0x00, 0x00, 0x00, 0x00, 0x00, 0x00, 0x00], // 0x84
    [0x00, 0x00, 0x00, 0x00, 0x00, 0x00, 0x00, 0x00], // 0x85
    [0x00, 0x00, 0x00, 0x00, 0x00, 0x00, 0x00, 0x00], // 0x86
    [0x00, 0x00, 0x00, 0x00, 0x00, 0x00, 0x00, 0x00], // 0x87
    [0x00, 0x00, 0x00, 0x00, 0x00, 0x00, 0x00, 0x00], // 0x88
    [0x00, 0x00, 0x00, 0x00, 0x00, 0x00, 0x00, 0x00], // 0x89
    [0x00, 0x00, 0x00, 0x00, 0x00, 0x00, 0x00, 0x00], // 0x8A
    [0x00, 0x00, 0x00, 0x00, 0x00, 0x00, 0x00, 0x00], // 0x8B
    [0x00, 0x00, 0x00, 0x00, 0x00, 0x00, 0x00, 0x00], // 0x8C
    [0x00, 0x00, 0x00, 0x00, 0x00, 0x00, 0x00, 0x00], // 0x8D
    [0x00, 0x00, 0x00, 0x00, 0x00, 0x00, 0x00, 0x00], // 0x8E
    [0x00, 0x00, 0x00, 0x00, 0x00, 0x00, 0x00, 0x00], // 0x8F
    [0x00, 0x00, 0x00, 0x00, 0x00, 0x00, 0x00, 0x00], // 0x90
    [0x00, 0x00, 0x00, 0x00, 0x00, 0x00, 0x00, 0x00], // 0x91
    [0x00, 0x00, 0x00, 0x00, 0x00, 0x00, 0x00, 0x00], // 0x92
    [0x00, 0x00, 0x00, 0x00, 0x00, 0x00, 0x00, 0x00], // 0x93
    [0x00, 0x00, 0x00, 0x00, 0x00, 0x00, 0x00, 0x00], // 0x94
    [0x00, 0x00, 0x00, 0x00, 0x00, 0x00, 0x00, 0x00], // 0x95
    [0x00, 0x00, 0x00, 0x00, 0x00, 0x00, 0x00, 0x00], // 0x96
    [0x00, 0x00, 0x00, 0x00, 0x00, 0x00, 0x00, 0x00], // 0x97
    [0x00, 0x00, 0x00, 0x00, 0x00, 0x00, 0x00, 0x00], // 0x98
    [0x00, 0x00, 0x00, 0x00, 0x00, 0x00, 0x00, 0x00], // 0x99
    [0x00, 0x00, 0x00, 0x00, 0x00, 0x00, 0x00, 0x00], // 0x9A
    [0x00, 0x00, 0x00, 0x00, 0x00, 0x00, 0x00, 0x00], // 0x9B
    [0x00, 0x00, 0x00, 0x00, 0x00, 0x00, 0x00, 0x00], // 0x9C
    [0x00, 0x00, 0x00, 0x00, 0x00, 0x00, 0x00, 0x00], // 0x9D
    [0x00, 0x00, 0x00, 0x00, 0x00, 0x00, 0x00, 0x00], // 0x9E
    [0x00, 0x00, 0x00, 0x00, 0x00, 0x00, 0x00, 0x00], // 0x9F
    [0x00, 0x00, 0x00, 0x00, 0x00, 0x00, 0x00, 0x00], // 0xA0
    [0x00, 0x00, 0x00, 0x00, 0x00, 0x00, 0x00, 0x00], // 0xA1
    [0x00, 0x00, 0x00, 0x00, 0x00, 0x00, 0x00, 0x00], // 0xA2
    [0x00, 0x00, 0x00, 0x00, 0x00, 0x00, 0x00, 0x00], // 0xA3
    [0x00, 0x00, 0x00, 0x00, 0x00, 0x00, 0x00, 0x00], // 0xA4
    [0x00, 0x00, 0x00, 0x00, 0x00, 0x00, 0x00, 0x00], // 0xA5
    [0x00, 0x00, 0x00, 0x00, 0x00, 0x00, 0x00, 0x00], // 0xA6
    [0x00, 0x00, 0x00, 0x00, 0x00, 0x00, 0x00, 0x00], // 0xA7
    [0x00, 0x00, 0x00, 0x00, 0x00, 0x00, 0x00, 0x00], // 0xA8
    [0x00, 0x00, 0x00, 0x00, 0x00, 0x00, 0x00, 0x00], // 0xA9
    [0x00, 0x00, 0x00, 0x00, 0x00, 0x00, 0x00, 0x00], // 0xAA
    [0x00, 0x00, 0x00, 0x00, 0x00, 0x00, 0x00, 0x00], // 0xAB
    [0x00, 0x00, 0x00, 0x00, 0x00, 0x00, 0x00, 0x00], // 0xAC
    [0x00, 0x00, 0x00, 0x00, 0x00, 0x00, 0x00, 0x00], // 0xAD
    [0x00, 0x00, 0x00, 0x00, 0x00, 0x00, 0x00, 0x00], // 0xAE
    [0x00, 0x00, 0x00, 0x00, 0x00, 0x00, 0x00, 0x00], // 0xAF
    [0x00, 0x00, 0x00, 0x00, 0x00, 0x00, 0x00, 0x00], // 0xB0
    [0x00, 0x00, 0x00, 0x00, 0x00, 0x00, 0x00, 0x00], // 0xB1
    [0x00, 0x00, 0x00, 0x00, 0x00, 0x00, 0x00, 0x00], // 0xB2
    [0x00, 0x00, 0x00, 0x00, 0x00, 0x00, 0x00, 0x00], // 0xB3
    [0x00, 0x00, 0x00, 0x00, 0x00, 0x00, 0x00, 0x00], // 0xB4
    [0x00, 0x00, 0x00, 0x00, 0x00, 0x00, 0x00, 0x00], // 0xB5
    [0x00, 0x00, 0x00, 0x00, 0x00, 0x00, 0x00, 0x00], // 0xB6
    [0x00, 0x00, 0x00, 0x00, 0x00, 0x00, 0x00, 0x00], // 0xB7
    [0x00, 0x00, 0x00, 0x00, 0x00, 0x00, 0x00, 0x00], // 0xB8
    [0x00, 0x00, 0x00, 0x00, 0x00, 0x00, 0x00, 0x00], // 0xB9
    [0x00, 0x00, 0x00, 0x00, 0x00, 0x00, 0x00, 0x00], // 0xBA
    [0x00, 0x00, 0x00, 0x00, 0x00, 0x00, 0x00, 0x00], // 0xBB
    [0x00, 0x00, 0x00, 0x00, 0x00, 0x00, 0x00, 0x00], // 0xBC
    [0x00, 0x00, 0x00, 0x00, 0x00, 0x00, 0x00, 0x00], // 0xBD
    [0x00, 0x00, 0x00, 0x00, 0x00, 0x00, 0x00, 0x00], // 0xBE
    [0x00, 0x00, 0x00, 0x00, 0x00, 0x00, 0x00, 0x00], // 0xBF
    [0x00, 0x00, 0x00, 0x00, 0x00, 0x00, 0x00, 0x00], // 0xC0
    [0x00, 0x00, 0x00, 0x00, 0x00, 0x00, 0x00, 0x00], // 0xC1
    [0x00, 0x00, 0x00, 0x00, 0x00, 0x00, 0x00, 0x00], // 0xC2
    [0x00, 0x00, 0x00, 0x00, 0x00, 0x00, 0x00, 0x00], // 0xC3
    [0x00, 0x00, 0x00, 0x00, 0x00, 0x00, 0x00, 0x00], // 0xC4
    [0x00, 0x00, 0x00, 0x00, 0x00, 0x00, 0x00, 0x00], // 0xC5
    [0x00, 0x00, 0x00, 0x00, 0x00, 0x00, 0x00, 0x00], // 0xC6
    [0x00, 0x00, 0x00, 0x00, 0x00, 0x00, 0x00, 0x00], // 0xC7
    [0x00, 0x00, 0x00, 0x00, 0x00, 0x00, 0x00, 0x00], // 0xC8
    [0x00, 0x00, 0x00, 0x00, 0x00, 0x00, 0x00, 0x00], // 0xC9
    [0x00, 0x00, 0x00, 0x00, 0x00, 0x00, 0x00, 0x00], // 0xCA
    [0x00, 0x00, 0x00, 0x00, 0x00, 0x00, 0x00, 0x00], // 0xCB
    [0x00, 0x00, 0x00, 0x00, 0x00, 0x00, 0x00, 0x00], // 0xCC
    [0x00, 0x00, 0x00, 0x00, 0x00, 0x00, 0x00, 0x00], // 0xCD
    [0x00, 0x00, 0x00, 0x00, 0x00, 0x00, 0x00, 0x00], // 0xCE
    [0x00, 0x00, 0x00, 0x00, 0x00, 0x00, 0x00, 0x00], // 0xCF
    [0x00, 0x00, 0x00, 0x00, 0x00, 0x00, 0x00, 0x00], // 0xD0
    [0x00, 0x00, 0x00, 0x00, 0x00, 0x00, 0x00, 0x00], // 0xD1
    [0x00, 0x00, 0x00, 0x00, 0x00, 0x00, 0x00, 0x00], // 0xD2
    [0x00, 0x00, 0x00, 0x00, 0x00, 0x00, 0x00, 0x00], // 0xD3
    [0x00, 0x00, 0x00, 0x00, 0x00, 0x00, 0x00, 0x00], // 0xD4
    [0x00, 0x00, 0x00, 0x00, 0x00, 0x00, 0x00, 0x00], // 0xD5
    [0x00, 0x00, 0x00, 0x00, 0x00, 0x00, 0x00, 0x00], // 0xD6
    [0x00, 0x00, 0x00, 0x00, 0x00, 0x00, 0x00, 0x00], // 0xD7
    [0x00, 0x00, 0x00, 0x00, 0x00, 0x00, 0x00, 0x00], // 0xD8
    [0x00, 0x00, 0x00, 0x00, 0x00, 0x00, 0x00, 0x00], // 0xD9
    [0x00, 0x00, 0x00, 0x00, 0x00, 0x00, 0x00, 0x00], // 0xDA
    [0x00, 0x00, 0x00, 0x00, 0x00, 0x00, 0x00, 0x00], // 0xDB
    [0x00, 0x00, 0x00, 0x00, 0x00, 0x00, 0x00, 0x00], // 0xDC
    [0x00, 0x00, 0x00, 0x00, 0x00, 0x00, 0x00, 0x00], // 0xDD
    [0x00, 0x00, 0x00, 0x00, 0x00, 0x00, 0x00, 0x00], // 0xDE
    [0x00, 0x00, 0x00, 0x00, 0x00, 0x00, 0x00, 0x00], // 0xDF
    [0x00, 0x00, 0x00, 0x00, 0x00, 0x00, 0x00, 0x00], // 0xE0
    [0x00, 0x00, 0x00, 0x00, 0x00, 0x00, 0x00, 0x00], // 0xE1
    [0x00, 0x00, 0x00, 0x00, 0x00, 0x00, 0x00, 0x00], // 0xE2
    [0x00, 0x00, 0x00, 0x00, 0x00, 0x00, 0x00, 0x00], // 0xE3
    [0x00, 0x00, 0x00, 0x00, 0x00, 0x00, 0x00, 0x00], // 0xE4
    [0x00, 0x00, 0x00, 0x00, 0x00, 0x00, 0x00, 0x00], // 0xE5
    [0x00, 0x00, 0x00, 0x00, 0x00, 0x00, 0x00, 0x00], // 0xE6
    [0x00, 0x00, 0x00, 0x00, 0x00, 0x00, 0x00, 0x00], // 0xE7
    [0x00, 0x00, 0x00, 0x00, 0x00, 0x00, 0x00, 0x00], // 0xE8
    [0x00, 0x00, 0x00, 0x00, 0x00, 0x00, 0x00, 0x00], // 0xE9
    [0x00, 0x00, 0x00, 0x00, 0x00, 0x00, 0x00, 0x00], // 0xEA
    [0x00, 0x00, 0x00, 0x00, 0x00, 0x00, 0x00, 0x00], // 0xEB
    [0x00, 0x00, 0x00, 0x00, 0x00, 0x00, 0x00, 0x00], // 0xEC
    [0x00, 0x00, 0x00, 0x00, 0x00, 0x00, 0x00, 0x00], // 0xED
    [0x00, 0x00, 0x00, 0x00, 0x00, 0x00, 0x00, 0x00], // 0xEE
    [0x00, 0x00, 0x00, 0x00, 0x00, 0x00, 0x00, 0x00], // 0xEF
    [0x00, 0x00, 0x00, 0x00, 0x00, 0x00, 0x00, 0x00], // 0xF0
    [0x00, 0x00, 0x00, 0x00, 0x00, 0x00, 0x00, 0x00], // 0xF1
    [0x00, 0x00, 0x00, 0x00, 0x00, 0x00, 0x00, 0x00], // 0xF2
    [0x00, 0x00, 0x00, 0x00, 0x00, 0x00, 0x00, 0x00], // 0xF3
    [0x00, 0x00, 0x00, 0x00, 0x00, 0x00, 0x00, 0x00], // 0xF4
    [0x00, 0x00, 0x00, 0x00, 0x00, 0x00, 0x00, 0x00], // 0xF5
    [0x00, 0x00, 0x00, 0x00, 0x00, 0x00, 0x00, 0x00], // 0xF6
    [0x00, 0x00, 0x00, 0x00, 0x00, 0x00, 0x00, 0x00], // 0xF7
    [0x00, 0x00, 0x00, 0x00, 0x00, 0x00, 0x00, 0x00], // 0xF8
    [0x00, 0x00, 0x00, 0x00, 0x00, 0x00, 0x00, 0x00], // 0xF9
    [0x00, 0x00, 0x00, 0x00, 0x00, 0x00, 0x00, 0x00], // 0xFA
    [0x00, 0x00, 0x00, 0x00, 0x00, 0x00, 0x00, 0x00], // 0xFB
    [0x00, 0x00, 0x00, 0x00, 0x00, 0x00, 0x00, 0x00], // 0xFC
    [0x00, 0x00, 0x00, 0x00, 0x00, 0x00, 0x00, 0x00], // 0xFD
    [0x00, 0x00, 0x00, 0x00, 0x00, 0x00, 0x00, 0x00], // 0xFE
    [0x00, 0x00, 0x00, 0x00, 0x00, 0x00, 0x00, 0x00], // 0xFF
];

pub const APPLE_I: Font = [
    [0x00, 0x70, 0x88, 0xA8, 0xB8, 0xB0, 0x80, 0x78], // 0x00
    [0x00, 0x20, 0x50, 0x88, 0x88, 0xF8, 0x88, 0x88], // 0x01
    [0x00, 0xF0, 0x88, 0x88, 0xF0, 0x88, 0x88, 0xF0], // 0x02
    [0x00, 0x70, 0x88, 0x80, 0x80, 0x80, 0x88, 0x70], // 0x03
    [0x00, 0xF0, 0x88, 0x88, 0x88, 0x88, 0x88, 0xF0], // 0x04
    [0x00, 0xF8, 0x80, 0x80, 0xF0, 0x80, 0x80, 0xF8], // 0x05
    [0x00, 0xF8, 0x80, 0x80, 0xF0, 0x80, 0x80, 0x80], // 0x06
    [0x00, 0x78, 0x80, 0x80, 0x80, 0x98, 0x88, 0x78], // 0x07
    [0x00, 0x88, 0x88, 0x88, 0xF8, 0x88, 0x88, 0x88], // 0x08
    [0x00, 0x70, 0x20, 0x20, 0x20, 0x20, 0x20, 0x70], // 0x09
    [0x00, 0x08, 0x08, 0x08, 0x08, 0x08, 0x88, 0x70], // 0x0A
    [0x00, 0x88, 0x90, 0xA0, 0xC0, 0xA0, 0x90, 0x88], // 0x0B
    [0x00, 0x80, 0x80, 0x80, 0x80, 0x80, 0x80, 0xF8], // 0x0C
    [0x00, 0x88, 0xD8, 0xA8, 0xA8, 0x88, 0x88, 0x88], // 0x0D
    [0x00, 0x88, 0x88, 0xC8, 0xA8, 0x98, 0x88, 0x88], // 0x0E
    [0x00, 0x70, 0x88, 0x88, 0x88, 0x88, 0x88, 0x70], // 0x0F
    [0x00, 0xF0, 0x88, 0x88, 0xF0, 0x80, 0x80, 0x80], // 0x10
    [0x00, 0x70, 0x88, 0x88, 0x88, 0xA8, 0x90, 0x68], // 0x11
    [0x00, 0xF0, 0x88, 0x88, 0xF0, 0xA0, 0x90, 0x88], // 0x12
    [0x00, 0x70, 0x88, 0x80, 0x70, 0x08, 0x88, 0x70], // 0x13
    [0x00, 0xF8, 0x20, 0x20, 0x20, 0x20, 0x20, 0x20], // 0x14
    [0x00, 0x88, 0x88, 0x88, 0x88, 0x88, 0x88, 0x70], // 0x15
    [0x00, 0x88, 0x88, 0x88, 0x88, 0x88, 0x50, 0x20], // 0x16
    [0x00, 0x88, 0x88, 0x88, 0xA8, 0xA8, 0xD8, 0x88], // 0x17
    [0x00, 0x88, 0x88, 0x50, 0x20, 0x50, 0x88, 0x88], // 0x18
    [0x00, 0x88, 0x88, 0x50, 0x20, 0x20, 0x20, 0x20], // 0x19
    [0x00, 0xF8, 0x08, 0x10, 0x20, 0x40, 0x80, 0xF8], // 0x1A
    [0x00, 0xF8, 0xC0, 0xC0, 0xC0, 0xC0, 0xC0, 0xF8], // 0x1B
    [0x00, 0x00, 0x80, 0x40, 0x20, 0x10, 0x08, 0x00], // 0x1C
    [0x00, 0xF8, 0x18, 0x18, 0x18, 0x18, 0x18, 0xF8], // 0x1D
    [0x00, 0x00, 0x00, 0x20, 0x50, 0x88, 0x00, 0x00], // 0x1E
    [0x00, 0x00, 0x00, 0x00, 0x00, 0x00, 0x00, 0xF8], // 0x1F
    [0x00, 0x00, 0x00, 0x00, 0x00, 0x00, 0x00, 0x00], // 0x20
    [0x00, 0x20, 0x20, 0x20, 0x20, 0x20, 0x00, 0x20], // 0x21
    [0x00, 0x50, 0x50, 0x50, 0x00, 0x00, 0x00, 0x00], // 0x22
    [0x00, 0x50, 0x50, 0xF8, 0x50, 0xF8, 0x50, 0x50], // 0x23
    [0x00, 0x20, 0x78, 0xA0, 0x70, 0x28, 0xF0, 0x20], // 0x24
    [0x00, 0xC0, 0xC8, 0x10, 0x20, 0x40, 0x98, 0x18], // 0x25
    [0x00, 0x40, 0xA0, 0xA0, 0x40, 0xA8, 0x90, 0x68], // 0x26
    [0x00, 0x20, 0x20, 0x20, 0x00, 0x00, 0x00, 0x00], // 0x27
    [0x00, 0x20, 0x40, 0x80, 0x80, 0x80, 0x40, 0x20], // 0x28
    [0x00, 0x20, 0x10, 0x08, 0x08, 0x08, 0x10, 0x20], // 0x29
    [0x00, 0x20, 0xA8, 0x70, 0x20, 0x70, 0xA8, 0x20], // 0x2A
    [0x00, 0x00, 0x20, 0x20, 0xF8, 0x20, 0x20, 0x00], // 0x2B
    [0x00, 0x00, 0x00, 0x00, 0x00, 0x20, 0x20, 0x40], // 0x2C
    [0x00, 0x00, 0x00, 0x00, 0xF8, 0x00, 0x00, 0x00], // 0x2D
    [0x00, 0x00, 0x00, 0x00, 0x00, 0x00, 0x00, 0x20], // 0x2E
    [0x00, 0x00, 0x08, 0x10, 0x20, 0x40, 0x80, 0x00], // 0x2F
    [0x00, 0x70, 0x88, 0x98, 0xA8, 0xC8, 0x88, 0x70], // 0x30
    [0x00, 0x20, 0x60, 0x20, 0x20, 0x20, 0x20, 0x70], // 0x31
    [0x00, 0x70, 0x88, 0x08, 0x30, 0x40, 0x80, 0xF8], // 0x32
    [0x00, 0xF8, 0x08, 0x10, 0x30, 0x08, 0x88, 0x70], // 0x33
    [0x00, 0x10, 0x30, 0x50, 0x90, 0xF8, 0x10, 0x10], // 0x34
    [0x00, 0xF8, 0x80, 0xF0, 0x08, 0x08, 0x88, 0x70], // 0x35
    [0x00, 0x38, 0x40, 0x80, 0xF0, 0x88, 0x88, 0x70], // 0x36
    [0x00, 0xF8, 0x08, 0x10, 0x20, 0x40, 0x40, 0x40], // 0x37
    [0x00, 0x70, 0x88, 0x88, 0x70, 0x88, 0x88, 0x70], // 0x38
    [0x00, 0x70, 0x88, 0x88, 0x78, 0x08, 0x10, 0xE0], // 0x39
    [0x00, 0x00, 0x00, 0x20, 0x00, 0x20, 0x00, 0x00], // 0x3A
    [0x00, 0x00, 0x00, 0x20, 0x00, 0x20, 0x20, 0x40], // 0x3B
    [0x00, 0x10, 0x20, 0x40, 0x80, 0x40, 0x20, 0x10], // 0x3C
    [0x00, 0x00, 0x00, 0xF8, 0x00, 0xF8, 0x00, 0x00], // 0x3D
    [0x00, 0x40, 0x20, 0x10, 0x08, 0x10, 0x20, 0x40], // 0x3E
    [0x00, 0x70, 0x88, 0x10, 0x20, 0x20, 0x00, 0x20], // 0x3F
    [0x00, 0x00, 0x00, 0x00, 0x00, 0x00, 0x00, 0x00], // 0x40
    [0x00, 0x00, 0x00, 0x00, 0x00, 0x00, 0x00, 0x00], // 0x41
    [0x00, 0x00, 0x00, 0x00, 0x00, 0x00, 0x00, 0x00], // 0x42
    [0x00, 0x00, 0x00, 0x00, 0x00, 0x00, 0x00, 0x00], // 0x43
    [0x00, 0x00, 0x00, 0x00, 0x00, 0x00, 0x00, 0x00], // 0x44
    [0x00, 0x00, 0x00, 0x00, 0x00, 0x00, 0x00, 0x00], // 0x45
    [0x00, 0x00, 0x00, 0x00, 0x00, 0x00, 0x00, 0x00], // 0x46
    [0x00, 0x00, 0x00, 0x00, 0x00, 0x00, 0x00, 0x00], // 0x47
    [0x00, 0x00, 0x00, 0x00, 0x00, 0x00, 0x00, 0x00], // 0x48
    [0x00, 0x00, 0x00, 0x00, 0x00, 0x00, 0x00, 0x00], // 0x49
    [0x00, 0x00, 0x00, 0x00, 0x00, 0x00, 0x00, 0x00], // 0x4A
    [0x00, 0x00, 0x00, 0x00, 0x00, 0x00, 0x00, 0x00], // 0x4B
    [0x00, 0x00, 0x00, 0x00, 0x00, 0x00, 0x00, 0x00], // 0x4C
    [0x00, 0x00, 0x00, 0x00, 0x00, 0x00, 0x00, 0x00], // 0x4D
    [0x00, 0x00, 0x00, 0x00, 0x00, 0x00, 0x00, 0x00], // 0x4E
    [0x00, 0x00, 0x00, 0x00, 0x00, 0x00, 0x00, 0x00], // 0x4F
    [0x00, 0x00, 0x00, 0x00, 0x00, 0x00, 0x00, 0x00], // 0x50
    [0x00, 0x00, 0x00, 0x00, 0x00, 0x00, 0x00, 0x00], // 0x51
    [0x00, 0x00, 0x00, 0x00, 0x00, 0x00, 0x00, 0x00], // 0x52
    [0x00, 0x00, 0x00, 0x00, 0x00, 0x00, 0x00, 0x00], // 0x53
    [0x00, 0x00, 0x00, 0x00, 0x00, 0x00, 0x00, 0x00], // 0x54
    [0x00, 0x00, 0x00, 0x00, 0x00, 0x00, 0x00, 0x00], // 0x55
    [0x00, 0x00, 0x00, 0x00, 0x00, 0x00, 0x00, 0x00], // 0x56
    [0x00, 0x00, 0x00, 0x00, 0x00, 0x00, 0x00, 0x00], // 0x57
    [0x00, 0x00, 0x00, 0x00, 0x00, 0x00, 0x00, 0x00], // 0x58
    [0x00, 0x00, 0x00, 0x00, 0x00, 0x00, 0x00, 0x00], // 0x59
    [0x00, 0x00, 0x00, 0x00, 0x00, 0x00, 0x00, 0x00], // 0x5A
    [0x00, 0x00, 0x00, 0x00, 0x00, 0x00, 0x00, 0x00], // 0x5B
    [0x00, 0x00, 0x00, 0x00, 0x00, 0x00, 0x00, 0x00], // 0x5C
    [0x00, 0x00, 0x00, 0x00, 0x00, 0x00, 0x00, 0x00], // 0x5D
    [0x00, 0x00, 0x00, 0x00, 0x00, 0x00, 0x00, 0x00], // 0x5E
    [0x00, 0x00, 0x00, 0x00, 0x00, 0x00, 0x00, 0x00], // 0x5F
    [0x00, 0x00, 0x00, 0x00, 0x00, 0x00, 0x00, 0x00], // 0x60
    [0x00, 0x00, 0x00, 0x00, 0x00, 0x00, 0x00, 0x00], // 0x61
    [0x00, 0x00, 0x00, 0x00, 0x00, 0x00, 0x00, 0x00], // 0x62
    [0x00, 0x00, 0x00, 0x00, 0x00, 0x00, 0x00, 0x00], // 0x63
    [0x00, 0x00, 0x00, 0x00, 0x00, 0x00, 0x00, 0x00], // 0x64
    [0x00, 0x00, 0x00, 0x00, 0x00, 0x00, 0x00, 0x00], // 0x65
    [0x00, 0x00, 0x00, 0x00, 0x00, 0x00, 0x00, 0x00], // 0x66
    [0x00, 0x00, 0x00, 0x00, 0x00, 0x00, 0x00, 0x00], // 0x67
    [0x00, 0x00, 0x00, 0x00, 0x00, 0x00, 0x00, 0x00], // 0x68
    [0x00, 0x00, 0x00, 0x00, 0x00, 0x00, 0x00, 0x00], // 0x69
    [0x00, 0x00, 0x00, 0x00, 0x00, 0x00, 0x00, 0x00], // 0x6A
    [0x00, 0x00, 0x00, 0x00, 0x00, 0x00, 0x00, 0x00], // 0x6B
    [0x00, 0x00, 0x00, 0x00, 0x00, 0x00, 0x00, 0x00], // 0x6C
    [0x00, 0x00, 0x00, 0x00, 0x00, 0x00, 0x00, 0x00], // 0x6D
    [0x00, 0x00, 0x00, 0x00, 0x00, 0x00, 0x00, 0x00], // 0x6E
    [0x00, 0x00, 0x00, 0x00, 0x00, 0x00, 0x00, 0x00], // 0x6F
    [0x00, 0x00, 0x00, 0x00, 0x00, 0x00, 0x00, 0x00], // 0x70
    [0x00, 0x00, 0x00, 0x00, 0x00, 0x00, 0x00, 0x00], // 0x71
    [0x00, 0x00, 0x00, 0x00, 0x00, 0x00, 0x00, 0x00], // 0x72
    [0x00, 0x00, 0x00, 0x00, 0x00, 0x00, 0x00, 0x00], // 0x73
    [0x00, 0x00, 0x00, 0x00, 0x00, 0x00, 0x00, 0x00], // 0x74
    [0x00, 0x00, 0x00, 0x00, 0x00, 0x00, 0x00, 0x00], // 0x75
    [0x00, 0x00, 0x00, 0x00, 0x00, 0x00, 0x00, 0x00], // 0x76
    [0x00, 0x00, 0x00, 0x00, 0x00, 0x00, 0x00, 0x00], // 0x77
    [0x00, 0x00, 0x00, 0x00, 0x00, 0x00, 0x00, 0x00], // 0x78
    [0x00, 0x00, 0x00, 0x00, 0x00, 0x00, 0x00, 0x00], // 0x79
    [0x00, 0x00, 0x00, 0x00, 0x00, 0x00, 0x00, 0x00], // 0x7A
    [0x00, 0x00, 0x00, 0x00, 0x00, 0x00, 0x00, 0x00], // 0x7B
    [0x00, 0x00, 0x00, 0x00, 0x00, 0x00, 0x00, 0x00], // 0x7C
    [0x00, 0x00, 0x00, 0x00, 0x00, 0x00, 0x00, 0x00], // 0x7D
    [0x00, 0x00, 0x00, 0x00, 0x00, 0x00, 0x00, 0x00], // 0x7E
    [0x00, 0x00, 0x00, 0x00, 0x00, 0x00, 0x00, 0x00], // 0x7F
    [0x00, 0x00, 0x00, 0x00, 0x00, 0x00, 0x00, 0x00], // 0x80
    [0x00, 0x00, 0x00, 0x00, 0x00, 0x00, 0x00, 0x00], // 0x81
    [0x00, 0x00, 0x00, 0x00, 0x00, 0x00, 0x00, 0x00], // 0x82
    [0x00, 0x00, 0x00, 0x00, 0x00, 0x00, 0x00, 0x00], // 0x83
    [0x00, 0x00, 0x00, 0x00, 0x00, 0x00, 0x00, 0x00], // 0x84
    [0x00, 0x00, 0x00, 0x00, 0x00, 0x00, 0x00, 0x00], // 0x85
    [0x00, 0x00, 0x00, 0x00, 0x00, 0x00, 0x00, 0x00], // 0x86
    [0x00, 0x00, 0x00, 0x00, 0x00, 0x00, 0x00, 0x00], // 0x87
    [0x00, 0x00, 0x00, 0x00, 0x00, 0x00, 0x00, 0x00], // 0x88
    [0x00, 0x00, 0x00, 0x00, 0x00, 0x00, 0x00, 0x00], // 0x89
    [0x00, 0x00, 0x00, 0x00, 0x00, 0x00, 0x00, 0x00], // 0x8A
    [0x00, 0x00, 0x00, 0x00, 0x00, 0x00, 0x00, 0x00], // 0x8B
    [0x00, 0x00, 0x00, 0x00, 0x00, 0x00, 0x00, 0x00], // 0x8C
    [0x00, 0x00, 0x00, 0x00, 0x00, 0x00, 0x00, 0x00], // 0x8D
    [0x00, 0x00, 0x00, 0x00, 0x00, 0x00, 0x00, 0x00], // 0x8E
    [0x00, 0x00, 0x00, 0x00, 0x00, 0x00, 0x00, 0x00], // 0x8F
    [0x00, 0x00, 0x00, 0x00, 0x00, 0x00, 0x00, 0x00], // 0x90
    [0x00, 0x00, 0x00, 0x00, 0x00, 0x00, 0x00, 0x00], // 0x91
    [0x00, 0x00, 0x00, 0x00, 0x00, 0x00, 0x00, 0x00], // 0x92
    [0x00, 0x00, 0x00, 0x00, 0x00, 0x00, 0x00, 0x00], // 0x93
    [0x00, 0x00, 0x00, 0x00, 0x00, 0x00, 0x00, 0x00], // 0x94
    [0x00, 0x00, 0x00, 0x00, 0x00, 0x00, 0x00, 0x00], // 0x95
    [0x00, 0x00, 0x00, 0x00, 0x00, 0x00, 0x00, 0x00], // 0x96
    [0x00, 0x00, 0x00, 0x00, 0x00, 0x00, 0x00, 0x00], // 0x97
    [0x00, 0x00, 0x00, 0x00, 0x00, 0x00, 0x00, 0x00], // 0x98
    [0x00, 0x00, 0x00, 0x00, 0x00, 0x00, 0x00, 0x00], // 0x99
    [0x00, 0x00, 0x00, 0x00, 0x00, 0x00, 0x00, 0x00], // 0x9A
    [0x00, 0x00, 0x00, 0x00, 0x00, 0x00, 0x00, 0x00], // 0x9B
    [0x00, 0x00, 0x00, 0x00, 0x00, 0x00, 0x00, 0x00], // 0x9C
    [0x00, 0x00, 0x00, 0x00, 0x00, 0x00, 0x00, 0x00], // 0x9D
    [0x00, 0x00, 0x00, 0x00, 0x00, 0x00, 0x00, 0x00], // 0x9E
    [0x00, 0x00, 0x00, 0x00, 0x00, 0x00, 0x00, 0x00], // 0x9F
    [0x00, 0x00, 0x00, 0x00, 0x00, 0x00, 0x00, 0x00], // 0xA0
    [0x00, 0x00, 0x00, 0x00, 0x00, 0x00, 0x00, 0x00], // 0xA1
    [0x00, 0x00, 0x00, 0x00, 0x00, 0x00, 0x00, 0x00], // 0xA2
    [0x00, 0x00, 0x00, 0x00, 0x00, 0x00, 0x00, 0x00], // 0xA3
    [0x00, 0x00, 0x00, 0x00, 0x00, 0x00, 0x00, 0x00], // 0xA4
    [0x00, 0x00, 0x00, 0x00, 0x00, 0x00, 0x00, 0x00], // 0xA5
    [0x00, 0x00, 0x00, 0x00, 0x00, 0x00, 0x00, 0x00], // 0xA6
    [0x00, 0x00, 0x00, 0x00, 0x00, 0x00, 0x00, 0x00], // 0xA7
    [0x00, 0x00, 0x00, 0x00, 0x00, 0x00, 0x00, 0x00], // 0xA8
    [0x00, 0x00, 0x00, 0x00, 0x00, 0x00, 0x00, 0x00], // 0xA9
    [0x00, 0x00, 0x00, 0x00, 0x00, 0x00, 0x00, 0x00], // 0xAA
    [0x00, 0x00, 0x00, 0x00, 0x00, 0x00, 0x00, 0x00], // 0xAB
    [0x00, 0x00, 0x00, 0x00, 0x00, 0x00, 0x00, 0x00], // 0xAC
    [0x00, 0x00, 0x00, 0x00, 0x00, 0x00, 0x00, 0x00], // 0xAD
    [0x00, 0x00, 0x00, 0x00, 0x00, 0x00, 0x00, 0x00], // 0xAE
    [0x00, 0x00, 0x00, 0x00, 0x00, 0x00, 0x00, 0x00], // 0xAF
    [0x00, 0x00, 0x00, 0x00, 0x00, 0x00, 0x00, 0x00], // 0xB0
    [0x00, 0x00, 0x00, 0x00, 0x00, 0x00, 0x00, 0x00], // 0xB1
    [0x00, 0x00, 0x00, 0x00, 0x00, 0x00, 0x00, 0x00], // 0xB2
    [0x00, 0x00, 0x00, 0x00, 0x00, 0x00, 0x00, 0x00], // 0xB3
    [0x00, 0x00, 0x00, 0x00, 0x00, 0x00, 0x00, 0x00], // 0xB4
    [0x00, 0x00, 0x00, 0x00, 0x00, 0x00, 0x00, 0x00], // 0xB5
    [0x00, 0x00, 0x00, 0x00, 0x00, 0x00, 0x00, 0x00], // 0xB6
    [0x00, 0x00, 0x00, 0x00, 0x00, 0x00, 0x00, 0x00], // 0xB7
    [0x00, 0x00, 0x00, 0x00, 0x00, 0x00, 0x00, 0x00], // 0xB8
    [0x00, 0x00, 0x00, 0x00, 0x00, 0x00, 0x00, 0x00], // 0xB9
    [0x00, 0x00, 0x00, 0x00, 0x00, 0x00, 0x00, 0x00], // 0xBA
    [0x00, 0x00, 0x00, 0x00, 0x00, 0x00, 0x00, 0x00], // 0xBB
    [0x00, 0x00, 0x00, 0x00, 0x00, 0x00, 0x00, 0x00], // 0xBC
    [0x00, 0x00, 0x00, 0x00, 0x00, 0x00, 0x00, 0x00], // 0xBD
    [0x00, 0x00, 0x00, 0x00, 0x00, 0x00, 0x00, 0x00], // 0xBE
    [0x00, 0x00, 0x00, 0x00, 0x00, 0x00, 0x00, 0x00], // 0xBF
    [0x00, 0x00, 0x00, 0x00, 0x00, 0x00, 0x00, 0x00], // 0xC0
    [0x00, 0x00, 0x00, 0x00, 0x00, 0x00, 0x00, 0x00], // 0xC1
    [0x00, 0x00, 0x00, 0x00, 0x00, 0x00, 0x00, 0x00], // 0xC2
    [0x00, 0x00, 0x00, 0x00, 0x00, 0x00, 0x00, 0x00], // 0xC3
    [0x00, 0x00, 0x00, 0x00, 0x00, 0x00, 0x00, 0x00], // 0xC4
    [0x00, 0x00, 0x00, 0x00, 0x00, 0x00, 0x00, 0x00], // 0xC5
    [0x00, 0x00, 0x00, 0x00, 0x00, 0x00, 0x00, 0x00], // 0xC6
    [0x00, 0x00, 0x00, 0x00, 0x00, 0x00, 0x00, 0x00], // 0xC7
    [0x00, 0x00, 0x00, 0x00, 0x00, 0x00, 0x00, 0x00], // 0xC8
    [0x00, 0x00, 0x00, 0x00, 0x00, 0x00, 0x00, 0x00], // 0xC9
    [0x00, 0x00, 0x00, 0x00, 0x00, 0x00, 0x00, 0x00], // 0xCA
    [0x00, 0x00, 0x00, 0x00, 0x00, 0x00, 0x00, 0x00], // 0xCB
    [0x00, 0x00, 0x00, 0x00, 0x00, 0x00, 0x00, 0x00], // 0xCC
    [0x00, 0x00, 0x00, 0x00, 0x00, 0x00, 0x00, 0x00], // 0xCD
    [0x00, 0x00, 0x00, 0x00, 0x00, 0x00, 0x00, 0x00], // 0xCE
    [0x00, 0x00, 0x00, 0x00, 0x00, 0x00, 0x00, 0x00], // 0xCF
    [0x00, 0x00, 0x00, 0x00, 0x00, 0x00, 0x00, 0x00], // 0xD0
    [0x00, 0x00, 0x00, 0x00, 0x00, 0x00, 0x00, 0x00], // 0xD1
    [0x00, 0x00, 0x00, 0x00, 0x00, 0x00, 0x00, 0x00], // 0xD2
    [0x00, 0x00, 0x00, 0x00, 0x00, 0x00, 0x00, 0x00], // 0xD3
    [0x00, 0x00, 0x00, 0x00, 0x00, 0x00, 0x00, 0x00], // 0xD4
    [0x00, 0x00, 0x00, 0x00, 0x00, 0x00, 0x00, 0x00], // 0xD5
    [0x00, 0x00, 0x00, 0x00, 0x00, 0x00, 0x00, 0x00], // 0xD6
    [0x00, 0x00, 0x00, 0x00, 0x00, 0x00, 0x00, 0x00], // 0xD7
    [0x00, 0x00, 0x00, 0x00, 0x00, 0x00, 0x00, 0x00], // 0xD8
    [0x00, 0x00, 0x00, 0x00, 0x00, 0x00, 0x00, 0x00], // 0xD9
    [0x00, 0x00, 0x00, 0x00, 0x00, 0x00, 0x00, 0x00], // 0xDA
    [0x00, 0x00, 0x00, 0x00, 0x00, 0x00, 0x00, 0x00], // 0xDB
    [0x00, 0x00, 0x00, 0x00, 0x00, 0x00, 0x00, 0x00], // 0xDC
    [0x00, 0x00, 0x00, 0x00, 0x00, 0x00, 0x00, 0x00], // 0xDD
    [0x00, 0x00, 0x00, 0x00, 0x00, 0x00, 0x00, 0x00], // 0xDE
    [0x00, 0x00, 0x00, 0x00, 0x00, 0x00, 0x00, 0x00], // 0xDF
    [0x00, 0x00, 0x00, 0x00, 0x00, 0x00, 0x00, 0x00], // 0xE0
    [0x00, 0x00, 0x00, 0x00, 0x00, 0x00, 0x00, 0x00], // 0xE1
    [0x00, 0x00, 0x00, 0x00, 0x00, 0x00, 0x00, 0x00], // 0xE2
    [0x00, 0x00, 0x00, 0x00, 0x00, 0x00, 0x00, 0x00], // 0xE3
    [0x00, 0x00, 0x00, 0x00, 0x00, 0x00, 0x00, 0x00], // 0xE4
    [0x00, 0x00, 0x00, 0x00, 0x00, 0x00, 0x00, 0x00], // 0xE5
    [0x00, 0x00, 0x00, 0x00, 0x00, 0x00, 0x00, 0x00], // 0xE6
    [0x00, 0x00, 0x00, 0x00, 0x00, 0x00, 0x00, 0x00], // 0xE7
    [0x00, 0x00, 0x00, 0x00, 0x00, 0x00, 0x00, 0x00], // 0xE8
    [0x00, 0x00, 0x00, 0x00, 0x00, 0x00, 0x00, 0x00], // 0xE9
    [0x00, 0x00, 0x00, 0x00, 0x00, 0x00, 0x00, 0x00], // 0xEA
    [0x00, 0x00, 0x00, 0x00, 0x00, 0x00, 0x00, 0x00], // 0xEB
    [0x00, 0x00, 0x00, 0x00, 0x00, 0x00, 0x00, 0x00], // 0xEC
    [0x00, 0x00, 0x00, 0x00, 0x00, 0x00, 0x00, 0x00], // 0xED
    [0x00, 0x00, 0x00, 0x00, 0x00, 0x00, 0x00, 0x00], // 0xEE
    [0x00, 0x00, 0x00, 0x00, 0x00, 0x00, 0x00, 0x00], // 0xEF
    [0x00, 0x00, 0x00, 0x00, 0x00, 0x00, 0x00, 0x00], // 0xF0
    [0x00, 0x00, 0x00, 0x00, 0x00, 0x00, 0x00, 0x00], // 0xF1
    [0x00, 0x00, 0x00, 0x00, 0x00, 0x00, 0x00, 0x00], // 0xF2
    [0x00, 0x00, 0x00, 0x00, 0x00, 0x00, 0x00, 0x00], // 0xF3
    [0x00, 0x00, 0x00, 0x00, 0x00, 0x00, 0x00, 0x00], // 0xF4
    [0x00, 0x00, 0x00, 0x00, 0x00, 0x00, 0x00, 0x00], // 0xF5
    [0x00, 0x00, 0x00, 0x00, 0x00, 0x00, 0x00, 0x00], // 0xF6
    [0x00, 0x00, 0x00, 0x00, 0x00, 0x00, 0x00, 0x00], // 0xF7
    [0x00, 0x00, 0x00, 0x00, 0x00, 0x00, 0x00, 0x00], // 0xF8
    [0x00, 0x00, 0x00, 0x00, 0x00, 0x00, 0x00, 0x00], // 0xF9
    [0x00, 0x00, 0x00, 0x00, 0x00, 0x00, 0x00, 0x00], // 0xFA
    [0x00, 0x00, 0x00, 0x00, 0x00, 0x00, 0x00, 0x00], // 0xFB
    [0x00, 0x00, 0x00, 0x00, 0x00, 0x00, 0x00, 0x00], // 0xFC
    [0x00, 0x00, 0x00, 0x00, 0x00, 0x00, 0x00, 0x00], // 0xFD
    [0x00, 0x00, 0x00, 0x00, 0x00, 0x00, 0x00, 0x00], // 0xFE
    [0x00, 0x00, 0x00, 0x00, 0x00, 0x00, 0x00, 0x00], // 0xFF
];

pub const AMSTRAD_CPC: Font = [
    [0xFF, 0xC3, 0xC3, 0xC3, 0xC3, 0xC3, 0xC3, 0xFF], // 0x00
    [0xFF, 0xC0, 0xC0, 0xC0, 0xC0, 0xC0, 0xC0, 0xC0], // 0x01
    [0x18, 0x18, 0x18, 0x18, 0x18, 0x18, 0x18, 0xFF], // 0x02
    [0x03, 0x03, 0x03, 0x03, 0x03, 0x03, 0x03, 0xFF], // 0x03
    [0x0C, 0x18, 0x30, 0x7E, 0x0C, 0x18, 0x30, 0x00], // 0x04
    [0xFF, 0xC3, 0xE7, 0xDB, 0xDB, 0xE7, 0xC3, 0xFF], // 0x05
    [0x00, 0x01, 0x03, 0x06, 0xCC, 0x78, 0x30, 0x00], // 0x06
    [0x3C, 0x66, 0xC3, 0xC3, 0xFF, 0x24, 0xE7, 0x00], // 0x07
    [0x00, 0x00, 0x30, 0x60, 0xFF, 0x60, 0x30, 0x00], // 0x08
    [0x00, 0x00, 0x0C, 0x06, 0xFF, 0x06, 0x0C, 0x00], // 0x09
    [0x18, 0x18, 0x18, 0x18, 0xDB, 0x7E, 0x3C, 0x18], // 0x0A
    [0x18, 0x3C, 0x7E, 0xDB, 0x18, 0x18, 0x18, 0x18], // 0x0B
    [0x18, 0x5A, 0x3C, 0x99, 0xDB, 0x7E, 0x3C, 0x18], // 0x0C
    [0x00, 0x03, 0x33, 0x63, 0xFE, 0x60, 0x30, 0x00], // 0x0D
    [0x3C, 0x66, 0xFF, 0xDB, 0xDB, 0xFF, 0x66, 0x3C], // 0x0E
    [0x3C, 0x66, 0xC3, 0xDB, 0xDB, 0xC3, 0x66, 0x3C], // 0x0F
    [0xFF, 0xC3, 0xC3, 0xFF, 0xC3, 0xC3, 0xC3, 0xFF], // 0x10
    [0x3C, 0x7E, 0xDB, 0xDB, 0xDF, 0xC3, 0x66, 0x3C], // 0x11
    [0x3C, 0x66, 0xC3, 0xDF, 0xDB, 0xDB, 0x7E, 0x3C], // 0x12
    [0x3C, 0x66, 0xC3, 0xFB, 0xDB, 0xDB, 0x7E, 0x3C], // 0x13
    [0x3C, 0x7E, 0xDB, 0xDB, 0xFB, 0xC3, 0x66, 0x3C], // 0x14
    [0x00, 0x01, 0x33, 0x1E, 0xCE, 0x7B, 0x31, 0x00], // 0x15
    [0x7E, 0x66, 0x66, 0x66, 0x66, 0x66, 0x66, 0xE7], // 0x16
    [0x03, 0x03, 0x03, 0xFF, 0x03, 0x03, 0x03, 0x00], // 0x17
    [0xFF, 0x66, 0x3C, 0x18, 0x18, 0x3C, 0x66, 0xFF], // 0x18
    [0x18, 0x18, 0x3C, 0x3C, 0x3C, 0x3C, 0x18, 0x18], // 0x19
    [0x3C, 0x66, 0x66, 0x30, 0x18, 0x00, 0x18, 0x00], // 0x1A
    [0x3C, 0x66, 0xC3, 0xFF, 0xC3, 0xC3, 0x66, 0x3C], // 0x1B
    [0xFF, 0xDB, 0xDB, 0xDB, 0xFB, 0xC3, 0xC3, 0xFF], // 0x1C
    [0xFF, 0xC3, 0xC3, 0xFB, 0xDB, 0xDB, 0xDB, 0xFF], // 0x1D
    [0xFF, 0xC3, 0xC3, 0xDF, 0xDB, 0xDB, 0xDB, 0xFF], // 0x1E
    [0xFF, 0xDB, 0xDB, 0xDB, 0xDF, 0xC3, 0xC3, 0xFF], // 0x1F
    [0x00, 0x00, 0x00, 0x00, 0x00, 0x00, 0x00, 0x00], // 0x20
    [0x18, 0x18, 0x18, 0x18, 0x18, 0x00, 0x18, 0x00], // 0x21
    [0x6C, 0x6C, 0x6C, 0x00, 0x00, 0x00, 0x00, 0x00], // 0x22
    [0x6C, 0x6C, 0xFE, 0x6C, 0xFE, 0x6C, 0x6C, 0x00], // 0x23
    [0x18, 0x3E, 0x58, 0x3C, 0x1A, 0x7C, 0x18, 0x00], // 0x24
    [0x00, 0xC6, 0xCC, 0x18, 0x30, 0x66, 0xC6, 0x00], // 0x25
    [0x38, 0x6C, 0x38, 0x76, 0xDC, 0xCC, 0x76, 0x00], // 0x26
    [0x18, 0x18, 0x30, 0x00, 0x00, 0x00, 0x00, 0x00], // 0x27
    [0x0C, 0x18, 0x30, 0x30, 0x30, 0x18, 0x0C, 0x00], // 0x28
    [0x30, 0x18, 0x0C, 0x0C, 0x0C, 0x18, 0x30, 0x00], // 0x29
    [0x00, 0x66, 0x3C, 0xFF, 0x3C, 0x66, 0x00, 0x00], // 0x2A
    [0x00, 0x18, 0x18, 0x7E, 0x18, 0x18, 0x00, 0x00], // 0x2B
    [0x00, 0x00, 0x00, 0x00, 0x00, 0x18, 0x18, 0x30], // 0x2C
    [0x00, 0x00, 0x00, 0x7E, 0x00, 0x00, 0x00, 0x00], // 0x2D
    [0x00, 0x00, 0x00, 0x00, 0x00, 0x18, 0x18, 0x00], // 0x2E
    [0x06, 0x0C, 0x18, 0x30, 0x60, 0xC0, 0x80, 0x00], // 0x2F
    [0x7C, 0xC6, 0xCE, 0xD6, 0xE6, 0xC6, 0x7C, 0x00], // 0x30
    [0x18, 0x38, 0x18, 0x18, 0x18, 0x18, 0x7E, 0x00], // 0x31
    [0x3C, 0x66, 0x06, 0x3C, 0x60, 0x66, 0x7E, 0x00], // 0x32
    [0x3C, 0x66, 0x06, 0x1C, 0x06, 0x66, 0x3C, 0x00], // 0x33
    [0x1C, 0x3C, 0x6C, 0xCC, 0xFE, 0x0C, 0x1E, 0x00], // 0x34
    [0x7E, 0x62, 0x60, 0x7C, 0x06, 0x66, 0x3C, 0x00], // 0x35
    [0x3C, 0x66, 0x60, 0x7C, 0x66, 0x66, 0x3C, 0x00], // 0x36
    [0x7E, 0x66, 0x06, 0x0C, 0x18, 0x18, 0x18, 0x00], // 0x37
    [0x3C, 0x66, 0x66, 0x3C, 0x66, 0x66, 0x3C, 0x00], // 0x38
    [0x3C, 0x66, 0x66, 0x3E, 0x06, 0x66, 0x3C, 0x00], // 0x39
    [0x00, 0x00, 0x18, 0x18, 0x00, 0x18, 0x18, 0x00], // 0x3A
    [0x00, 0x00, 0x18, 0x18, 0x00, 0x18, 0x18, 0x30], // 0x3B
    [0x0C, 0x18, 0x30, 0x60, 0x30, 0x18, 0x0C, 0x00], // 0x3C
    [0x00, 0x00, 0x7E, 0x00, 0x00, 0x7E, 0x00, 0x00], // 0x3D
    [0x60, 0x30, 0x18, 0x0C, 0x18, 0x30, 0x60, 0x00], // 0x3E
    [0x3C, 0x66, 0x66, 0x0C, 0x18, 0x00, 0x18, 0x00], // 0x3F
    [0x7C, 0xC6, 0xDE, 0xDE, 0xDE, 0xC0, 0x7C, 0x00], // 0x40
    [0x18, 0x3C, 0x66, 0x66, 0x7E, 0x66, 0x66, 0x00], // 0x41
    [0xFC, 0x66, 0x66, 0x7C, 0x66, 0x66, 0xFC, 0x00], // 0x42
    [0x3C, 0x66, 0xC0, 0xC0, 0xC0, 0x66, 0x3C, 0x00], // 0x43
    [0xF8, 0x6C, 0x66, 0x66, 0x66, 0x6C, 0xF8, 0x00], // 0x44
    [0xFE, 0x62, 0x68, 0x78, 0x68, 0x62, 0xFE, 0x00], // 0x45
    [0xFE, 0x62, 0x68, 0x78, 0x68, 0x60, 0xF0, 0x00], // 0x46
    [0x3C, 0x66, 0xC0, 0xC0, 0xCE, 0x66, 0x3E, 0x00], // 0x47
    [0x66, 0x66, 0x66, 0x7E, 0x66, 0x66, 0x66, 0x00], // 0x48
    [0x7E, 0x18, 0x18, 0x18, 0x18, 0x18, 0x7E, 0x00], // 0x49
    [0x1E, 0x0C, 0x0C, 0x0C, 0xCC, 0xCC, 0x78, 0x00], // 0x4A
    [0xE6, 0x66, 0x6C, 0x78, 0x6C, 0x66, 0xE6, 0x00], // 0x4B
    [0xF0, 0x60, 0x60, 0x60, 0x62, 0x66, 0xFE, 0x00], // 0x4C
    [0xC6, 0xEE, 0xFE, 0xFE, 0xD6, 0xC6, 0xC6, 0x00], // 0x4D
    [0xC6, 0xE6, 0xF6, 0xDE, 0xCE, 0xC6, 0xC6, 0x00], // 0x4E
    [0x38, 0x6C, 0xC6, 0xC6, 0xC6, 0x6C, 0x38, 0x00], // 0x4F
    [0xFC, 0x66, 0x66, 0x7C, 0x60, 0x60, 0xF0, 0x00], // 0x50
    [0x38, 0x6C, 0xC6, 0xC6, 0xDA, 0xCC, 0x76, 0x00], // 0x51
    [0xFC, 0x66, 0x66, 0x7C, 0x6C, 0x66, 0xE6, 0x00], // 0x52
    [0x3C, 0x66, 0x60, 0x3C, 0x06, 0x66, 0x3C, 0x00], // 0x53
    [0x7E, 0x5A, 0x18, 0x18, 0x18, 0x18, 0x3C, 0x00], // 0x54
    [0x66, 0x66, 0x66, 0x66, 0x66, 0x66, 0x3C, 0x00], // 0x55
    [0x66, 0x66, 0x66, 0x66, 0x66, 0x3C, 0x18, 0x00], // 0x56
    [0xC6, 0xC6, 0xC6, 0xD6, 0xFE, 0xEE, 0xC6, 0x00], // 0x57
    [0xC6, 0x6C, 0x38, 0x38, 0x6C, 0xC6, 0xC6, 0x00], // 0x58
    [0x66, 0x66, 0x66, 0x3C, 0x18, 0x18, 0x3C, 0x00], // 0x59
    [0xFE, 0xC6, 0x8C, 0x18, 0x32, 0x66, 0xFE, 0x00], // 0x5A
    [0x3C, 0x30, 0x30, 0x30, 0x30, 0x30, 0x3C, 0x00], // 0x5B
    [0xC0, 0x60, 0x30, 0x18, 0x0C, 0x06, 0x02, 0x00], // 0x5C
    [0x3C, 0x0C, 0x0C, 0x0C, 0x0C, 0x0C, 0x3C, 0x00], // 0x5D
    [0x18, 0x3C, 0x7E, 0x18, 0x18, 0x18, 0x18, 0x00], // 0x5E
    [0x00, 0x00, 0x00, 0x00, 0x00, 0x00, 0x00, 0xFF], // 0x5F
    [0x30, 0x18, 0x0C, 0x00, 0x00, 0x00, 0x00, 0x00], // 0x60
    [0x00, 0x00, 0x78, 0x0C, 0x7C, 0xCC, 0x76, 0x00], // 0x61
    [0xE0, 0x60, 0x7C, 0x66, 0x66, 0x66, 0xDC, 0x00], // 0x62
    [0x00, 0x00, 0x3C, 0x66, 0x60, 0x66, 0x3C, 0x00], // 0x63
    [0x1C, 0x0C, 0x7C, 0xCC, 0xCC, 0xCC, 0x76, 0x00], // 0x64
    [0x00, 0x00, 0x3C, 0x66, 0x7E, 0x60, 0x3C, 0x00], // 0x65
    [0x1C, 0x36, 0x30, 0x78, 0x30, 0x30, 0x78, 0x00], // 0x66
    [0x00, 0x00, 0x3E, 0x66, 0x66, 0x3E, 0x06, 0x7C], // 0x67
    [0xE0, 0x60, 0x6C, 0x76, 0x66, 0x66, 0xE6, 0x00], // 0x68
    [0x18, 0x00, 0x38, 0x18, 0x18, 0x18, 0x3C, 0x00], // 0x69
    [0x06, 0x00, 0x0E, 0x06, 0x06, 0x66, 0x66, 0x3C], // 0x6A
    [0xE0, 0x60, 0x66, 0x6C, 0x78, 0x6C, 0xE6, 0x00], // 0x6B
    [0x38, 0x18, 0x18, 0x18, 0x18, 0x18, 0x3C, 0x00], // 0x6C
    [0x00, 0x00, 0x6C, 0xFE, 0xD6, 0xD6, 0xC6, 0x00], // 0x6D
    [0x00, 0x00, 0xDC, 0x66, 0x66, 0x66, 0x66, 0x00], // 0x6E
    [0x00, 0x00, 0x3C, 0x66, 0x66, 0x66, 0x3C, 0x00], // 0x6F
    [0x00, 0x00, 0xDC, 0x66, 0x66, 0x7C, 0x60, 0xF0], // 0x70
    [0x00, 0x00, 0x76, 0xCC, 0xCC, 0x7C, 0x0C, 0x1E], // 0x71
    [0x00, 0x00, 0xDC, 0x76, 0x60, 0x60, 0xF0, 0x00], // 0x72
    [0x00, 0x00, 0x3C, 0x60, 0x3C, 0x06, 0x7C, 0x00], // 0x73
    [0x30, 0x30, 0x7C, 0x30, 0x30, 0x36, 0x1C, 0x00], // 0x74
    [0x00, 0x00, 0x66, 0x66, 0x66, 0x66, 0x3E, 0x00], // 0x75
    [0x00, 0x00, 0x66, 0x66, 0x66, 0x3C, 0x18, 0x00], // 0x76
    [0x00, 0x00, 0xC6, 0xD6, 0xD6, 0xFE, 0x6C, 0x00], // 0x77
    [0x00, 0x00, 0xC6, 0x6C, 0x38, 0x6C, 0xC6, 0x00], // 0x78
    [0x00, 0x00, 0x66, 0x66, 0x66, 0x3E, 0x06, 0x7C], // 0x79
    [0x00, 0x00, 0x7E, 0x4C, 0x18, 0x32, 0x7E, 0x00], // 0x7A
    [0x0E, 0x18, 0x18, 0x70, 0x18, 0x18, 0x0E, 0x00], // 0x7B
    [0x18, 0x18, 0x18, 0x18, 0x18, 0x18, 0x18, 0x00], // 0x7C
    [0x70, 0x18, 0x18, 0x0E, 0x18, 0x18, 0x70, 0x00], // 0x7D
    [0x76, 0xDC, 0x00, 0x00, 0x00, 0x00, 0x00, 0x00], // 0x7E
    [0xCC, 0x33, 0xCC, 0x33, 0xCC, 0x33, 0xCC, 0x33], // 0x7F
    [0x00, 0x00, 0x00, 0x00, 0x00, 0x00, 0x00, 0x00], // 0x80
    [0xF0, 0xF0, 0xF0, 0xF0, 0x00, 0x00, 0x00, 0x00], // 0x81
    [0x0F, 0x0F, 0x0F, 0x0F, 0x00, 0x00, 0x00, 0x00], // 0x82
    [0xFF, 0xFF, 0xFF, 0xFF, 0x00, 0x00, 0x00, 0x00], // 0x83
    [0x00, 0x00, 0x00, 0x00, 0xF0, 0xF0, 0xF0, 0xF0], // 0x84
    [0xF0, 0xF0, 0xF0, 0xF0, 0xF0, 0xF0, 0xF0, 0xF0], // 0x85
    [0x0F, 0x0F, 0x0F, 0x0F, 0xF0, 0xF0, 0xF0, 0xF0], // 0x86
    [0xFF, 0xFF, 0xFF, 0xFF, 0xF0, 0xF0, 0xF0, 0xF0], // 0x87
    [0x00, 0x00, 0x00, 0x00, 0x0F, 0x0F, 0x0F, 0x0F], // 0x88
    [0xF0, 0xF0, 0xF0, 0xF0, 0x0F, 0x0F, 0x0F, 0x0F], // 0x89
    [0x0F, 0x0F, 0x0F, 0x0F, 0x0F, 0x0F, 0x0F, 0x0F], // 0x8A
    [0xFF, 0xFF, 0xFF, 0xFF, 0x0F, 0x0F, 0x0F, 0x0F], // 0x8B
    [0x00, 0x00, 0x00, 0x00, 0xFF, 0xFF, 0xFF, 0xFF], // 0x8C
    [0xF0, 0xF0, 0xF0, 0xF0, 0xFF, 0xFF, 0xFF, 0xFF], // 0x8D
    [0x0F, 0x0F, 0x0F, 0x0F, 0xFF, 0xFF, 0xFF, 0xFF], // 0x8E
    [0xFF, 0xFF, 0xFF, 0xFF, 0xFF, 0xFF, 0xFF, 0xFF], // 0x8F
    [0x00, 0x00, 0x00, 0x18, 0x18, 0x00, 0x00, 0x00], // 0x90
    [0x18, 0x18, 0x18, 0x18, 0x18, 0x00, 0x00, 0x00], // 0x91
    [0x00, 0x00, 0x00, 0x1F, 0x1F, 0x00, 0x00, 0x00], // 0x92
    [0x18, 0x18, 0x18, 0x1F, 0x0F, 0x00, 0x00, 0x00], // 0x93
    [0x00, 0x00, 0x00, 0x18, 0x18, 0x18, 0x18, 0x18], // 0x94
    [0x18, 0x18, 0x18, 0x18, 0x18, 0x18, 0x18, 0x18], // 0x95
    [0x00, 0x00, 0x00, 0x0F, 0x1F, 0x18, 0x18, 0x18], // 0x96
    [0x18, 0x18, 0x18, 0x1F, 0x1F, 0x18, 0x18, 0x18], // 0x97
    [0x00, 0x00, 0x00, 0xF8, 0xF8, 0x00, 0x00, 0x00], // 0x98
    [0x18, 0x18, 0x18, 0xF8, 0xF0, 0x00, 0x00, 0x00], // 0x99
    [0x00, 0x00, 0x00, 0xFF, 0xFF, 0x00, 0x00, 0x00], // 0x9A
    [0x18, 0x18, 0x18, 0xFF, 0xFF, 0x00, 0x00, 0x00], // 0x9B
    [0x00, 0x00, 0x00, 0xF0, 0xF8, 0x18, 0x18, 0x18], // 0x9C
    [0x18, 0x18, 0x18, 0xF8, 0xF8, 0x18, 0x18, 0x18], // 0x9D
    [0x00, 0x00, 0x00, 0xFF, 0xFF, 0x18, 0x18, 0x18], // 0x9E
    [0x18, 0x18, 0x18, 0xFF, 0xFF, 0x18, 0x18, 0x18], // 0x9F
    [0x10, 0x38, 0x6C, 0xC6, 0x00, 0x00, 0x00, 0x00], // 0xA0
    [0x0C, 0x18, 0x30, 0x00, 0x00, 0x00, 0x00, 0x00], // 0xA1
    [0x66, 0x66, 0x00, 0x00, 0x00, 0x00, 0x00, 0x00], // 0xA2
    [0x3C, 0x66, 0x60, 0xF8, 0x60, 0x66, 0xFE, 0x00], // 0xA3
    [0x38, 0x44, 0xBA, 0xA2, 0xBA, 0x44, 0x38, 0x00], // 0xA4
    [0x7E, 0xF4, 0xF4, 0x74, 0x34, 0x34, 0x34, 0x00], // 0xA5
    [0x1E, 0x30, 0x38, 0x6C, 0x38, 0x18, 0xF0, 0x00], // 0xA6
    [0x18, 0x18, 0x0C, 0x00, 0x00, 0x00, 0x00, 0x00], // 0xA7
    [0x40, 0xC0, 0x44, 0x4C, 0x54, 0x1E, 0x04, 0x00], // 0xA8
    [0x40, 0xC0, 0x4C, 0x52, 0x44, 0x08, 0x1E, 0x00], // 0xA9
    [0xE0, 0x10, 0x62, 0x16, 0xEA, 0x0F, 0x02, 0x00], // 0xAA
    [0x00, 0x18, 0x18, 0x7E, 0x18, 0x18, 0x7E, 0x00], // 0xAB
    [0x18, 0x18, 0x00, 0x7E, 0x00, 0x18, 0x18, 0x00], // 0xAC
    [0x00, 0x00, 0x00, 0x7E, 0x06, 0x06, 0x00, 0x00], // 0xAD
    [0x18, 0x00, 0x18, 0x30, 0x66, 0x66, 0x3C, 0x00], // 0xAE
    [0x18, 0x00, 0x18, 0x18, 0x18, 0x18, 0x18, 0x00], // 0xAF
    [0x00, 0x00, 0x73, 0xDE, 0xCC, 0xDE, 0x73, 0x00], // 0xB0
    [0x7C, 0xC6, 0xC6, 0xFC, 0xC6, 0xC6, 0xF8, 0xC0], // 0xB1
    [0x00, 0x66, 0x66, 0x3C, 0x66, 0x66, 0x3C, 0x00], // 0xB2
    [0x3C, 0x60, 0x60, 0x3C, 0x66, 0x66, 0x3C, 0x00], // 0xB3
    [0x00, 0x00, 0x1E, 0x30, 0x7C, 0x30, 0x1E, 0x00], // 0xB4
    [0x38, 0x6C, 0xC6, 0xFE, 0xC6, 0x6C, 0x38, 0x00], // 0xB5
    [0x00, 0xC0, 0x60, 0x30, 0x38, 0x6C, 0xC6, 0x00], // 0xB6
    [0x00, 0x00, 0x66, 0x66, 0x66, 0x7C, 0x60, 0x60], // 0xB7
    [0x00, 0x00, 0x00, 0xFE, 0x6C, 0x6C, 0x6C, 0x00], // 0xB8
    [0x00, 0x00, 0x00, 0x7E, 0xD8, 0xD8, 0x70, 0x00], // 0xB9
    [0x03, 0x06, 0x0C, 0x3C, 0x66, 0x3C, 0x60, 0xC0], // 0xBA
    [0x03, 0x06, 0x0C, 0x66, 0x66, 0x3C, 0x60, 0xC0], // 0xBB
    [0x00, 0xE6, 0x3C, 0x18, 0x38, 0x6C, 0xC7, 0x00], // 0xBC
    [0x00, 0x00, 0x66, 0xC3, 0xDB, 0xDB, 0x7E, 0x00], // 0xBD
    [0xFE, 0xC6, 0x60, 0x30, 0x60, 0xC6, 0xFE, 0x00], // 0xBE
    [0x00, 0x7C, 0xC6, 0xC6, 0xC6, 0x6C, 0xEE, 0x00], // 0xBF
    [0x18, 0x30, 0x60, 0xC0, 0x80, 0x00, 0x00, 0x00], // 0xC0
    [0x18, 0x0C, 0x06, 0x03, 0x01, 0x00, 0x00, 0x00], // 0xC1
    [0x00, 0x00, 0x00, 0x01, 0x03, 0x06, 0x0C, 0x18], // 0xC2
    [0x00, 0x00, 0x00, 0x80, 0xC0, 0x60, 0x30, 0x18], // 0xC3
    [0x18, 0x3C, 0x66, 0xC3, 0x81, 0x00, 0x00, 0x00], // 0xC4
    [0x18, 0x0C, 0x06, 0x03, 0x03, 0x06, 0x0C, 0x18], // 0xC5
    [0x00, 0x00, 0x00, 0x81, 0xC3, 0x66, 0x3C, 0x18], // 0xC6
    [0x18, 0x30, 0x60, 0xC0, 0xC0, 0x60, 0x30, 0x18], // 0xC7
    [0x18, 0x30, 0x60, 0xC1, 0x83, 0x06, 0x0C, 0x18], // 0xC8
    [0x18, 0x0C, 0x06, 0x83, 0xC1, 0x60, 0x30, 0x18], // 0xC9
    [0x18, 0x3C, 0x66, 0xC3, 0xC3, 0x66, 0x3C, 0x18], // 0xCA
    [0xC3, 0xE7, 0x7E, 0x3C, 0x3C, 0x7E, 0xE7, 0xC3], // 0xCB
    [0x03, 0x07, 0x0E, 0x1C, 0x38, 0x70, 0xE0, 0xC0], // 0xCC
    [0xC0, 0xE0, 0x70, 0x38, 0x1C, 0x0E, 0x07, 0x03], // 0xCD
    [0xCC, 0xCC, 0x33, 0x33, 0xCC, 0xCC, 0x33, 0x33], // 0xCE
    [0xAA, 0x55, 0xAA, 0x55, 0xAA, 0x55, 0xAA, 0x55], // 0xCF
    [0xFF, 0xFF, 0x00, 0x00, 0x00, 0x00, 0x00, 0x00], // 0xD0
    [0x03, 0x03, 0x03, 0x03, 0x03, 0x03, 0x03, 0x03], // 0xD1
    [0x00, 0x00, 0x00, 0x00, 0x00, 0x00, 0xFF, 0xFF], // 0xD2
    [0xC0, 0xC0, 0xC0, 0xC0, 0xC0, 0xC0, 0xC0, 0xC0], // 0xD3
    [0xFF, 0xFE, 0xFC, 0xF8, 0xF0, 0xE0, 0xC0, 0x80], // 0xD4
    [0xFF, 0x7F, 0x3F, 0x1F, 0x0F, 0x07, 0x03, 0x01], // 0xD5
    [0x01, 0x03, 0x07, 0x0F, 0x1F, 0x3F, 0x7F, 0xFF], // 0xD6
    [0x80, 0xC0, 0xE0, 0xF0, 0xF8, 0xFC, 0xFE, 0xFF], // 0xD7
    [0xAA, 0x55, 0xAA, 0x55, 0x00, 0x00, 0x00, 0x00], // 0xD8
    [0x0A, 0x05, 0x0A, 0x05, 0x0A, 0x05, 0x0A, 0x05], // 0xD9
    [0x00, 0x00, 0x00, 0x00, 0xAA, 0x55, 0xAA, 0x55], // 0xDA
    [0xA0, 0x50, 0xA0, 0x50, 0xA0, 0x50, 0xA0, 0x50], // 0xDB
    [0xAA, 0x54, 0xA8, 0x50, 0xA0, 0x40, 0x80, 0x00], // 0xDC
    [0xAA, 0x55, 0x2A, 0x15, 0x0A, 0x05, 0x02, 0x01], // 0xDD
    [0x01, 0x02, 0x05, 0x0A, 0x15, 0x2A, 0x55, 0xAA], // 0xDE
    [0x00, 0x80, 0x40, 0xA0, 0x50, 0xA8, 0x54, 0xAA], // 0xDF
    [0x7E, 0xFF, 0x99, 0xFF, 0xBD, 0xC3, 0xFF, 0x7E], // 0xE0
    [0x7E, 0xFF, 0x99, 0xFF, 0xC3, 0xBD, 0xFF, 0x7E], // 0xE1
    [0x38, 0x38, 0xFE, 0xFE, 0xFE, 0x10, 0x38, 0x00], // 0xE2
    [0x10, 0x38, 0x7C, 0xFE, 0x7C, 0x38, 0x10, 0x00], // 0xE3
    [0x6C, 0xFE, 0xFE, 0xFE, 0x7C, 0x38, 0x10, 0x00], // 0xE4
    [0x10, 0x38, 0x7C, 0xFE, 0xFE, 0x10, 0x38, 0x00], // 0xE5
    [0x00, 0x3C, 0x66, 0xC3, 0xC3, 0x66, 0x3C, 0x00], // 0xE6
    [0x00, 0x3C, 0x7E, 0xFF, 0xFF, 0x7E, 0x3C, 0x00], // 0xE7
    [0x00, 0x7E, 0x66, 0x66, 0x66, 0x66, 0x7E, 0x00], // 0xE8
    [0x00, 0x7E, 0x7E, 0x7E, 0x7E, 0x7E, 0x7E, 0x00], // 0xE9
    [0x0F, 0x07, 0x0D, 0x78, 0xCC, 0xCC, 0xCC, 0x78], // 0xEA
    [0x3C, 0x66, 0x66, 0x66, 0x3C, 0x18, 0x7E, 0x18], // 0xEB
    [0x0C, 0x0C, 0x0C, 0x0C, 0x0C, 0x3C, 0x7C, 0x38], // 0xEC
    [0x18, 0x1C, 0x1E, 0x1B, 0x18, 0x78, 0xF8, 0x70], // 0xED
    [0x99, 0x5A, 0x24, 0xC3, 0xC3, 0x24, 0x5A, 0x99], // 0xEE
    [0x10, 0x38, 0x38, 0x38, 0x38, 0x38, 0x7C, 0xD6], // 0xEF
    [0x18, 0x3C, 0x7E, 0xFF, 0x18, 0x18, 0x18, 0x18], // 0xF0
    [0x18, 0x18, 0x18, 0x18, 0xFF, 0x7E, 0x3C, 0x18], // 0xF1
    [0x10, 0x30, 0x70, 0xFF, 0xFF, 0x70, 0x30, 0x10], // 0xF2
    [0x08, 0x0C, 0x0E, 0xFF, 0xFF, 0x0E, 0x0C, 0x08], // 0xF3
    [0x00, 0x00, 0x18, 0x3C, 0x7E, 0xFF, 0xFF, 0x00], // 0xF4
    [0x00, 0x00, 0xFF, 0xFF, 0x7E, 0x3C, 0x18, 0x00], // 0xF5
    [0x80, 0xE0, 0xF8, 0xFE, 0xF8, 0xE0, 0x80, 0x00], // 0xF6
    [0x02, 0x0E, 0x3E, 0xFE, 0x3E, 0x0E, 0x02, 0x00], // 0xF7
    [0x38, 0x38, 0x92, 0x7C, 0x10, 0x28, 0x28, 0x28], // 0xF8
    [0x38, 0x38, 0x10, 0xFE, 0x10, 0x28, 0x44, 0x82], // 0xF9
    [0x38, 0x38, 0x12, 0x7C, 0x90, 0x28, 0x24, 0x22], // 0xFA
    [0x38, 0x38, 0x90, 0x7C, 0x12, 0x28, 0x48, 0x88], // 0xFB
    [0x00, 0x3C, 0x18, 0x3C, 0x3C, 0x3C, 0x18, 0x00], // 0xFC
    [0x3C, 0xFF, 0xFF, 0x18, 0x0C, 0x18, 0x30, 0x18], // 0xFD
    [0x18, 0x3C, 0x7E, 0x18, 0x18, 0x7E, 0x3C, 0x18], // 0xFE
    [0x00, 0x24, 0x66, 0xFF, 0x66, 0x24, 0x00, 0x00], // 0xFF
];

pub const AMSTRAD_PCW: Font = [
    [0x00, 0x00, 0x66, 0xDB, 0xDB, 0xDB, 0x66, 0x00], // 0x00
    [0x3C, 0x42, 0x81, 0x99, 0x81, 0x42, 0x3C, 0x00], // 0x01
    [0xFE, 0xC6, 0xC0, 0xC0, 0xC0, 0xC0, 0xC0, 0x00], // 0x02
    [0x10, 0x38, 0x38, 0x6C, 0x6C, 0xC6, 0xFE, 0x00], // 0x03
    [0x3C, 0x42, 0xA5, 0x99, 0xA5, 0x42, 0x3C, 0x00], // 0x04
    [0x00, 0x00, 0x00, 0x24, 0x18, 0x24, 0x00, 0x00], // 0x05
    [0x00, 0x00, 0x18, 0x00, 0x7E, 0x00, 0x18, 0x00], // 0x06
    [0x00, 0x00, 0x18, 0x18, 0x00, 0x66, 0x66, 0x00], // 0x07
    [0xFE, 0x6C, 0x6C, 0x6C, 0x6C, 0x6C, 0x6C, 0x00], // 0x08
    [0x18, 0x18, 0x18, 0x18, 0x7E, 0x3C, 0x18, 0x00], // 0x09
    [0xFE, 0xC6, 0x60, 0x30, 0x60, 0xC6, 0xFE, 0x00], // 0x0A
    [0x00, 0x20, 0x60, 0xFE, 0xFE, 0x60, 0x20, 0x00], // 0x0B
    [0x00, 0x08, 0x0C, 0xFE, 0xFE, 0x0C, 0x08, 0x00], // 0x0C
    [0x00, 0x18, 0x18, 0x7E, 0x18, 0x18, 0x7E, 0x00], // 0x0D
    [0x00, 0x24, 0x66, 0xFF, 0xFF, 0x66, 0x24, 0x00], // 0x0E
    [0x7C, 0xC6, 0xC6, 0xC6, 0xC6, 0x6C, 0xEE, 0x00], // 0x0F
    [0x00, 0x00, 0x73, 0xDE, 0xCC, 0xDE, 0x73, 0x00], // 0x10
    [0x7C, 0xC6, 0xC6, 0xFC, 0xC6, 0xC6, 0xF8, 0xC0], // 0x11
    [0x66, 0x66, 0x3C, 0x66, 0x66, 0x66, 0x3C, 0x00], // 0x12
    [0x3C, 0x60, 0x3C, 0x66, 0x66, 0x66, 0x3C, 0x00], // 0x13
    [0x00, 0x00, 0x1E, 0x30, 0x7C, 0x30, 0x1E, 0x00], // 0x14
    [0x38, 0x6C, 0xC6, 0xFE, 0xC6, 0x6C, 0x38, 0x00], // 0x15
    [0x00, 0xC0, 0x60, 0x30, 0x38, 0x6C, 0xC6, 0x00], // 0x16
    [0x00, 0x00, 0x66, 0x66, 0x66, 0x7C, 0x60, 0x60], // 0x17
    [0x00, 0x00, 0xFE, 0x6C, 0x6C, 0x6C, 0x6C, 0x00], // 0x18
    [0x00, 0x00, 0x3C, 0x66, 0x66, 0x7C, 0x60, 0x60], // 0x19
    [0x00, 0x00, 0x7E, 0xD8, 0xD8, 0xD8, 0x70, 0x00], // 0x1A
    [0x00, 0x73, 0xCE, 0x18, 0x18, 0x18, 0x0C, 0x00], // 0x1B
    [0x03, 0x06, 0x3C, 0x66, 0x66, 0x3C, 0x60, 0xC0], // 0x1C
    [0x00, 0xE6, 0x3C, 0x18, 0x38, 0x6C, 0xC7, 0x00], // 0x1D
    [0x03, 0x06, 0x66, 0x66, 0x66, 0x3C, 0x60, 0xC0], // 0x1E
    [0x00, 0x00, 0x66, 0xC3, 0xDB, 0xDB, 0x7E, 0x00], // 0x1F
    [0x00, 0x00, 0x00, 0x00, 0x00, 0x00, 0x00, 0x00], // 0x20
    [0x18, 0x18, 0x18, 0x18, 0x18, 0x00, 0x18, 0x00], // 0x21
    [0x6C, 0x6C, 0x6C, 0x00, 0x00, 0x00, 0x00, 0x00], // 0x22
    [0x6C, 0x6C, 0xFE, 0x6C, 0xFE, 0x6C, 0x6C, 0x00], // 0x23
    [0x18, 0x3E, 0x58, 0x3C, 0x1A, 0x7C, 0x18, 0x00], // 0x24
    [0x00, 0xC6, 0xCC, 0x18, 0x30, 0x66, 0xC6, 0x00], // 0x25
    [0x38, 0x6C, 0x38, 0x76, 0xDC, 0xCC, 0x76, 0x00], // 0x26
    [0x18, 0x18, 0x18, 0x00, 0x00, 0x00, 0x00, 0x00], // 0x27
    [0x0C, 0x18, 0x30, 0x30, 0x30, 0x18, 0x0C, 0x00], // 0x28
    [0x30, 0x18, 0x0C, 0x0C, 0x0C, 0x18, 0x30, 0x00], // 0x29
    [0x00, 0x66, 0x3C, 0xFF, 0x3C, 0x66, 0x00, 0x00], // 0x2A
    [0x00, 0x18, 0x18, 0x7E, 0x18, 0x18, 0x00, 0x00], // 0x2B
    [0x00, 0x00, 0x00, 0x00, 0x00, 0x18, 0x18, 0x30], // 0x2C
    [0x00, 0x00, 0x00, 0x7E, 0x00, 0x00, 0x00, 0x00], // 0x2D
    [0x00, 0x00, 0x00, 0x00, 0x00, 0x18, 0x18, 0x00], // 0x2E
    [0x06, 0x0C, 0x18, 0x30, 0x60, 0xC0, 0x80, 0x00], // 0x2F
    [0x38, 0x6C, 0xCE, 0xD6, 0xE6, 0x6C, 0x38, 0x00], // 0x30
    [0x18, 0x38, 0x18, 0x18, 0x18, 0x18, 0x7E, 0x00], // 0x31
    [0x3C, 0x66, 0x06, 0x3C, 0x60, 0x66, 0x7E, 0x00], // 0x32
    [0x3C, 0x66, 0x06, 0x1C, 0x06, 0x66, 0x3C, 0x00], // 0x33
    [0x1C, 0x3C, 0x6C, 0xCC, 0xFE, 0x0C, 0x1E, 0x00], // 0x34
    [0x7E, 0x62, 0x60, 0x7C, 0x06, 0x66, 0x3C, 0x00], // 0x35
    [0x3C, 0x66, 0x60, 0x7C, 0x66, 0x66, 0x3C, 0x00], // 0x36
    [0x7E, 0x66, 0x06, 0x0C, 0x18, 0x18, 0x18, 0x00], // 0x37
    [0x3C, 0x66, 0x66, 0x3C, 0x66, 0x66, 0x3C, 0x00], // 0x38
    [0x3C, 0x66, 0x66, 0x3E, 0x06, 0x66, 0x3C, 0x00], // 0x39
    [0x00, 0x00, 0x18, 0x18, 0x00, 0x18, 0x18, 0x00], // 0x3A
    [0x00, 0x00, 0x18, 0x18, 0x00, 0x18, 0x18, 0x30], // 0x3B
    [0x0C, 0x18, 0x30, 0x60, 0x30, 0x18, 0x0C, 0x00], // 0x3C
    [0x00, 0x00, 0x7E, 0x00, 0x7E, 0x00, 0x00, 0x00], // 0x3D
    [0x60, 0x30, 0x18, 0x0C, 0x18, 0x30, 0x60, 0x00], // 0x3E
    [0x3C, 0x66, 0x66, 0x0C, 0x18, 0x00, 0x18, 0x00], // 0x3F
    [0x7C, 0xC6, 0xDE, 0xDE, 0xDE, 0xC0, 0x7C, 0x00], // 0x40
    [0x18, 0x3C, 0x66, 0x66, 0x7E, 0x66, 0x66, 0x00], // 0x41
    [0xFC, 0x66, 0x66, 0x7C, 0x66, 0x66, 0xFC, 0x00], // 0x42
    [0x3C, 0x66, 0xC0, 0xC0, 0xC0, 0x66, 0x3C, 0x00], // 0x43
    [0xF8, 0x6C, 0x66, 0x66, 0x66, 0x6C, 0xF8, 0x00], // 0x44
    [0xFE, 0x62, 0x68, 0x78, 0x68, 0x62, 0xFE, 0x00], // 0x45
    [0xFE, 0x62, 0x68, 0x78, 0x68, 0x60, 0xF0, 0x00], // 0x46
    [0x3C, 0x66, 0xC0, 0xC0, 0xCE, 0x66, 0x3E, 0x00], // 0x47
    [0x66, 0x66, 0x66, 0x7E, 0x66, 0x66, 0x66, 0x00], // 0x48
    [0x7E, 0x18, 0x18, 0x18, 0x18, 0x18, 0x7E, 0x00], // 0x49
    [0x1E, 0x0C, 0x0C, 0x0C, 0xCC, 0xCC, 0x78, 0x00], // 0x4A
    [0xE6, 0x66, 0x6C, 0x78, 0x6C, 0x66, 0xE6, 0x00], // 0x4B
    [0xF0, 0x60, 0x60, 0x60, 0x62, 0x66, 0xFE, 0x00], // 0x4C
    [0xC6, 0xEE, 0xFE, 0xFE, 0xD6, 0xC6, 0xC6, 0x00], // 0x4D
    [0xC6, 0xE6, 0xF6, 0xDE, 0xCE, 0xC6, 0xC6, 0x00], // 0x4E
    [0x7C, 0xC6, 0xC6, 0xC6, 0xC6, 0xC6, 0x7C, 0x00], // 0x4F
    [0xFC, 0x66, 0x66, 0x7C, 0x60, 0x60, 0xF0, 0x00], // 0x50
    [0x7C, 0xC6, 0xC6, 0xC6, 0xDA, 0xCC, 0x76, 0x00], // 0x51
    [0xFC, 0x66, 0x66, 0x7C, 0x6C, 0x66, 0xE6, 0x00], // 0x52
    [0x3C, 0x66, 0x60, 0x3C, 0x06, 0x66, 0x3C, 0x00], // 0x53
    [0x7E, 0x5A, 0x18, 0x18, 0x18, 0x18, 0x3C, 0x00], // 0x54
    [0x66, 0x66, 0x66, 0x66, 0x66, 0x66, 0x3C, 0x00], // 0x55
    [0x66, 0x66, 0x66, 0x66, 0x66, 0x3C, 0x18, 0x00], // 0x56
    [0xC6, 0xC6, 0xC6, 0xD6, 0xFE, 0xEE, 0xC6, 0x00], // 0x57
    [0xC6, 0x6C, 0x38, 0x38, 0x6C, 0xC6, 0xC6, 0x00], // 0x58
    [0x66, 0x66, 0x66, 0x3C, 0x18, 0x18, 0x3C, 0x00], // 0x59
    [0xFE, 0xC6, 0x8C, 0x18, 0x32, 0x66, 0xFE, 0x00], // 0x5A
    [0x3C, 0x30, 0x30, 0x30, 0x30, 0x30, 0x3C, 0x00], // 0x5B
    [0xC0, 0x60, 0x30, 0x18, 0x0C, 0x06, 0x02, 0x00], // 0x5C
    [0x3C, 0x0C, 0x0C, 0x0C, 0x0C, 0x0C, 0x3C, 0x00], // 0x5D
    [0x18, 0x3C, 0x7E, 0x18, 0x18, 0x18, 0x18, 0x00], // 0x5E
    [0x00, 0x00, 0x00, 0x00, 0x00, 0x00, 0x00, 0xFF], // 0x5F
    [0x30, 0x18, 0x0C, 0x00, 0x00, 0x00, 0x00, 0x00], // 0x60
    [0x00, 0x00, 0x78, 0x0C, 0x7C, 0xCC, 0x76, 0x00], // 0x61
    [0xE0, 0x60, 0x7C, 0x66, 0x66, 0x66, 0xDC, 0x00], // 0x62
    [0x00, 0x00, 0x3C, 0x66, 0x60, 0x66, 0x3C, 0x00], // 0x63
    [0x1C, 0x0C, 0x7C, 0xCC, 0xCC, 0xCC, 0x76, 0x00], // 0x64
    [0x00, 0x00, 0x3C, 0x66, 0x7E, 0x60, 0x3C, 0x00], // 0x65
    [0x1C, 0x36, 0x30, 0x78, 0x30, 0x30, 0x78, 0x00], // 0x66
    [0x00, 0x00, 0x3E, 0x66, 0x66, 0x3E, 0x06, 0x7C], // 0x67
    [0xE0, 0x60, 0x7C, 0x66, 0x66, 0x66, 0xE6, 0x00], // 0x68
    [0x18, 0x00, 0x38, 0x18, 0x18, 0x18, 0x3C, 0x00], // 0x69
    [0x06, 0x00, 0x0E, 0x06, 0x06, 0x66, 0x66, 0x3C], // 0x6A
    [0xE0, 0x60, 0x66, 0x6C, 0x78, 0x6C, 0xE6, 0x00], // 0x6B
    [0x38, 0x18, 0x18, 0x18, 0x18, 0x18, 0x3C, 0x00], // 0x6C
    [0x00, 0x00, 0x6C, 0xFE, 0xD6, 0xD6, 0xC6, 0x00], // 0x6D
    [0x00, 0x00, 0xDC, 0x66, 0x66, 0x66, 0x66, 0x00], // 0x6E
    [0x00, 0x00, 0x3C, 0x66, 0x66, 0x66, 0x3C, 0x00], // 0x6F
    [0x00, 0x00, 0xDC, 0x66, 0x66, 0x7C, 0x60, 0xF0], // 0x70
    [0x00, 0x00, 0x76, 0xCC, 0xCC, 0x7C, 0x0C, 0x1E], // 0x71
    [0x00, 0x00, 0xDC, 0x76, 0x60, 0x60, 0xF0, 0x00], // 0x72
    [0x00, 0x00, 0x3C, 0x60, 0x3C, 0x06, 0x7C, 0x00], // 0x73
    [0x30, 0x30, 0x7C, 0x30, 0x30, 0x36, 0x1C, 0x00], // 0x74
    [0x00, 0x00, 0x66, 0x66, 0x66, 0x66, 0x3E, 0x00], // 0x75
    [0x00, 0x00, 0x66, 0x66, 0x66, 0x3C, 0x18, 0x00], // 0x76
    [0x00, 0x00, 0xC6, 0xD6, 0xD6, 0xFE, 0x6C, 0x00], // 0x77
    [0x00, 0x00, 0xC6, 0x6C, 0x38, 0x6C, 0xC6, 0x00], // 0x78
    [0x00, 0x00, 0x66, 0x66, 0x66, 0x3E, 0x06, 0x7C], // 0x79
    [0x00, 0x00, 0x7E, 0x4C, 0x18, 0x32, 0x7E, 0x00], // 0x7A
    [0x0E, 0x18, 0x18, 0x70, 0x18, 0x18, 0x0E, 0x00], // 0x7B
    [0x18, 0x18, 0x18, 0x18, 0x18, 0x18, 0x18, 0x00], // 0x7C
    [0x70, 0x18, 0x18, 0x0E, 0x18, 0x18, 0x70, 0x00], // 0x7D
    [0x76, 0xDC, 0x00, 0x00, 0x00, 0x00, 0x00, 0x00], // 0x7E
    [0x38, 0x6C, 0xC6, 0xC6, 0xC6, 0x6C, 0x38, 0x00], // 0x7F
    [0x00, 0x00, 0x3C, 0x3C, 0x3C, 0x3C, 0x00, 0x00], // 0x80
    [0x18, 0x18, 0xFF, 0x00, 0x00, 0xFF, 0x00, 0x00], // 0x81
    [0x24, 0x24, 0x24, 0x27, 0x27, 0x24, 0x24, 0x24], // 0x82
    [0x24, 0x24, 0x27, 0x20, 0x20, 0x3F, 0x00, 0x00], // 0x83
    [0x00, 0x00, 0xFF, 0x00, 0x00, 0xFF, 0x18, 0x18], // 0x84
    [0x24, 0x24, 0x24, 0x24, 0x24, 0x24, 0x24, 0x24], // 0x85
    [0x00, 0x00, 0x3F, 0x20, 0x20, 0x27, 0x24, 0x24], // 0x86
    [0x24, 0x24, 0x27, 0x20, 0x20, 0x27, 0x24, 0x24], // 0x87
    [0x24, 0x24, 0x24, 0xE4, 0xE4, 0x24, 0x24, 0x24], // 0x88
    [0x24, 0x24, 0xE4, 0x04, 0x04, 0xFC, 0x00, 0x00], // 0x89
    [0x00, 0x00, 0xFF, 0x00, 0x00, 0xFF, 0x00, 0x00], // 0x8A
    [0x24, 0x24, 0xE7, 0x00, 0x00, 0xFF, 0x00, 0x00], // 0x8B
    [0x00, 0x00, 0xFC, 0x04, 0x04, 0xE4, 0x24, 0x24], // 0x8C
    [0x24, 0x24, 0xE4, 0x04, 0x04, 0xE4, 0x24, 0x24], // 0x8D
    [0x00, 0x00, 0xFF, 0x00, 0x00, 0xE7, 0x24, 0x24], // 0x8E
    [0x24, 0x24, 0xE7, 0x00, 0x00, 0xE7, 0x24, 0x24], // 0x8F
    [0x00, 0x00, 0x00, 0x18, 0x18, 0x00, 0x00, 0x00], // 0x90
    [0x18, 0x18, 0x18, 0x18, 0x18, 0x00, 0x00, 0x00], // 0x91
    [0x00, 0x00, 0x00, 0x1F, 0x1F, 0x00, 0x00, 0x00], // 0x92
    [0x18, 0x18, 0x18, 0x1F, 0x0F, 0x00, 0x00, 0x00], // 0x93
    [0x00, 0x00, 0x00, 0x18, 0x18, 0x18, 0x18, 0x18], // 0x94
    [0x18, 0x18, 0x18, 0x18, 0x18, 0x18, 0x18, 0x18], // 0x95
    [0x00, 0x00, 0x00, 0x0F, 0x1F, 0x18, 0x18, 0x18], // 0x96
    [0x18, 0x18, 0x18, 0x1F, 0x1F, 0x18, 0x18, 0x18], // 0x97
    [0x00, 0x00, 0x00, 0xF8, 0xF8, 0x00, 0x00, 0x00], // 0x98
    [0x18, 0x18, 0x18, 0xF8, 0xF0, 0x00, 0x00, 0x00], // 0x99
    [0x00, 0x00, 0x00, 0xFF, 0xFF, 0x00, 0x00, 0x00], // 0x9A
    [0x18, 0x18, 0x18, 0xFF, 0xFF, 0x00, 0x00, 0x00], // 0x9B
    [0x00, 0x00, 0x00, 0xF0, 0xF8, 0x18, 0x18, 0x18], // 0x9C
    [0x18, 0x18, 0x18, 0xF8, 0xF8, 0x18, 0x18, 0x18], // 0x9D
    [0x00, 0x00, 0x00, 0xFF, 0xFF, 0x18, 0x18, 0x18], // 0x9E
    [0x18, 0x18, 0x18, 0xFF, 0xFF, 0x18, 0x18, 0x18], // 0x9F
    [0x78, 0x0C, 0x7C, 0xCC, 0x76, 0x00, 0xFE, 0x00], // 0xA0
    [0x3C, 0x66, 0x66, 0x66, 0x3C, 0x00, 0x7E, 0x00], // 0xA1
    [0x38, 0x44, 0x38, 0x00, 0x00, 0x00, 0x00, 0x00], // 0xA2
    [0x3C, 0x66, 0x60, 0xF8, 0x60, 0x66, 0xFE, 0x00], // 0xA3
    [0x38, 0x44, 0xBA, 0xA2, 0xBA, 0x44, 0x38, 0x00], // 0xA4
    [0x7E, 0xF4, 0xF4, 0x74, 0x34, 0x34, 0x34, 0x00], // 0xA5
    [0x1E, 0x30, 0x38, 0x6C, 0x38, 0x18, 0xF0, 0x00], // 0xA6
    [0x18, 0x18, 0x7E, 0x18, 0x18, 0x18, 0x18, 0x00], // 0xA7
    [0x40, 0xC0, 0x44, 0x4C, 0x54, 0x1E, 0x04, 0x00], // 0xA8
    [0x40, 0xC0, 0x4C, 0x52, 0x44, 0x08, 0x1E, 0x00], // 0xA9
    [0xE0, 0x10, 0x62, 0x16, 0xEA, 0x0F, 0x02, 0x00], // 0xAA
    [0x00, 0x33, 0x66, 0xCC, 0x66, 0x33, 0x00, 0x00], // 0xAB
    [0x00, 0xCC, 0x66, 0x33, 0x66, 0xCC, 0x00, 0x00], // 0xAC
    [0xE0, 0x90, 0x94, 0xEE, 0x84, 0x84, 0x83, 0x00], // 0xAD
    [0x18, 0x00, 0x18, 0x30, 0x66, 0x66, 0x3C, 0x00], // 0xAE
    [0x18, 0x00, 0x18, 0x18, 0x18, 0x18, 0x18, 0x00], // 0xAF
    [0x1C, 0x36, 0x30, 0xFC, 0x30, 0x30, 0xE0, 0x00], // 0xB0
    [0x00, 0x18, 0x3C, 0x66, 0x60, 0x66, 0x3C, 0x18], // 0xB1
    [0x00, 0x66, 0x00, 0x00, 0x00, 0x00, 0x00, 0x00], // 0xB2
    [0x0C, 0x18, 0x30, 0x00, 0x00, 0x00, 0x00, 0x00], // 0xB3
    [0x10, 0x38, 0x6C, 0xC6, 0x00, 0x00, 0x00, 0x00], // 0xB4
    [0x00, 0xC6, 0xCC, 0x18, 0x20, 0x5B, 0xDB, 0x00], // 0xB5
    [0x40, 0xC0, 0x46, 0x49, 0x46, 0x09, 0x06, 0x00], // 0xB6
    [0xE0, 0x10, 0x66, 0x19, 0xE6, 0x09, 0x06, 0x00], // 0xB7
    [0xF0, 0x80, 0xE6, 0x19, 0xE6, 0x09, 0x06, 0x00], // 0xB8
    [0xF0, 0x10, 0x26, 0x49, 0x86, 0x09, 0x06, 0x00], // 0xB9
    [0x38, 0xC6, 0xC6, 0xF8, 0xC6, 0xC6, 0xF8, 0x00], // 0xBA
    [0x00, 0x38, 0x6C, 0xC6, 0xC6, 0x6C, 0x38, 0x00], // 0xBB
    [0x00, 0x38, 0x7C, 0xFE, 0xFE, 0x7C, 0x38, 0x00], // 0xBC
    [0x66, 0x66, 0x3C, 0x18, 0x7E, 0x18, 0x3C, 0x00], // 0xBD
    [0x3C, 0x42, 0xB9, 0xA5, 0xB9, 0xA9, 0x66, 0x3C], // 0xBE
    [0xFB, 0x55, 0x51, 0x51, 0x00, 0x00, 0x00, 0x00], // 0xBF
    [0x0C, 0x30, 0x18, 0x3C, 0x66, 0x7E, 0x66, 0x00], // 0xC0
    [0x0C, 0x30, 0x7E, 0x60, 0x7C, 0x60, 0x7E, 0x00], // 0xC1
    [0x0C, 0x30, 0x7E, 0x18, 0x18, 0x18, 0x7E, 0x00], // 0xC2
    [0x0C, 0x30, 0x3C, 0x66, 0x66, 0x66, 0x3C, 0x00], // 0xC3
    [0x0C, 0x30, 0x66, 0x66, 0x66, 0x66, 0x3C, 0x00], // 0xC4
    [0x18, 0x66, 0x18, 0x3C, 0x66, 0x7E, 0x66, 0x00], // 0xC5
    [0x18, 0x66, 0x7E, 0x60, 0x7C, 0x60, 0x7E, 0x00], // 0xC6
    [0x18, 0x66, 0x7E, 0x18, 0x18, 0x18, 0x7E, 0x00], // 0xC7
    [0x18, 0x66, 0x3C, 0x66, 0x66, 0x66, 0x3C, 0x00], // 0xC8
    [0x18, 0x66, 0x66, 0x66, 0x66, 0x66, 0x3C, 0x00], // 0xC9
    [0x30, 0x0C, 0x18, 0x3C, 0x66, 0x7E, 0x66, 0x00], // 0xCA
    [0x30, 0x0C, 0x7E, 0x60, 0x7C, 0x60, 0x7E, 0x00], // 0xCB
    [0x30, 0x0C, 0x7E, 0x18, 0x18, 0x18, 0x7E, 0x00], // 0xCC
    [0x30, 0x0C, 0x3C, 0x66, 0x66, 0x66, 0x3C, 0x00], // 0xCD
    [0x30, 0x0C, 0x66, 0x66, 0x66, 0x66, 0x3C, 0x00], // 0xCE
    [0x66, 0x00, 0x66, 0x3C, 0x18, 0x18, 0x18, 0x00], // 0xCF
    [0x66, 0x00, 0x18, 0x3C, 0x66, 0x7E, 0x66, 0x00], // 0xD0
    [0x66, 0x00, 0x7E, 0x60, 0x7C, 0x60, 0x7E, 0x00], // 0xD1
    [0x66, 0x00, 0x7E, 0x18, 0x18, 0x18, 0x7E, 0x00], // 0xD2
    [0x66, 0x00, 0x3C, 0x66, 0x66, 0x66, 0x3C, 0x00], // 0xD3
    [0x66, 0x00, 0x66, 0x66, 0x66, 0x66, 0x3C, 0x00], // 0xD4
    [0x3C, 0x66, 0xC0, 0xC0, 0x66, 0x3C, 0x00, 0x18], // 0xD5
    [0x3E, 0x78, 0xD8, 0xFE, 0xD8, 0xD8, 0xDE, 0x00], // 0xD6
    [0x18, 0x00, 0x18, 0x3C, 0x66, 0x7E, 0x66, 0x00], // 0xD7
    [0x7A, 0xCC, 0xCE, 0xD6, 0xE6, 0x66, 0xBC, 0x00], // 0xD8
    [0x32, 0x4C, 0x00, 0x66, 0x76, 0x6E, 0x66, 0x00], // 0xD9
    [0x32, 0x4C, 0x00, 0x3C, 0x66, 0x7E, 0x66, 0x00], // 0xDA
    [0x32, 0x4C, 0x3C, 0x66, 0x66, 0x66, 0x3C, 0x00], // 0xDB
    [0xC0, 0x30, 0x0C, 0x30, 0xCC, 0x30, 0xC0, 0x00], // 0xDC
    [0x06, 0x18, 0x60, 0x18, 0x66, 0x18, 0x06, 0x00], // 0xDD
    [0x06, 0x0C, 0x7E, 0x18, 0x7E, 0x30, 0x60, 0x00], // 0xDE
    [0x00, 0x00, 0x32, 0x4C, 0x00, 0x7E, 0x00, 0x00], // 0xDF
    [0x0C, 0x30, 0x78, 0x0C, 0x7C, 0xCC, 0x76, 0x00], // 0xE0
    [0x0C, 0x30, 0x3C, 0x66, 0x7E, 0x60, 0x3C, 0x00], // 0xE1
    [0x0C, 0x30, 0x00, 0x38, 0x18, 0x18, 0x3C, 0x00], // 0xE2
    [0x0C, 0x30, 0x00, 0x3C, 0x66, 0x66, 0x3C, 0x00], // 0xE3
    [0x0C, 0x30, 0x00, 0x66, 0x66, 0x66, 0x3E, 0x00], // 0xE4
    [0x18, 0x66, 0x78, 0x0C, 0x7C, 0xCC, 0x76, 0x00], // 0xE5
    [0x18, 0x66, 0x3C, 0x66, 0x7E, 0x60, 0x3C, 0x00], // 0xE6
    [0x18, 0x66, 0x00, 0x38, 0x18, 0x18, 0x3C, 0x00], // 0xE7
    [0x18, 0x66, 0x00, 0x3C, 0x66, 0x66, 0x3C, 0x00], // 0xE8
    [0x18, 0x66, 0x00, 0x66, 0x66, 0x66, 0x3C, 0x00], // 0xE9
    [0x30, 0x0C, 0x78, 0x0C, 0x7C, 0xCC, 0x76, 0x00], // 0xEA
    [0x30, 0x0C, 0x3C, 0x66, 0x7E, 0x60, 0x3C, 0x00], // 0xEB
    [0x30, 0x0C, 0x00, 0x38, 0x18, 0x18, 0x3C, 0x00], // 0xEC
    [0x30, 0x0C, 0x00, 0x3C, 0x66, 0x66, 0x3C, 0x00], // 0xED
    [0x30, 0x0C, 0x00, 0x66, 0x66, 0x66, 0x3C, 0x00], // 0xEE
    [0x66, 0x00, 0x66, 0x66, 0x66, 0x3E, 0x06, 0x7C], // 0xEF
    [0x66, 0x00, 0x78, 0x0C, 0x7C, 0xCC, 0x76, 0x00], // 0xF0
    [0x66, 0x00, 0x3C, 0x66, 0x7E, 0x60, 0x3C, 0x00], // 0xF1
    [0x66, 0x00, 0x38, 0x18, 0x18, 0x18, 0x3C, 0x00], // 0xF2
    [0x66, 0x00, 0x00, 0x3C, 0x66, 0x66, 0x3C, 0x00], // 0xF3
    [0x66, 0x00, 0x00, 0x66, 0x66, 0x66, 0x3E, 0x00], // 0xF4
    [0x00, 0x00, 0x3C, 0x60, 0x60, 0x3C, 0x00, 0x18], // 0xF5
    [0x00, 0x00, 0x6C, 0x1A, 0x7E, 0xD8, 0x6E, 0x00], // 0xF6
    [0x18, 0x00, 0x78, 0x0C, 0x7C, 0xCC, 0x76, 0x00], // 0xF7
    [0x00, 0x00, 0x7A, 0xCC, 0xD6, 0x66, 0xBC, 0x00], // 0xF8
    [0x32, 0x4C, 0x00, 0xDC, 0x66, 0x66, 0x66, 0x00], // 0xF9
    [0x32, 0x4C, 0x78, 0x0C, 0x7C, 0xCC, 0x76, 0x00], // 0xFA
    [0x32, 0x4C, 0x00, 0x3C, 0x66, 0x66, 0x3C, 0x00], // 0xFB
    [0x08, 0x0C, 0xFE, 0x07, 0xFE, 0x0C, 0x08, 0x00], // 0xFC
    [0x10, 0x30, 0x7F, 0xE0, 0x7F, 0x30, 0x10, 0x00], // 0xFD
    [0x00, 0x24, 0x7E, 0xC3, 0x7E, 0x24, 0x00, 0x00], // 0xFE
    [0x00, 0x7E, 0x00, 0x7E, 0x00, 0x7E, 0x00, 0x00], // 0xFF
];

pub const ATARI_ST_8X8: Font = [
    [0x00, 0x00, 0x00, 0x00, 0x00, 0x00, 0x00, 0x00], // 0x00
    [0x18, 0x3C, 0x66, 0xC3, 0xE7, 0x24, 0x24, 0x3C], // 0x01
    [0x3C, 0x24, 0x24, 0xE7, 0xC3, 0x66, 0x3C, 0x18], // 0x02
    [0x18, 0x1C, 0xF6, 0x83, 0x83, 0xF6, 0x1C, 0x18], // 0x03
    [0x18, 0x38, 0x6F, 0xC1, 0xC1, 0x6F, 0x38, 0x18], // 0x04
    [0x3C, 0x99, 0xC3, 0xE7, 0xC3, 0x99, 0x3C, 0x00], // 0x05
    [0xFF, 0xFF, 0xFE, 0xFC, 0xF9, 0xF3, 0xE7, 0x00], // 0x06
    [0xE7, 0xC3, 0x99, 0x3C, 0x99, 0xC3, 0xE7, 0x00], // 0x07
    [0x01, 0x03, 0x06, 0x8C, 0xD8, 0x70, 0x20, 0x00], // 0x08
    [0x7E, 0xC3, 0xD3, 0xD3, 0xDB, 0xC3, 0xC3, 0x7E], // 0x09
    [0x18, 0x3C, 0x3C, 0x3C, 0x7E, 0x10, 0x38, 0x10], // 0x0A
    [0x18, 0x1C, 0x16, 0x10, 0x10, 0x70, 0xF0, 0x60], // 0x0B
    [0xF0, 0xC0, 0xFE, 0xD8, 0xDE, 0x18, 0x18, 0x00], // 0x0C
    [0xF0, 0xC0, 0xDF, 0xDB, 0xFF, 0x1E, 0x1B, 0x00], // 0x0D
    [0x05, 0x05, 0x05, 0x0D, 0x0D, 0x19, 0x79, 0x71], // 0x0E
    [0xA0, 0xA0, 0xA0, 0xB0, 0xB0, 0x98, 0x9E, 0x8E], // 0x0F
    [0x7C, 0xC6, 0xC6, 0x00, 0xC6, 0xC6, 0x7C, 0x00], // 0x10
    [0x06, 0x06, 0x06, 0x00, 0x06, 0x06, 0x06, 0x00], // 0x11
    [0x7C, 0x06, 0x06, 0x7C, 0xC0, 0xC0, 0x7C, 0x00], // 0x12
    [0x7C, 0x06, 0x06, 0x7C, 0x06, 0x06, 0x7C, 0x00], // 0x13
    [0xC6, 0xC6, 0xC6, 0x7C, 0x06, 0x06, 0x06, 0x00], // 0x14
    [0x7C, 0xC0, 0xC0, 0x7C, 0x06, 0x06, 0x7C, 0x00], // 0x15
    [0x7C, 0xC0, 0xC0, 0x7C, 0xC6, 0xC6, 0x7C, 0x00], // 0x16
    [0x7C, 0x06, 0x06, 0x00, 0x06, 0x06, 0x06, 0x00], // 0x17
    [0x7C, 0xC6, 0xC6, 0x7C, 0xC6, 0xC6, 0x7C, 0x00], // 0x18
    [0x7C, 0xC6, 0xC6, 0x7C, 0x06, 0x06, 0x7C, 0x00], // 0x19
    [0x00, 0x00, 0x3C, 0x06, 0x7E, 0x66, 0x3C, 0x00], // 0x1A
    [0x78, 0x60, 0x78, 0x60, 0x7E, 0x18, 0x1E, 0x00], // 0x1B
    [0x07, 0x0F, 0x1F, 0x18, 0x18, 0x10, 0x1E, 0x17], // 0x1C
    [0xF0, 0xF8, 0xEC, 0x04, 0x04, 0x04, 0x3C, 0x54], // 0x1D
    [0x11, 0x0B, 0x0D, 0x06, 0x07, 0x2E, 0x39, 0x38], // 0x1E
    [0x04, 0x28, 0xD8, 0x28, 0xD0, 0x10, 0xE0, 0x00], // 0x1F
    [0x00, 0x00, 0x00, 0x00, 0x00, 0x00, 0x00, 0x00], // 0x20
    [0x18, 0x18, 0x18, 0x18, 0x18, 0x00, 0x18, 0x00], // 0x21
    [0x66, 0x66, 0x66, 0x00, 0x00, 0x00, 0x00, 0x00], // 0x22
    [0x00, 0x6C, 0xFE, 0x6C, 0x6C, 0xFE, 0x6C, 0x00], // 0x23
    [0x18, 0x3E, 0x60, 0x3C, 0x06, 0x7C, 0x18, 0x00], // 0x24
    [0x00, 0x66, 0x6C, 0x18, 0x30, 0x66, 0x46, 0x00], // 0x25
    [0x38, 0x6C, 0x38, 0x70, 0xDE, 0xCC, 0x76, 0x00], // 0x26
    [0x18, 0x18, 0x18, 0x00, 0x00, 0x00, 0x00, 0x00], // 0x27
    [0x0E, 0x1C, 0x18, 0x18, 0x18, 0x1C, 0x0E, 0x00], // 0x28
    [0x70, 0x38, 0x18, 0x18, 0x18, 0x38, 0x70, 0x00], // 0x29
    [0x00, 0x66, 0x3C, 0xFF, 0x3C, 0x66, 0x00, 0x00], // 0x2A
    [0x00, 0x18, 0x18, 0x7E, 0x18, 0x18, 0x00, 0x00], // 0x2B
    [0x00, 0x00, 0x00, 0x00, 0x00, 0x30, 0x30, 0x60], // 0x2C
    [0x00, 0x00, 0x00, 0x7E, 0x00, 0x00, 0x00, 0x00], // 0x2D
    [0x00, 0x00, 0x00, 0x00, 0x00, 0x18, 0x18, 0x00], // 0x2E
    [0x02, 0x06, 0x0C, 0x18, 0x30, 0x60, 0x40, 0x00], // 0x2F
    [0x3C, 0x66, 0x6E, 0x76, 0x66, 0x66, 0x3C, 0x00], // 0x30
    [0x18, 0x38, 0x18, 0x18, 0x18, 0x18, 0x7E, 0x00], // 0x31
    [0x3C, 0x66, 0x06, 0x0C, 0x18, 0x30, 0x7E, 0x00], // 0x32
    [0x7E, 0x0C, 0x18, 0x0C, 0x06, 0x66, 0x3C, 0x00], // 0x33
    [0x0C, 0x1C, 0x3C, 0x6C, 0x7E, 0x0C, 0x0C, 0x00], // 0x34
    [0x7E, 0x60, 0x7C, 0x06, 0x06, 0x66, 0x3C, 0x00], // 0x35
    [0x3C, 0x60, 0x60, 0x7C, 0x66, 0x66, 0x3C, 0x00], // 0x36
    [0x7E, 0x06, 0x0C, 0x18, 0x30, 0x30, 0x30, 0x00], // 0x37
    [0x3C, 0x66, 0x66, 0x3C, 0x66, 0x66, 0x3C, 0x00], // 0x38
    [0x3C, 0x66, 0x66, 0x3E, 0x06, 0x0C, 0x38, 0x00], // 0x39
    [0x00, 0x18, 0x18, 0x00, 0x18, 0x18, 0x00, 0x00], // 0x3A
    [0x00, 0x18, 0x18, 0x00, 0x18, 0x18, 0x30, 0x00], // 0x3B
    [0x06, 0x0C, 0x18, 0x30, 0x18, 0x0C, 0x06, 0x00], // 0x3C
    [0x00, 0x00, 0x7E, 0x00, 0x00, 0x7E, 0x00, 0x00], // 0x3D
    [0x60, 0x30, 0x18, 0x0C, 0x18, 0x30, 0x60, 0x00], // 0x3E
    [0x3C, 0x66, 0x06, 0x0C, 0x18, 0x00, 0x18, 0x00], // 0x3F
    [0x3C, 0x66, 0x6E, 0x6A, 0x6E, 0x60, 0x3E, 0x00], // 0x40
    [0x18, 0x3C, 0x66, 0x66, 0x7E, 0x66, 0x66, 0x00], // 0x41
    [0x7C, 0x66, 0x66, 0x7C, 0x66, 0x66, 0x7C, 0x00], // 0x42
    [0x3C, 0x66, 0x60, 0x60, 0x60, 0x66, 0x3C, 0x00], // 0x43
    [0x78, 0x6C, 0x66, 0x66, 0x66, 0x6C, 0x78, 0x00], // 0x44
    [0x7E, 0x60, 0x60, 0x7C, 0x60, 0x60, 0x7E, 0x00], // 0x45
    [0x7E, 0x60, 0x60, 0x7C, 0x60, 0x60, 0x60, 0x00], // 0x46
    [0x3E, 0x60, 0x60, 0x6E, 0x66, 0x66, 0x3E, 0x00], // 0x47
    [0x66, 0x66, 0x66, 0x7E, 0x66, 0x66, 0x66, 0x00], // 0x48
    [0x3C, 0x18, 0x18, 0x18, 0x18, 0x18, 0x3C, 0x00], // 0x49
    [0x06, 0x06, 0x06, 0x06, 0x06, 0x66, 0x3C, 0x00], // 0x4A
    [0x66, 0x6C, 0x78, 0x70, 0x78, 0x6C, 0x66, 0x00], // 0x4B
    [0x60, 0x60, 0x60, 0x60, 0x60, 0x60, 0x7E, 0x00], // 0x4C
    [0xC6, 0xEE, 0xFE, 0xD6, 0xC6, 0xC6, 0xC6, 0x00], // 0x4D
    [0x66, 0x76, 0x7E, 0x7E, 0x6E, 0x66, 0x66, 0x00], // 0x4E
    [0x3C, 0x66, 0x66, 0x66, 0x66, 0x66, 0x3C, 0x00], // 0x4F
    [0x7C, 0x66, 0x66, 0x7C, 0x60, 0x60, 0x60, 0x00], // 0x50
    [0x3C, 0x66, 0x66, 0x66, 0x76, 0x6C, 0x36, 0x00], // 0x51
    [0x7C, 0x66, 0x66, 0x7C, 0x6C, 0x66, 0x66, 0x00], // 0x52
    [0x3C, 0x66, 0x60, 0x3C, 0x06, 0x66, 0x3C, 0x00], // 0x53
    [0x7E, 0x18, 0x18, 0x18, 0x18, 0x18, 0x18, 0x00], // 0x54
    [0x66, 0x66, 0x66, 0x66, 0x66, 0x66, 0x3E, 0x00], // 0x55
    [0x66, 0x66, 0x66, 0x66, 0x66, 0x3C, 0x18, 0x00], // 0x56
    [0xC6, 0xC6, 0xC6, 0xD6, 0xFE, 0xEE, 0xC6, 0x00], // 0x57
    [0x66, 0x66, 0x3C, 0x18, 0x3C, 0x66, 0x66, 0x00], // 0x58
    [0x66, 0x66, 0x66, 0x3C, 0x18, 0x18, 0x18, 0x00], // 0x59
    [0x7E, 0x06, 0x0C, 0x18, 0x30, 0x60, 0x7E, 0x00], // 0x5A
    [0x1E, 0x18, 0x18, 0x18, 0x18, 0x18, 0x1E, 0x00], // 0x5B
    [0x40, 0x60, 0x30, 0x18, 0x0C, 0x06, 0x02, 0x00], // 0x5C
    [0x78, 0x18, 0x18, 0x18, 0x18, 0x18, 0x78, 0x00], // 0x5D
    [0x10, 0x38, 0x6C, 0xC6, 0x00, 0x00, 0x00, 0x00], // 0x5E
    [0x00, 0x00, 0x00, 0x00, 0x00, 0x00, 0xFE, 0x00], // 0x5F
    [0x00, 0xC0, 0x60, 0x30, 0x00, 0x00, 0x00, 0x00], // 0x60
    [0x00, 0x00, 0x3C, 0x06, 0x3E, 0x66, 0x3E, 0x00], // 0x61
    [0x60, 0x60, 0x7C, 0x66, 0x66, 0x66, 0x7C, 0x00], // 0x62
    [0x00, 0x00, 0x3C, 0x60, 0x60, 0x60, 0x3C, 0x00], // 0x63
    [0x06, 0x06, 0x3E, 0x66, 0x66, 0x66, 0x3E, 0x00], // 0x64
    [0x00, 0x00, 0x3C, 0x66, 0x7E, 0x60, 0x3C, 0x00], // 0x65
    [0x1C, 0x30, 0x7C, 0x30, 0x30, 0x30, 0x30, 0x00], // 0x66
    [0x00, 0x00, 0x3E, 0x66, 0x66, 0x3E, 0x06, 0x7C], // 0x67
    [0x60, 0x60, 0x7C, 0x66, 0x66, 0x66, 0x66, 0x00], // 0x68
    [0x18, 0x00, 0x38, 0x18, 0x18, 0x18, 0x3C, 0x00], // 0x69
    [0x18, 0x00, 0x18, 0x18, 0x18, 0x18, 0x18, 0x70], // 0x6A
    [0x60, 0x60, 0x66, 0x6C, 0x78, 0x6C, 0x66, 0x00], // 0x6B
    [0x38, 0x18, 0x18, 0x18, 0x18, 0x18, 0x3C, 0x00], // 0x6C
    [0x00, 0x00, 0xEC, 0xFE, 0xD6, 0xC6, 0xC6, 0x00], // 0x6D
    [0x00, 0x00, 0x7C, 0x66, 0x66, 0x66, 0x66, 0x00], // 0x6E
    [0x00, 0x00, 0x3C, 0x66, 0x66, 0x66, 0x3C, 0x00], // 0x6F
    [0x00, 0x00, 0x7C, 0x66, 0x66, 0x66, 0x7C, 0x60], // 0x70
    [0x00, 0x00, 0x3E, 0x66, 0x66, 0x66, 0x3E, 0x06], // 0x71
    [0x00, 0x00, 0x7C, 0x66, 0x60, 0x60, 0x60, 0x00], // 0x72
    [0x00, 0x00, 0x3E, 0x60, 0x3C, 0x06, 0x7C, 0x00], // 0x73
    [0x00, 0x18, 0x7E, 0x18, 0x18, 0x18, 0x0E, 0x00], // 0x74
    [0x00, 0x00, 0x66, 0x66, 0x66, 0x66, 0x3E, 0x00], // 0x75
    [0x00, 0x00, 0x66, 0x66, 0x66, 0x3C, 0x18, 0x00], // 0x76
    [0x00, 0x00, 0xC6, 0xC6, 0xD6, 0x7C, 0x6C, 0x00], // 0x77
    [0x00, 0x00, 0x66, 0x3C, 0x18, 0x3C, 0x66, 0x00], // 0x78
    [0x00, 0x00, 0x66, 0x66, 0x66, 0x3E, 0x06, 0x7C], // 0x79
    [0x00, 0x00, 0x7E, 0x0C, 0x18, 0x30, 0x7E, 0x00], // 0x7A
    [0x0E, 0x18, 0x18, 0x30, 0x18, 0x18, 0x0E, 0x00], // 0x7B
    [0x18, 0x18, 0x18, 0x18, 0x18, 0x18, 0x18, 0x18], // 0x7C
    [0x70, 0x18, 0x18, 0x0C, 0x18, 0x18, 0x70, 0x00], // 0x7D
    [0x00, 0x60, 0xF2, 0x9E, 0x0C, 0x00, 0x00, 0x00], // 0x7E
    [0x00, 0x18, 0x18, 0x34, 0x34, 0x62, 0x7E, 0x00], // 0x7F
    [0x00, 0x3C, 0x66, 0x60, 0x66, 0x3C, 0x08, 0x38], // 0x80
    [0x66, 0x00, 0x00, 0x66, 0x66, 0x66, 0x3E, 0x00], // 0x81
    [0x0C, 0x18, 0x00, 0x3C, 0x7E, 0x60, 0x3C, 0x00], // 0x82
    [0x18, 0x66, 0x00, 0x3C, 0x06, 0x7E, 0x3E, 0x00], // 0x83
    [0x66, 0x00, 0x3C, 0x06, 0x3E, 0x66, 0x3E, 0x00], // 0x84
    [0x30, 0x18, 0x00, 0x3C, 0x06, 0x7E, 0x3E, 0x00], // 0x85
    [0x18, 0x18, 0x00, 0x3C, 0x06, 0x7E, 0x3E, 0x00], // 0x86
    [0x00, 0x00, 0x3C, 0x60, 0x60, 0x3C, 0x08, 0x18], // 0x87
    [0x18, 0x66, 0x00, 0x3C, 0x7E, 0x60, 0x3C, 0x00], // 0x88
    [0x66, 0x00, 0x3C, 0x66, 0x7E, 0x60, 0x3C, 0x00], // 0x89
    [0x30, 0x18, 0x00, 0x3C, 0x7E, 0x60, 0x3C, 0x00], // 0x8A
    [0x66, 0x00, 0x00, 0x38, 0x18, 0x18, 0x3C, 0x00], // 0x8B
    [0x18, 0x66, 0x00, 0x38, 0x18, 0x18, 0x3C, 0x00], // 0x8C
    [0x60, 0x30, 0x00, 0x38, 0x18, 0x18, 0x3C, 0x00], // 0x8D
    [0x66, 0x00, 0x18, 0x3C, 0x66, 0x7E, 0x66, 0x00], // 0x8E
    [0x18, 0x00, 0x18, 0x3C, 0x66, 0x7E, 0x66, 0x00], // 0x8F
    [0x0C, 0x18, 0x7E, 0x60, 0x7C, 0x60, 0x7E, 0x00], // 0x90
    [0x00, 0x00, 0x7E, 0x1B, 0x7F, 0xD8, 0x7E, 0x00], // 0x91
    [0x3F, 0x78, 0xD8, 0xDE, 0xF8, 0xD8, 0xDF, 0x00], // 0x92
    [0x18, 0x66, 0x00, 0x3C, 0x66, 0x66, 0x3C, 0x00], // 0x93
    [0x66, 0x00, 0x00, 0x3C, 0x66, 0x66, 0x3C, 0x00], // 0x94
    [0x30, 0x18, 0x00, 0x3C, 0x66, 0x66, 0x3C, 0x00], // 0x95
    [0x18, 0x66, 0x00, 0x66, 0x66, 0x66, 0x3E, 0x00], // 0x96
    [0x30, 0x18, 0x00, 0x66, 0x66, 0x66, 0x3E, 0x00], // 0x97
    [0x66, 0x00, 0x66, 0x66, 0x66, 0x3E, 0x06, 0x7C], // 0x98
    [0x66, 0x00, 0x3C, 0x66, 0x66, 0x66, 0x3C, 0x00], // 0x99
    [0x66, 0x00, 0x66, 0x66, 0x66, 0x66, 0x3E, 0x00], // 0x9A
    [0x18, 0x18, 0x3C, 0x60, 0x60, 0x3C, 0x18, 0x18], // 0x9B
    [0x1C, 0x3A, 0x30, 0x7C, 0x30, 0x30, 0x7E, 0x00], // 0x9C
    [0x66, 0x66, 0x3C, 0x18, 0x3C, 0x18, 0x18, 0x00], // 0x9D
    [0x1C, 0x36, 0x66, 0x7C, 0x66, 0x66, 0x7C, 0x60], // 0x9E
    [0x1E, 0x30, 0x7C, 0x30, 0x30, 0x30, 0x60, 0x00], // 0x9F
    [0x0C, 0x18, 0x00, 0x3C, 0x06, 0x7E, 0x3E, 0x00], // 0xA0
    [0x0C, 0x18, 0x00, 0x38, 0x18, 0x18, 0x3C, 0x00], // 0xA1
    [0x0C, 0x18, 0x00, 0x3C, 0x66, 0x66, 0x3C, 0x00], // 0xA2
    [0x0C, 0x18, 0x00, 0x66, 0x66, 0x66, 0x3E, 0x00], // 0xA3
    [0x34, 0x58, 0x00, 0x7C, 0x66, 0x66, 0x66, 0x00], // 0xA4
    [0x34, 0x58, 0x00, 0x66, 0x76, 0x6E, 0x66, 0x00], // 0xA5
    [0x00, 0x3C, 0x06, 0x3E, 0x66, 0x3E, 0x00, 0x3C], // 0xA6
    [0x00, 0x3C, 0x66, 0x66, 0x66, 0x3C, 0x00, 0x3C], // 0xA7
    [0x00, 0x18, 0x00, 0x18, 0x30, 0x60, 0x66, 0x3C], // 0xA8
    [0x00, 0x00, 0x00, 0x3E, 0x30, 0x30, 0x30, 0x00], // 0xA9
    [0x00, 0x00, 0x00, 0x7C, 0x0C, 0x0C, 0x0C, 0x00], // 0xAA
    [0xC6, 0xCC, 0xD8, 0x36, 0x6B, 0xC3, 0x86, 0x0F], // 0xAB
    [0xC6, 0xCC, 0xD8, 0x36, 0x6E, 0xD6, 0x9F, 0x06], // 0xAC
    [0x00, 0x18, 0x00, 0x18, 0x18, 0x18, 0x18, 0x18], // 0xAD
    [0x1B, 0x36, 0x6C, 0xD8, 0x6C, 0x36, 0x1B, 0x00], // 0xAE
    [0xD8, 0x6C, 0x36, 0x1B, 0x36, 0x6C, 0xD8, 0x00], // 0xAF
    [0x34, 0x58, 0x00, 0x3C, 0x06, 0x7E, 0x3E, 0x00], // 0xB0
    [0x34, 0x58, 0x00, 0x3C, 0x66, 0x66, 0x3C, 0x00], // 0xB1
    [0x02, 0x3C, 0x66, 0x6E, 0x76, 0x66, 0x3C, 0x40], // 0xB2
    [0x00, 0x02, 0x3C, 0x6E, 0x76, 0x66, 0x3C, 0x40], // 0xB3
    [0x00, 0x00, 0x7E, 0xDB, 0xDF, 0xD8, 0x7E, 0x00], // 0xB4
    [0x7F, 0xD8, 0xD8, 0xDE, 0xD8, 0xD8, 0x7F, 0x00], // 0xB5
    [0x30, 0x18, 0x00, 0x18, 0x3C, 0x66, 0x7E, 0x66], // 0xB6
    [0x34, 0x58, 0x00, 0x18, 0x3C, 0x66, 0x7E, 0x66], // 0xB7
    [0x34, 0x58, 0x3C, 0x66, 0x66, 0x66, 0x66, 0x3C], // 0xB8
    [0x66, 0x00, 0x00, 0x00, 0x00, 0x00, 0x00, 0x00], // 0xB9
    [0x0C, 0x18, 0x30, 0x00, 0x00, 0x00, 0x00, 0x00], // 0xBA
    [0x00, 0x10, 0x38, 0x10, 0x10, 0x10, 0x00, 0x00], // 0xBB
    [0x7A, 0xCA, 0xCA, 0xCA, 0x7A, 0x0A, 0x0A, 0x0A], // 0xBC
    [0x7E, 0xC3, 0xBD, 0xB1, 0xB1, 0xBD, 0xC3, 0x7E], // 0xBD
    [0x7E, 0xC3, 0xBD, 0xA5, 0xB9, 0xAD, 0xC3, 0x7E], // 0xBE
    [0xF1, 0x5B, 0x5F, 0x55, 0x51, 0x00, 0x00, 0x00], // 0xBF
    [0x66, 0x00, 0xE6, 0x66, 0x66, 0xF6, 0x06, 0x1C], // 0xC0
    [0xF6, 0x66, 0x66, 0x66, 0x66, 0xF6, 0x06, 0x1C], // 0xC1
    [0x00, 0x66, 0x76, 0x3C, 0x6E, 0x66, 0x00, 0x00], // 0xC2
    [0x00, 0x7C, 0x0C, 0x0C, 0x0C, 0x7E, 0x00, 0x00], // 0xC3
    [0x00, 0x1E, 0x06, 0x0E, 0x1E, 0x36, 0x00, 0x00], // 0xC4
    [0x00, 0x7E, 0x0C, 0x0C, 0x0C, 0x0C, 0x00, 0x00], // 0xC5
    [0x00, 0x7C, 0x06, 0x66, 0x66, 0x66, 0x00, 0x00], // 0xC6
    [0x00, 0x1C, 0x0C, 0x0C, 0x0C, 0x0C, 0x00, 0x00], // 0xC7
    [0x00, 0x1E, 0x0C, 0x06, 0x06, 0x06, 0x00, 0x00], // 0xC8
    [0x00, 0x7E, 0x36, 0x36, 0x36, 0x36, 0x00, 0x00], // 0xC9
    [0x60, 0x6E, 0x66, 0x66, 0x66, 0x7E, 0x00, 0x00], // 0xCA
    [0x00, 0x3C, 0x0C, 0x0C, 0x00, 0x00, 0x00, 0x00], // 0xCB
    [0x00, 0x3E, 0x06, 0x06, 0x06, 0x3E, 0x00, 0x00], // 0xCC
    [0x60, 0x7E, 0x06, 0x06, 0x06, 0x0E, 0x00, 0x00], // 0xCD
    [0x00, 0x6C, 0x3E, 0x66, 0x66, 0x6E, 0x00, 0x00], // 0xCE
    [0x00, 0x1C, 0x0C, 0x0C, 0x0C, 0x3C, 0x00, 0x00], // 0xCF
    [0x00, 0x3E, 0x36, 0x36, 0x36, 0x1C, 0x00, 0x00], // 0xD0
    [0x00, 0x36, 0x36, 0x36, 0x36, 0x7E, 0x00, 0x00], // 0xD1
    [0x00, 0x7E, 0x66, 0x76, 0x06, 0x7E, 0x00, 0x00], // 0xD2
    [0x00, 0x66, 0x66, 0x3C, 0x0E, 0x7E, 0x00, 0x00], // 0xD3
    [0x00, 0x3E, 0x06, 0x36, 0x36, 0x34, 0x30, 0x00], // 0xD4
    [0x00, 0x78, 0x0C, 0x0C, 0x0C, 0x0C, 0x00, 0x00], // 0xD5
    [0x00, 0xD6, 0xD6, 0xD6, 0xD6, 0xFE, 0x00, 0x00], // 0xD6
    [0x00, 0x7C, 0x6C, 0x6C, 0x6C, 0xEC, 0x00, 0x00], // 0xD7
    [0x00, 0x1C, 0x0C, 0x0C, 0x0C, 0x0C, 0x0C, 0x00], // 0xD8
    [0x00, 0x3E, 0x06, 0x06, 0x06, 0x06, 0x06, 0x00], // 0xD9
    [0x00, 0xFE, 0x66, 0x66, 0x66, 0x7E, 0x00, 0x00], // 0xDA
    [0x00, 0x7E, 0x66, 0x76, 0x06, 0x06, 0x06, 0x00], // 0xDB
    [0x00, 0x36, 0x36, 0x1C, 0x0C, 0x0C, 0x0C, 0x00], // 0xDC
    [0x0E, 0x1B, 0x3C, 0x66, 0x66, 0x3C, 0xD8, 0x70], // 0xDD
    [0x00, 0x10, 0x38, 0x6C, 0xC6, 0x82, 0x00, 0x00], // 0xDE
    [0x66, 0xF7, 0x99, 0x99, 0xEF, 0x66, 0x00, 0x00], // 0xDF
    [0x00, 0x00, 0x76, 0xDC, 0xC8, 0xDC, 0x76, 0x00], // 0xE0
    [0x1C, 0x36, 0x66, 0x7C, 0x66, 0x66, 0x7C, 0x60], // 0xE1
    [0x00, 0xFE, 0x66, 0x62, 0x60, 0x60, 0x60, 0xF8], // 0xE2
    [0x00, 0x00, 0xFE, 0x6C, 0x6C, 0x6C, 0x6C, 0x48], // 0xE3
    [0xFE, 0x66, 0x30, 0x18, 0x30, 0x66, 0xFE, 0x00], // 0xE4
    [0x00, 0x1E, 0x38, 0x6C, 0x6C, 0x6C, 0x38, 0x00], // 0xE5
    [0x00, 0x00, 0x6C, 0x6C, 0x6C, 0x6C, 0x7F, 0xC0], // 0xE6
    [0x00, 0x00, 0x7E, 0x18, 0x18, 0x18, 0x18, 0x10], // 0xE7
    [0x3C, 0x18, 0x3C, 0x66, 0x66, 0x3C, 0x18, 0x3C], // 0xE8
    [0x00, 0x3C, 0x66, 0x7E, 0x66, 0x66, 0x3C, 0x00], // 0xE9
    [0x00, 0x3C, 0x66, 0x66, 0x66, 0x24, 0x66, 0x00], // 0xEA
    [0x1C, 0x36, 0x78, 0xDC, 0xCC, 0xEC, 0x78, 0x00], // 0xEB
    [0x0C, 0x18, 0x38, 0x54, 0x54, 0x38, 0x30, 0x60], // 0xEC
    [0x00, 0x10, 0x7C, 0xD6, 0xD6, 0xD6, 0x7C, 0x10], // 0xED
    [0x3E, 0x70, 0x60, 0x7E, 0x60, 0x70, 0x3E, 0x00], // 0xEE
    [0x3C, 0x66, 0x66, 0x66, 0x66, 0x66, 0x66, 0x00], // 0xEF
    [0x00, 0x7E, 0x00, 0x7E, 0x00, 0x7E, 0x00, 0x00], // 0xF0
    [0x18, 0x18, 0x7E, 0x18, 0x18, 0x00, 0x7E, 0x00], // 0xF1
    [0x30, 0x18, 0x0C, 0x18, 0x30, 0x00, 0x7E, 0x00], // 0xF2
    [0x0C, 0x18, 0x30, 0x18, 0x0C, 0x00, 0x7E, 0x00], // 0xF3
    [0x00, 0x0E, 0x1B, 0x1B, 0x18, 0x18, 0x18, 0x18], // 0xF4
    [0x18, 0x18, 0x18, 0x18, 0xD8, 0xD8, 0x70, 0x00], // 0xF5
    [0x18, 0x18, 0x00, 0x7E, 0x00, 0x18, 0x18, 0x00], // 0xF6
    [0x00, 0x32, 0x4C, 0x00, 0x32, 0x4C, 0x00, 0x00], // 0xF7
    [0x38, 0x6C, 0x38, 0x00, 0x00, 0x00, 0x00, 0x00], // 0xF8
    [0x38, 0x7C, 0x38, 0x00, 0x00, 0x00, 0x00, 0x00], // 0xF9
    [0x00, 0x00, 0x00, 0x00, 0x18, 0x18, 0x00, 0x00], // 0xFA
    [0x00, 0x00, 0x0F, 0x18, 0xD8, 0x70, 0x30, 0x00], // 0xFB
    [0x38, 0x6C, 0x6C, 0x6C, 0x6C, 0x00, 0x00, 0x00], // 0xFC
    [0x38, 0x6C, 0x18, 0x30, 0x7C, 0x00, 0x00, 0x00], // 0xFD
    [0x78, 0x0C, 0x38, 0x0C, 0x78, 0x00, 0x00, 0x00], // 0xFE
    [0x00, 0xFE, 0x00, 0x00, 0x00, 0x00, 0x00, 0x00], // 0xFF
];

pub const FUJITSU_FM7: Font = [
    [0x00, 0x00, 0x00, 0x00, 0x00, 0x00, 0x00, 0x00], // 0x00
    [0x70, 0x40, 0x70, 0x1A, 0x7A, 0x0E, 0x0A, 0x0A], // 0x01
    [0x70, 0x40, 0x70, 0x12, 0x74, 0x08, 0x14, 0x22], // 0x02
    [0x70, 0x40, 0x70, 0x42, 0x74, 0x08, 0x14, 0x22], // 0x03
    [0x70, 0x40, 0x70, 0x40, 0x7E, 0x04, 0x04, 0x04], // 0x04
    [0xE0, 0x80, 0xE0, 0x8C, 0xF2, 0x12, 0x12, 0x0D], // 0x05
    [0x20, 0x50, 0x70, 0x52, 0x54, 0x18, 0x14, 0x12], // 0x06
    [0x70, 0x48, 0x70, 0x4C, 0x74, 0x04, 0x04, 0x07], // 0x07
    [0x70, 0x48, 0x70, 0x4F, 0x74, 0x07, 0x01, 0x07], // 0x08
    [0x50, 0x50, 0x70, 0x50, 0x5E, 0x04, 0x04, 0x04], // 0x09
    [0x40, 0x40, 0x40, 0x4E, 0x78, 0x0C, 0x08, 0x08], // 0x0A
    [0x50, 0x50, 0x70, 0x50, 0x51, 0x1B, 0x15, 0x11], // 0x0B
    [0x38, 0x40, 0x40, 0x38, 0x08, 0x08, 0x08, 0x0E], // 0x0C
    [0x38, 0x40, 0x40, 0x3E, 0x09, 0x0E, 0x0A, 0x09], // 0x0D
    [0x70, 0x40, 0x70, 0x10, 0x7C, 0x12, 0x12, 0x0C], // 0x0E
    [0x70, 0x40, 0x70, 0x10, 0x7E, 0x04, 0x04, 0x0E], // 0x0F
    [0x70, 0x48, 0x48, 0x7E, 0x08, 0x0E, 0x08, 0x0E], // 0x10
    [0x70, 0x48, 0x4A, 0x76, 0x02, 0x02, 0x07, 0x00], // 0x11
    [0x70, 0x48, 0x4E, 0x71, 0x06, 0x08, 0x0F, 0x00], // 0x12
    [0x70, 0x48, 0x4F, 0x71, 0x07, 0x01, 0x0F, 0x00], // 0x13
    [0x70, 0x48, 0x4A, 0x76, 0x0A, 0x1F, 0x02, 0x00], // 0x14
    [0x48, 0x68, 0x58, 0x49, 0x0A, 0x0C, 0x0A, 0x09], // 0x15
    [0x70, 0x40, 0x70, 0x10, 0x79, 0x0D, 0x0B, 0x09], // 0x16
    [0x70, 0x40, 0x70, 0x4E, 0x79, 0x0E, 0x09, 0x0E], // 0x17
    [0x38, 0x40, 0x40, 0x38, 0x09, 0x0D, 0x0B, 0x09], // 0x18
    [0x70, 0x40, 0x70, 0x40, 0x71, 0x1B, 0x15, 0x11], // 0x19
    [0x70, 0x40, 0x70, 0x1C, 0x72, 0x1C, 0x12, 0x1C], // 0x1A
    [0x70, 0x40, 0x70, 0x40, 0x7E, 0x10, 0x10, 0x0E], // 0x1B
    [0x00, 0x08, 0x04, 0x7E, 0x04, 0x08, 0x00, 0x00], // 0x1C
    [0x00, 0x10, 0x20, 0x7E, 0x20, 0x10, 0x00, 0x00], // 0x1D
    [0x00, 0x08, 0x1C, 0x2A, 0x08, 0x08, 0x08, 0x00], // 0x1E
    [0x00, 0x08, 0x08, 0x08, 0x2A, 0x1C, 0x08, 0x00], // 0x1F
    [0x00, 0x00, 0x00, 0x00, 0x00, 0x00, 0x00, 0x00], // 0x20
    [0x08, 0x08, 0x08, 0x08, 0x00, 0x00, 0x08, 0x00], // 0x21
    [0x24, 0x24, 0x24, 0x00, 0x00, 0x00, 0x00, 0x00], // 0x22
    [0x24, 0x24, 0x7E, 0x24, 0x7E, 0x24, 0x24, 0x00], // 0x23
    [0x08, 0x1E, 0x28, 0x1C, 0x0A, 0x3C, 0x08, 0x00], // 0x24
    [0x00, 0x62, 0x64, 0x08, 0x10, 0x26, 0x46, 0x00], // 0x25
    [0x30, 0x48, 0x48, 0x30, 0x4A, 0x44, 0x3A, 0x00], // 0x26
    [0x04, 0x08, 0x10, 0x00, 0x00, 0x00, 0x00, 0x00], // 0x27
    [0x04, 0x08, 0x10, 0x10, 0x10, 0x08, 0x04, 0x00], // 0x28
    [0x20, 0x10, 0x08, 0x08, 0x08, 0x10, 0x20, 0x00], // 0x29
    [0x08, 0x2A, 0x1C, 0x3E, 0x1C, 0x2A, 0x08, 0x00], // 0x2A
    [0x00, 0x08, 0x08, 0x3E, 0x08, 0x08, 0x00, 0x00], // 0x2B
    [0x00, 0x00, 0x00, 0x00, 0x08, 0x08, 0x10, 0x00], // 0x2C
    [0x00, 0x00, 0x00, 0x7E, 0x00, 0x00, 0x00, 0x00], // 0x2D
    [0x00, 0x00, 0x00, 0x00, 0x00, 0x18, 0x18, 0x00], // 0x2E
    [0x00, 0x02, 0x04, 0x08, 0x10, 0x20, 0x40, 0x00], // 0x2F
    [0x3C, 0x42, 0x46, 0x5A, 0x62, 0x42, 0x3C, 0x00], // 0x30
    [0x08, 0x18, 0x28, 0x08, 0x08, 0x08, 0x3E, 0x00], // 0x31
    [0x3C, 0x42, 0x02, 0x1C, 0x20, 0x40, 0x7E, 0x00], // 0x32
    [0x3C, 0x42, 0x02, 0x0C, 0x02, 0x42, 0x3C, 0x00], // 0x33
    [0x04, 0x0C, 0x14, 0x24, 0x7E, 0x04, 0x04, 0x00], // 0x34
    [0x7E, 0x40, 0x7C, 0x02, 0x02, 0x42, 0x3C, 0x00], // 0x35
    [0x1C, 0x20, 0x40, 0x7C, 0x42, 0x42, 0x3C, 0x00], // 0x36
    [0x7F, 0x42, 0x04, 0x08, 0x10, 0x10, 0x10, 0x00], // 0x37
    [0x3C, 0x42, 0x42, 0x3C, 0x42, 0x42, 0x3C, 0x00], // 0x38
    [0x3C, 0x42, 0x42, 0x3E, 0x02, 0x04, 0x38, 0x00], // 0x39
    [0x00, 0x00, 0x08, 0x00, 0x00, 0x08, 0x00, 0x00], // 0x3A
    [0x00, 0x00, 0x08, 0x00, 0x08, 0x08, 0x10, 0x00], // 0x3B
    [0x08, 0x10, 0x20, 0x40, 0x20, 0x10, 0x08, 0x00], // 0x3C
    [0x00, 0x00, 0x7E, 0x00, 0x7E, 0x00, 0x00, 0x00], // 0x3D
    [0x10, 0x08, 0x04, 0x02, 0x04, 0x08, 0x10, 0x00], // 0x3E
    [0x3C, 0x42, 0x02, 0x0C, 0x10, 0x00, 0x10, 0x00], // 0x3F
    [0x1C, 0x22, 0x4A, 0x56, 0x4C, 0x20, 0x1E, 0x00], // 0x40
    [0x18, 0x24, 0x42, 0x7E, 0x42, 0x42, 0x42, 0x00], // 0x41
    [0x7C, 0x22, 0x22, 0x3C, 0x22, 0x22, 0x7C, 0x00], // 0x42
    [0x1C, 0x22, 0x40, 0x40, 0x40, 0x22, 0x1C, 0x00], // 0x43
    [0x78, 0x24, 0x22, 0x22, 0x22, 0x24, 0x78, 0x00], // 0x44
    [0x7E, 0x40, 0x40, 0x78, 0x40, 0x40, 0x7E, 0x00], // 0x45
    [0x7E, 0x40, 0x40, 0x78, 0x40, 0x40, 0x40, 0x00], // 0x46
    [0x1C, 0x22, 0x40, 0x40, 0x4E, 0x22, 0x1C, 0x00], // 0x47
    [0x42, 0x42, 0x42, 0x7E, 0x42, 0x42, 0x42, 0x00], // 0x48
    [0x1C, 0x08, 0x08, 0x08, 0x08, 0x08, 0x1C, 0x00], // 0x49
    [0x0E, 0x04, 0x04, 0x04, 0x04, 0x44, 0x38, 0x00], // 0x4A
    [0x42, 0x44, 0x48, 0x70, 0x48, 0x44, 0x42, 0x00], // 0x4B
    [0x40, 0x40, 0x40, 0x40, 0x40, 0x40, 0x7E, 0x00], // 0x4C
    [0x42, 0x66, 0x5A, 0x5A, 0x42, 0x42, 0x42, 0x00], // 0x4D
    [0x42, 0x62, 0x52, 0x4A, 0x46, 0x42, 0x42, 0x00], // 0x4E
    [0x3C, 0x42, 0x42, 0x42, 0x42, 0x42, 0x3C, 0x00], // 0x4F
    [0x7C, 0x42, 0x42, 0x7C, 0x40, 0x40, 0x40, 0x00], // 0x50
    [0x3C, 0x42, 0x42, 0x42, 0x4A, 0x44, 0x3A, 0x00], // 0x51
    [0x7C, 0x42, 0x42, 0x7C, 0x48, 0x44, 0x42, 0x00], // 0x52
    [0x3C, 0x42, 0x40, 0x3C, 0x02, 0x42, 0x3C, 0x00], // 0x53
    [0x3E, 0x08, 0x08, 0x08, 0x08, 0x08, 0x08, 0x00], // 0x54
    [0x42, 0x42, 0x42, 0x42, 0x42, 0x42, 0x3C, 0x00], // 0x55
    [0x42, 0x42, 0x42, 0x24, 0x24, 0x18, 0x18, 0x00], // 0x56
    [0x42, 0x42, 0x42, 0x5A, 0x5A, 0x66, 0x42, 0x00], // 0x57
    [0x42, 0x42, 0x24, 0x18, 0x24, 0x42, 0x42, 0x00], // 0x58
    [0x22, 0x22, 0x22, 0x1C, 0x08, 0x08, 0x08, 0x00], // 0x59
    [0x7E, 0x02, 0x04, 0x18, 0x20, 0x40, 0x7E, 0x00], // 0x5A
    [0x3C, 0x20, 0x20, 0x20, 0x20, 0x20, 0x3C, 0x00], // 0x5B
    [0x22, 0x22, 0x14, 0x3E, 0x08, 0x3E, 0x08, 0x00], // 0x5C
    [0x3C, 0x04, 0x04, 0x04, 0x04, 0x04, 0x3C, 0x00], // 0x5D
    [0x08, 0x14, 0x22, 0x00, 0x00, 0x00, 0x00, 0x00], // 0x5E
    [0x00, 0x00, 0x00, 0x00, 0x00, 0x00, 0x7E, 0x00], // 0x5F
    [0x20, 0x10, 0x08, 0x00, 0x00, 0x00, 0x00, 0x00], // 0x60
    [0x00, 0x00, 0x3C, 0x04, 0x3C, 0x44, 0x3A, 0x00], // 0x61
    [0x40, 0x40, 0x5C, 0x62, 0x42, 0x62, 0x5C, 0x00], // 0x62
    [0x00, 0x00, 0x3C, 0x42, 0x40, 0x42, 0x3C, 0x00], // 0x63
    [0x02, 0x02, 0x3A, 0x46, 0x42, 0x46, 0x3A, 0x00], // 0x64
    [0x00, 0x00, 0x3C, 0x42, 0x7E, 0x40, 0x3C, 0x00], // 0x65
    [0x0C, 0x12, 0x10, 0x7C, 0x10, 0x10, 0x10, 0x00], // 0x66
    [0x00, 0x00, 0x34, 0x4C, 0x4C, 0x34, 0x04, 0x38], // 0x67
    [0x40, 0x40, 0x5C, 0x62, 0x42, 0x42, 0x42, 0x00], // 0x68
    [0x08, 0x00, 0x18, 0x08, 0x08, 0x08, 0x1C, 0x00], // 0x69
    [0x08, 0x00, 0x18, 0x08, 0x08, 0x08, 0x48, 0x30], // 0x6A
    [0x40, 0x40, 0x44, 0x48, 0x50, 0x68, 0x44, 0x00], // 0x6B
    [0x18, 0x08, 0x08, 0x08, 0x08, 0x08, 0x1C, 0x00], // 0x6C
    [0x00, 0x00, 0x77, 0x49, 0x49, 0x49, 0x49, 0x00], // 0x6D
    [0x00, 0x00, 0x5C, 0x62, 0x42, 0x42, 0x42, 0x00], // 0x6E
    [0x00, 0x00, 0x3C, 0x42, 0x42, 0x42, 0x3C, 0x00], // 0x6F
    [0x00, 0x00, 0x5C, 0x62, 0x62, 0x5C, 0x40, 0x40], // 0x70
    [0x00, 0x00, 0x3A, 0x46, 0x46, 0x3A, 0x02, 0x02], // 0x71
    [0x00, 0x00, 0x5C, 0x62, 0x40, 0x40, 0x40, 0x00], // 0x72
    [0x00, 0x00, 0x3E, 0x40, 0x3C, 0x02, 0x7C, 0x00], // 0x73
    [0x10, 0x10, 0x7C, 0x10, 0x10, 0x12, 0x0C, 0x00], // 0x74
    [0x00, 0x00, 0x42, 0x42, 0x42, 0x46, 0x3A, 0x00], // 0x75
    [0x00, 0x00, 0x42, 0x42, 0x42, 0x24, 0x18, 0x00], // 0x76
    [0x00, 0x00, 0x49, 0x49, 0x49, 0x49, 0x36, 0x00], // 0x77
    [0x00, 0x00, 0x42, 0x24, 0x18, 0x24, 0x42, 0x00], // 0x78
    [0x00, 0x00, 0x42, 0x42, 0x46, 0x3A, 0x02, 0x3C], // 0x79
    [0x00, 0x00, 0x7E, 0x04, 0x18, 0x20, 0x7E, 0x00], // 0x7A
    [0x0E, 0x10, 0x10, 0x20, 0x10, 0x10, 0x0E, 0x00], // 0x7B
    [0x00, 0x08, 0x08, 0x08, 0x08, 0x08, 0x08, 0x00], // 0x7C
    [0x70, 0x08, 0x08, 0x04, 0x08, 0x08, 0x70, 0x00], // 0x7D
    [0x7E, 0x00, 0x00, 0x00, 0x00, 0x00, 0x00, 0x00], // 0x7E
    [0x70, 0x48, 0x48, 0x78, 0x08, 0x08, 0x08, 0x0E], // 0x7F
    [0x00, 0x00, 0x00, 0x00, 0x00, 0x00, 0x00, 0xFF], // 0x80
    [0x00, 0x00, 0x00, 0x00, 0x00, 0x00, 0xFF, 0xFF], // 0x81
    [0x00, 0x00, 0x00, 0x00, 0x00, 0xFF, 0xFF, 0xFF], // 0x82
    [0x00, 0x00, 0x00, 0x00, 0xFF, 0xFF, 0xFF, 0xFF], // 0x83
    [0x00, 0x00, 0x00, 0xFF, 0xFF, 0xFF, 0xFF, 0xFF], // 0x84
    [0x00, 0x00, 0xFF, 0xFF, 0xFF, 0xFF, 0xFF, 0xFF], // 0x85
    [0x00, 0xFF, 0xFF, 0xFF, 0xFF, 0xFF, 0xFF, 0xFF], // 0x86
    [0xFF, 0xFF, 0xFF, 0xFF, 0xFF, 0xFF, 0xFF, 0xFF], // 0x87
    [0x80, 0x80, 0x80, 0x80, 0x80, 0x80, 0x80, 0x80], // 0x88
    [0xC0, 0xC0, 0xC0, 0xC0, 0xC0, 0xC0, 0xC0, 0xC0], // 0x89
    [0xE0, 0xE0, 0xE0, 0xE0, 0xE0, 0xE0, 0xE0, 0xE0], // 0x8A
    [0xF0, 0xF0, 0xF0, 0xF0, 0xF0, 0xF0, 0xF0, 0xF0], // 0x8B
    [0xF8, 0xF8, 0xF8, 0xF8, 0xF8, 0xF8, 0xF8, 0xF8], // 0x8C
    [0xFC, 0xFC, 0xFC, 0xFC, 0xFC, 0xFC, 0xFC, 0xFC], // 0x8D
    [0xFE, 0xFE, 0xFE, 0xFE, 0xFE, 0xFE, 0xFE, 0xFE], // 0x8E
    [0x08, 0x08, 0x08, 0x08, 0xFF, 0x08, 0x08, 0x08], // 0x8F
    [0x08, 0x08, 0x08, 0x08, 0xFF, 0x00, 0x00, 0x00], // 0x90
    [0x00, 0x00, 0x00, 0x00, 0xFF, 0x08, 0x08, 0x08], // 0x91
    [0x08, 0x08, 0x08, 0x08, 0xF8, 0x08, 0x08, 0x08], // 0x92
    [0x08, 0x08, 0x08, 0x08, 0x0F, 0x08, 0x08, 0x08], // 0x93
    [0xFF, 0x00, 0x00, 0x00, 0x00, 0x00, 0x00, 0x00], // 0x94
    [0x00, 0x00, 0x00, 0x00, 0xFF, 0x00, 0x00, 0x00], // 0x95
    [0x08, 0x08, 0x08, 0x08, 0x08, 0x08, 0x08, 0x08], // 0x96
    [0x01, 0x01, 0x01, 0x01, 0x01, 0x01, 0x01, 0x01], // 0x97
    [0x00, 0x00, 0x00, 0x00, 0x0F, 0x08, 0x08, 0x08], // 0x98
    [0x00, 0x00, 0x00, 0x00, 0xF8, 0x08, 0x08, 0x08], // 0x99
    [0x08, 0x08, 0x08, 0x08, 0x0F, 0x00, 0x00, 0x00], // 0x9A
    [0x08, 0x08, 0x08, 0x08, 0xF8, 0x00, 0x00, 0x00], // 0x9B
    [0x00, 0x00, 0x00, 0x00, 0x03, 0x04, 0x08, 0x08], // 0x9C
    [0x00, 0x00, 0x00, 0x00, 0xE0, 0x10, 0x08, 0x08], // 0x9D
    [0x08, 0x08, 0x08, 0x04, 0x03, 0x00, 0x00, 0x00], // 0x9E
    [0x08, 0x08, 0x08, 0x10, 0xE0, 0x00, 0x00, 0x00], // 0x9F
    [0x00, 0x00, 0x00, 0x00, 0x00, 0x00, 0x00, 0x00], // 0xA0
    [0x00, 0x00, 0x00, 0x00, 0x38, 0x28, 0x38, 0x00], // 0xA1
    [0x1C, 0x10, 0x10, 0x10, 0x00, 0x00, 0x00, 0x00], // 0xA2
    [0x00, 0x00, 0x00, 0x08, 0x08, 0x08, 0x38, 0x00], // 0xA3
    [0x00, 0x00, 0x00, 0x00, 0x20, 0x10, 0x08, 0x00], // 0xA4
    [0x00, 0x00, 0x00, 0x18, 0x18, 0x00, 0x00, 0x00], // 0xA5
    [0x00, 0x7E, 0x02, 0x7E, 0x02, 0x04, 0x38, 0x00], // 0xA6
    [0x00, 0x00, 0x3E, 0x02, 0x0C, 0x08, 0x10, 0x00], // 0xA7
    [0x00, 0x00, 0x04, 0x08, 0x18, 0x28, 0x08, 0x00], // 0xA8
    [0x00, 0x00, 0x08, 0x3E, 0x22, 0x02, 0x0C, 0x00], // 0xA9
    [0x00, 0x00, 0x00, 0x3E, 0x08, 0x08, 0x3E, 0x00], // 0xAA
    [0x00, 0x00, 0x04, 0x3E, 0x0C, 0x14, 0x24, 0x00], // 0xAB
    [0x00, 0x00, 0x10, 0x3E, 0x12, 0x14, 0x10, 0x00], // 0xAC
    [0x00, 0x00, 0x00, 0x1C, 0x04, 0x04, 0x3E, 0x00], // 0xAD
    [0x00, 0x00, 0x3E, 0x02, 0x3E, 0x02, 0x3E, 0x00], // 0xAE
    [0x00, 0x00, 0x00, 0x2A, 0x2A, 0x02, 0x0C, 0x00], // 0xAF
    [0x00, 0x00, 0x00, 0x3E, 0x00, 0x00, 0x00, 0x00], // 0xB0
    [0x7E, 0x02, 0x12, 0x14, 0x10, 0x10, 0x20, 0x00], // 0xB1
    [0x02, 0x04, 0x08, 0x18, 0x28, 0x48, 0x08, 0x00], // 0xB2
    [0x08, 0x7E, 0x42, 0x42, 0x02, 0x04, 0x38, 0x00], // 0xB3
    [0x00, 0x3E, 0x08, 0x08, 0x08, 0x08, 0x3E, 0x00], // 0xB4
    [0x08, 0x7E, 0x08, 0x18, 0x28, 0x48, 0x08, 0x00], // 0xB5
    [0x10, 0x7E, 0x12, 0x12, 0x12, 0x12, 0x24, 0x00], // 0xB6
    [0x08, 0x3E, 0x08, 0x3E, 0x08, 0x08, 0x08, 0x00], // 0xB7
    [0x1E, 0x22, 0x42, 0x04, 0x08, 0x10, 0x60, 0x00], // 0xB8
    [0x20, 0x3E, 0x44, 0x04, 0x04, 0x08, 0x10, 0x00], // 0xB9
    [0x00, 0x7E, 0x02, 0x02, 0x02, 0x02, 0x7E, 0x00], // 0xBA
    [0x24, 0x7E, 0x24, 0x24, 0x04, 0x08, 0x10, 0x00], // 0xBB
    [0x00, 0x70, 0x00, 0x72, 0x02, 0x04, 0x78, 0x00], // 0xBC
    [0x7E, 0x02, 0x04, 0x08, 0x18, 0x24, 0x42, 0x00], // 0xBD
    [0x20, 0x7E, 0x22, 0x24, 0x20, 0x20, 0x1E, 0x00], // 0xBE
    [0x42, 0x42, 0x22, 0x02, 0x04, 0x08, 0x30, 0x00], // 0xBF
    [0x1E, 0x22, 0x52, 0x0C, 0x08, 0x10, 0x60, 0x00], // 0xC0
    [0x04, 0x38, 0x08, 0x7E, 0x08, 0x08, 0x70, 0x00], // 0xC1
    [0x00, 0x52, 0x52, 0x52, 0x04, 0x08, 0x70, 0x00], // 0xC2
    [0x3C, 0x00, 0x7E, 0x08, 0x08, 0x10, 0x20, 0x00], // 0xC3
    [0x10, 0x10, 0x10, 0x18, 0x14, 0x10, 0x10, 0x00], // 0xC4
    [0x08, 0x08, 0x7E, 0x08, 0x08, 0x10, 0x20, 0x00], // 0xC5
    [0x00, 0x3C, 0x00, 0x00, 0x00, 0x00, 0x7E, 0x00], // 0xC6
    [0x00, 0x3E, 0x02, 0x14, 0x08, 0x14, 0x20, 0x00], // 0xC7
    [0x08, 0x3E, 0x04, 0x08, 0x1C, 0x2A, 0x08, 0x00], // 0xC8
    [0x02, 0x02, 0x02, 0x04, 0x08, 0x10, 0x20, 0x00], // 0xC9
    [0x10, 0x08, 0x04, 0x42, 0x42, 0x42, 0x42, 0x00], // 0xCA
    [0x40, 0x40, 0x7E, 0x40, 0x40, 0x40, 0x3E, 0x00], // 0xCB
    [0x00, 0x7E, 0x02, 0x02, 0x04, 0x08, 0x30, 0x00], // 0xCC
    [0x00, 0x10, 0x28, 0x44, 0x02, 0x02, 0x00, 0x00], // 0xCD
    [0x08, 0x3E, 0x08, 0x08, 0x2A, 0x2A, 0x08, 0x00], // 0xCE
    [0x7E, 0x02, 0x02, 0x04, 0x28, 0x10, 0x08, 0x00], // 0xCF
    [0x00, 0x3C, 0x00, 0x3C, 0x00, 0x7C, 0x02, 0x00], // 0xD0
    [0x04, 0x08, 0x10, 0x20, 0x48, 0x7C, 0x02, 0x00], // 0xD1
    [0x00, 0x02, 0x02, 0x14, 0x08, 0x14, 0x60, 0x00], // 0xD2
    [0x00, 0x7E, 0x10, 0x7E, 0x10, 0x10, 0x1E, 0x00], // 0xD3
    [0x20, 0x20, 0x7E, 0x22, 0x24, 0x20, 0x20, 0x00], // 0xD4
    [0x00, 0x38, 0x08, 0x08, 0x08, 0x08, 0x7E, 0x00], // 0xD5
    [0x7E, 0x02, 0x02, 0x7E, 0x02, 0x02, 0x7E, 0x00], // 0xD6
    [0x3C, 0x00, 0x7E, 0x02, 0x04, 0x08, 0x10, 0x00], // 0xD7
    [0x42, 0x42, 0x42, 0x02, 0x02, 0x04, 0x08, 0x00], // 0xD8
    [0x28, 0x28, 0x28, 0x2A, 0x2A, 0x2C, 0x48, 0x00], // 0xD9
    [0x20, 0x20, 0x20, 0x22, 0x24, 0x28, 0x30, 0x00], // 0xDA
    [0x00, 0x7E, 0x42, 0x42, 0x42, 0x42, 0x7E, 0x00], // 0xDB
    [0x00, 0x7E, 0x42, 0x42, 0x02, 0x04, 0x18, 0x00], // 0xDC
    [0x00, 0x78, 0x02, 0x02, 0x04, 0x08, 0x70, 0x00], // 0xDD
    [0x10, 0x48, 0x20, 0x00, 0x00, 0x00, 0x00, 0x00], // 0xDE
    [0x70, 0x50, 0x70, 0x00, 0x00, 0x00, 0x00, 0x00], // 0xDF
    [0x00, 0x00, 0xFF, 0x00, 0x00, 0xFF, 0x00, 0x00], // 0xE0
    [0x08, 0x08, 0x0F, 0x08, 0x08, 0x0F, 0x08, 0x08], // 0xE1
    [0x08, 0x08, 0xFF, 0x08, 0x08, 0xFF, 0x08, 0x08], // 0xE2
    [0x08, 0x08, 0xF8, 0x08, 0x08, 0xF8, 0x08, 0x08], // 0xE3
    [0x01, 0x03, 0x07, 0x0F, 0x1F, 0x3F, 0x7F, 0xFF], // 0xE4
    [0x80, 0xC0, 0xE0, 0xF0, 0xF8, 0xFC, 0xFE, 0xFF], // 0xE5
    [0xFF, 0x7F, 0x3F, 0x1F, 0x0F, 0x07, 0x03, 0x01], // 0xE6
    [0xFF, 0xFE, 0xFC, 0xF8, 0xF0, 0xE0, 0xC0, 0x80], // 0xE7
    [0x08, 0x1C, 0x3E, 0x7F, 0x7F, 0x1C, 0x3E, 0x00], // 0xE8
    [0x22, 0x77, 0x7F, 0x7F, 0x3E, 0x1C, 0x08, 0x00], // 0xE9
    [0x08, 0x1C, 0x3E, 0x7F, 0x3E, 0x1C, 0x08, 0x00], // 0xEA
    [0x1C, 0x1C, 0x7F, 0x7F, 0x6B, 0x08, 0x3E, 0x00], // 0xEB
    [0x00, 0x3C, 0x7E, 0x7E, 0x7E, 0x7E, 0x3C, 0x00], // 0xEC
    [0x00, 0x3C, 0x42, 0x42, 0x42, 0x42, 0x3C, 0x00], // 0xED
    [0x01, 0x02, 0x04, 0x08, 0x10, 0x20, 0x40, 0x80], // 0xEE
    [0x80, 0x40, 0x20, 0x10, 0x08, 0x04, 0x02, 0x01], // 0xEF
    [0x81, 0x42, 0x24, 0x18, 0x18, 0x24, 0x42, 0x81], // 0xF0
    [0x7F, 0x49, 0x49, 0x7F, 0x41, 0x41, 0x41, 0x00], // 0xF1
    [0x20, 0x3E, 0x48, 0x3E, 0x28, 0x7F, 0x08, 0x00], // 0xF2
    [0x3E, 0x22, 0x3E, 0x22, 0x3E, 0x22, 0x42, 0x00], // 0xF3
    [0x7E, 0x42, 0x42, 0x7E, 0x42, 0x42, 0x7E, 0x00], // 0xF4
    [0x04, 0xEE, 0xA4, 0xFF, 0xA2, 0xEF, 0x0A, 0x02], // 0xF5
    [0x18, 0x24, 0x42, 0xBD, 0x14, 0x14, 0x24, 0x00], // 0xF6
    [0x3A, 0x12, 0x7F, 0x17, 0x3D, 0x52, 0x14, 0x00], // 0xF7
    [0x00, 0x3E, 0x00, 0x7F, 0x08, 0x08, 0x08, 0x08], // 0xF8
    [0x08, 0x7F, 0x08, 0x7F, 0x49, 0x49, 0x49, 0x08], // 0xF9
    [0x00, 0x3E, 0x42, 0x54, 0x48, 0x54, 0x3E, 0x00], // 0xFA
    [0xF8, 0xA8, 0xFF, 0xAA, 0xFA, 0x02, 0x02, 0x04], // 0xFB
    [0x20, 0x22, 0xFF, 0x22, 0x7A, 0xA6, 0x22, 0x24], // 0xFC
    [0x00, 0x08, 0x08, 0x10, 0x28, 0x44, 0x83, 0x00], // 0xFD
    [0x55, 0xAA, 0x55, 0xAA, 0x55, 0xAA, 0x55, 0xAA], // 0xFE
    [0x00, 0x00, 0x00, 0x00, 0x00, 0x00, 0x00, 0x00], // 0xFF
];

pub const JUPITER_ACE: Font = [
    [0x00, 0x00, 0x00, 0x00, 0x00, 0x00, 0x00, 0x00], // 0x00
    [0x00, 0x00, 0x00, 0x00, 0x00, 0x00, 0x00, 0x00], // 0x01
    [0x00, 0x00, 0x00, 0x00, 0x00, 0x00, 0x00, 0x00], // 0x02
    [0x00, 0x00, 0x00, 0x00, 0x00, 0x00, 0x00, 0x00], // 0x03
    [0x00, 0x00, 0x00, 0x00, 0x00, 0x00, 0x00, 0x00], // 0x04
    [0x00, 0x00, 0x00, 0x00, 0x00, 0x00, 0x00, 0x00], // 0x05
    [0x00, 0x00, 0x00, 0x00, 0x00, 0x00, 0x00, 0x00], // 0x06
    [0x00, 0x00, 0x00, 0x00, 0x00, 0x00, 0x00, 0x00], // 0x07
    [0x00, 0x00, 0x00, 0x00, 0x00, 0x00, 0x00, 0x00], // 0x08
    [0x00, 0x00, 0x00, 0x00, 0x00, 0x00, 0x00, 0x00], // 0x09
    [0x00, 0x00, 0x00, 0x00, 0x00, 0x00, 0x00, 0x00], // 0x0A
    [0x00, 0x00, 0x00, 0x00, 0x00, 0x00, 0x00, 0x00], // 0x0B
    [0x00, 0x00, 0x00, 0x00, 0x00, 0x00, 0x00, 0x00], // 0x0C
    [0x00, 0x00, 0x00, 0x00, 0x00, 0x00, 0x00, 0x00], // 0x0D
    [0x00, 0x00, 0x00, 0x00, 0x00, 0x00, 0x00, 0x00], // 0x0E
    [0x00, 0x00, 0x00, 0x00, 0x00, 0x00, 0x00, 0x00], // 0x0F
    [0xFF, 0xFF, 0xFF, 0xFF, 0xFF, 0xFF, 0xFF, 0xFF], // 0x10
    [0xF0, 0xF0, 0xF0, 0xF0, 0xFF, 0xFF, 0xFF, 0xFF], // 0x11
    [0x0F, 0x0F, 0x0F, 0x0F, 0xFF, 0xFF, 0xFF, 0xFF], // 0x12
    [0x00, 0x00, 0x00, 0x00, 0xFF, 0xFF, 0xFF, 0xFF], // 0x13
    [0xFF, 0xFF, 0xFF, 0xFF, 0xF0, 0xF0, 0xF0, 0xF0], // 0x14
    [0xF0, 0xF0, 0xF0, 0xF0, 0xF0, 0xF0, 0xF0, 0xF0], // 0x15
    [0x0F, 0x0F, 0x0F, 0x0F, 0xF0, 0xF0, 0xF0, 0xF0], // 0x16
    [0x00, 0x00, 0x00, 0x00, 0xF0, 0xF0, 0xF0, 0xF0], // 0x17
    [0x00, 0x00, 0x00, 0x00, 0x00, 0x00, 0x00, 0x00], // 0x18
    [0x00, 0x00, 0x00, 0x00, 0x00, 0x00, 0x00, 0x00], // 0x19
    [0x00, 0x00, 0x00, 0x00, 0x00, 0x00, 0x00, 0x00], // 0x1A
    [0x00, 0x00, 0x00, 0x00, 0x00, 0x00, 0x00, 0x00], // 0x1B
    [0x00, 0x00, 0x00, 0x00, 0x00, 0x00, 0x00, 0x00], // 0x1C
    [0x00, 0x00, 0x00, 0x00, 0x00, 0x00, 0x00, 0x00], // 0x1D
    [0x00, 0x00, 0x00, 0x00, 0x00, 0x00, 0x00, 0x00], // 0x1E
    [0x00, 0x00, 0x00, 0x00, 0x00, 0x00, 0x00, 0x00], // 0x1F
    [0x00, 0x00, 0x00, 0x00, 0x00, 0x00, 0x00, 0x00], // 0x20
    [0x00, 0x10, 0x10, 0x10, 0x10, 0x00, 0x10, 0x00], // 0x21
    [0x00, 0x24, 0x24, 0x00, 0x00, 0x00, 0x00, 0x00], // 0x22
    [0x00, 0x24, 0x7E, 0x24, 0x24, 0x7E, 0x24, 0x00], // 0x23
    [0x00, 0x08, 0x3E, 0x28, 0x3E, 0x0A, 0x3E, 0x00], // 0x24
    [0x00, 0x62, 0x64, 0x08, 0x10, 0x26, 0x46, 0x00], // 0x25
    [0x00, 0x10, 0x28, 0x10, 0x2A, 0x44, 0x3A, 0x00], // 0x26
    [0x00, 0x08, 0x10, 0x00, 0x00, 0x00, 0x00, 0x00], // 0x27
    [0x00, 0x04, 0x08, 0x08, 0x08, 0x08, 0x04, 0x00], // 0x28
    [0x00, 0x20, 0x10, 0x10, 0x10, 0x10, 0x20, 0x00], // 0x29
    [0x00, 0x00, 0x14, 0x08, 0x3E, 0x08, 0x14, 0x00], // 0x2A
    [0x00, 0x00, 0x08, 0x08, 0x3E, 0x08, 0x08, 0x00], // 0x2B
    [0x00, 0x00, 0x00, 0x00, 0x00, 0x08, 0x08, 0x00], // 0x2C
    [0x00, 0x00, 0x00, 0x00, 0x3E, 0x00, 0x00, 0x00], // 0x2D
    [0x00, 0x00, 0x00, 0x00, 0x00, 0x18, 0x18, 0x00], // 0x2E
    [0x00, 0x00, 0x02, 0x04, 0x08, 0x10, 0x20, 0x00], // 0x2F
    [0x00, 0x3C, 0x46, 0x4A, 0x52, 0x62, 0x3C, 0x00], // 0x30
    [0x00, 0x18, 0x28, 0x08, 0x08, 0x08, 0x3E, 0x00], // 0x31
    [0x00, 0x3C, 0x42, 0x02, 0x3C, 0x40, 0x7E, 0x00], // 0x32
    [0x00, 0x3C, 0x42, 0x0C, 0x02, 0x42, 0x3C, 0x00], // 0x33
    [0x00, 0x08, 0x18, 0x28, 0x48, 0x7E, 0x08, 0x00], // 0x34
    [0x00, 0x7E, 0x40, 0x7C, 0x02, 0x42, 0x3C, 0x00], // 0x35
    [0x00, 0x3C, 0x40, 0x7C, 0x42, 0x42, 0x3C, 0x00], // 0x36
    [0x00, 0x7E, 0x02, 0x04, 0x08, 0x10, 0x10, 0x00], // 0x37
    [0x00, 0x3C, 0x42, 0x3C, 0x42, 0x42, 0x3C, 0x00], // 0x38
    [0x00, 0x3C, 0x42, 0x42, 0x3E, 0x02, 0x3C, 0x00], // 0x39
    [0x00, 0x00, 0x00, 0x10, 0x00, 0x00, 0x10, 0x00], // 0x3A
    [0x00, 0x00, 0x10, 0x00, 0x00, 0x10, 0x10, 0x00], // 0x3B
    [0x00, 0x00, 0x04, 0x08, 0x10, 0x08, 0x04, 0x00], // 0x3C
    [0x00, 0x00, 0x00, 0x3E, 0x00, 0x3E, 0x00, 0x00], // 0x3D
    [0x00, 0x00, 0x10, 0x08, 0x04, 0x08, 0x10, 0x00], // 0x3E
    [0x00, 0x3C, 0x42, 0x04, 0x08, 0x00, 0x08, 0x00], // 0x3F
    [0x00, 0x3C, 0x4A, 0x56, 0x5E, 0x40, 0x3C, 0x00], // 0x40
    [0x00, 0x3C, 0x42, 0x42, 0x7E, 0x42, 0x42, 0x00], // 0x41
    [0x00, 0x7C, 0x42, 0x7C, 0x42, 0x42, 0x7C, 0x00], // 0x42
    [0x00, 0x3C, 0x42, 0x40, 0x40, 0x42, 0x3C, 0x00], // 0x43
    [0x00, 0x78, 0x44, 0x42, 0x42, 0x44, 0x78, 0x00], // 0x44
    [0x00, 0x7E, 0x40, 0x7C, 0x40, 0x40, 0x7E, 0x00], // 0x45
    [0x00, 0x7E, 0x40, 0x7C, 0x40, 0x40, 0x40, 0x00], // 0x46
    [0x00, 0x3C, 0x42, 0x40, 0x4E, 0x42, 0x3C, 0x00], // 0x47
    [0x00, 0x42, 0x42, 0x7E, 0x42, 0x42, 0x42, 0x00], // 0x48
    [0x00, 0x3E, 0x08, 0x08, 0x08, 0x08, 0x3E, 0x00], // 0x49
    [0x00, 0x02, 0x02, 0x02, 0x42, 0x42, 0x3C, 0x00], // 0x4A
    [0x00, 0x44, 0x48, 0x70, 0x48, 0x44, 0x42, 0x00], // 0x4B
    [0x00, 0x40, 0x40, 0x40, 0x40, 0x40, 0x7E, 0x00], // 0x4C
    [0x00, 0x42, 0x66, 0x5A, 0x42, 0x42, 0x42, 0x00], // 0x4D
    [0x00, 0x42, 0x62, 0x52, 0x4A, 0x46, 0x42, 0x00], // 0x4E
    [0x00, 0x3C, 0x42, 0x42, 0x42, 0x42, 0x3C, 0x00], // 0x4F
    [0x00, 0x7C, 0x42, 0x42, 0x7C, 0x40, 0x40, 0x00], // 0x50
    [0x00, 0x3C, 0x42, 0x42, 0x52, 0x4A, 0x3C, 0x00], // 0x51
    [0x00, 0x7C, 0x42, 0x42, 0x7C, 0x44, 0x42, 0x00], // 0x52
    [0x00, 0x3C, 0x40, 0x3C, 0x02, 0x42, 0x3C, 0x00], // 0x53
    [0x00, 0xFE, 0x10, 0x10, 0x10, 0x10, 0x10, 0x00], // 0x54
    [0x00, 0x42, 0x42, 0x42, 0x42, 0x42, 0x3E, 0x00], // 0x55
    [0x00, 0x42, 0x42, 0x42, 0x42, 0x24, 0x18, 0x00], // 0x56
    [0x00, 0x42, 0x42, 0x42, 0x42, 0x5A, 0x24, 0x00], // 0x57
    [0x00, 0x42, 0x24, 0x18, 0x18, 0x24, 0x42, 0x00], // 0x58
    [0x00, 0x82, 0x44, 0x28, 0x10, 0x10, 0x10, 0x00], // 0x59
    [0x00, 0x7E, 0x04, 0x08, 0x10, 0x20, 0x7E, 0x00], // 0x5A
    [0x00, 0x0E, 0x08, 0x08, 0x08, 0x08, 0x0E, 0x00], // 0x5B
    [0x00, 0x00, 0x40, 0x20, 0x10, 0x08, 0x04, 0x00], // 0x5C
    [0x00, 0x70, 0x10, 0x10, 0x10, 0x10, 0x70, 0x00], // 0x5D
    [0x00, 0x10, 0x38, 0x54, 0x10, 0x10, 0x10, 0x00], // 0x5E
    [0x00, 0x00, 0x00, 0x00, 0x00, 0x00, 0x00, 0x00], // 0x5F
    [0x00, 0x1C, 0x22, 0x78, 0x20, 0x20, 0x7E, 0x00], // 0x60
    [0x00, 0x00, 0x38, 0x04, 0x3C, 0x44, 0x3E, 0x00], // 0x61
    [0x00, 0x20, 0x20, 0x3C, 0x22, 0x22, 0x3C, 0x00], // 0x62
    [0x00, 0x00, 0x1C, 0x20, 0x20, 0x20, 0x1C, 0x00], // 0x63
    [0x00, 0x04, 0x04, 0x3C, 0x44, 0x44, 0x3E, 0x00], // 0x64
    [0x00, 0x00, 0x38, 0x44, 0x78, 0x40, 0x3C, 0x00], // 0x65
    [0x00, 0x0C, 0x10, 0x18, 0x10, 0x10, 0x10, 0x00], // 0x66
    [0x00, 0x00, 0x3C, 0x44, 0x44, 0x3C, 0x04, 0x00], // 0x67
    [0x00, 0x40, 0x40, 0x78, 0x44, 0x44, 0x44, 0x00], // 0x68
    [0x00, 0x10, 0x00, 0x30, 0x10, 0x10, 0x38, 0x00], // 0x69
    [0x00, 0x04, 0x00, 0x04, 0x04, 0x04, 0x24, 0x00], // 0x6A
    [0x00, 0x20, 0x28, 0x30, 0x30, 0x28, 0x24, 0x00], // 0x6B
    [0x00, 0x10, 0x10, 0x10, 0x10, 0x10, 0x0C, 0x00], // 0x6C
    [0x00, 0x00, 0x68, 0x54, 0x54, 0x54, 0x54, 0x00], // 0x6D
    [0x00, 0x00, 0x78, 0x44, 0x44, 0x44, 0x44, 0x00], // 0x6E
    [0x00, 0x00, 0x38, 0x44, 0x44, 0x44, 0x38, 0x00], // 0x6F
    [0x00, 0x00, 0x78, 0x44, 0x44, 0x78, 0x40, 0x00], // 0x70
    [0x00, 0x00, 0x3C, 0x44, 0x44, 0x3C, 0x04, 0x00], // 0x71
    [0x00, 0x00, 0x1C, 0x20, 0x20, 0x20, 0x20, 0x00], // 0x72
    [0x00, 0x00, 0x38, 0x40, 0x38, 0x04, 0x78, 0x00], // 0x73
    [0x00, 0x10, 0x38, 0x10, 0x10, 0x10, 0x0C, 0x00], // 0x74
    [0x00, 0x00, 0x44, 0x44, 0x44, 0x44, 0x3C, 0x00], // 0x75
    [0x00, 0x00, 0x44, 0x44, 0x28, 0x28, 0x10, 0x00], // 0x76
    [0x00, 0x00, 0x44, 0x54, 0x54, 0x54, 0x28, 0x00], // 0x77
    [0x00, 0x00, 0x44, 0x28, 0x10, 0x28, 0x44, 0x00], // 0x78
    [0x00, 0x00, 0x44, 0x44, 0x44, 0x3C, 0x04, 0x00], // 0x79
    [0x00, 0x00, 0x7C, 0x08, 0x10, 0x20, 0x7C, 0x00], // 0x7A
    [0x00, 0x0E, 0x08, 0x30, 0x30, 0x08, 0x0E, 0x00], // 0x7B
    [0x00, 0x08, 0x08, 0x08, 0x08, 0x08, 0x08, 0x00], // 0x7C
    [0x00, 0x70, 0x10, 0x0C, 0x0C, 0x10, 0x70, 0x00], // 0x7D
    [0x00, 0x32, 0x4C, 0x00, 0x00, 0x00, 0x00, 0x00], // 0x7E
    [0x3C, 0x42, 0x99, 0xA1, 0xA1, 0x99, 0x42, 0x3C], // 0x7F
    [0x00, 0x00, 0x00, 0x00, 0x00, 0x00, 0x00, 0x00], // 0x80
    [0x00, 0x00, 0x00, 0x00, 0x00, 0x00, 0x00, 0x00], // 0x81
    [0x00, 0x00, 0x00, 0x00, 0x00, 0x00, 0x00, 0x00], // 0x82
    [0x00, 0x00, 0x00, 0x00, 0x00, 0x00, 0x00, 0x00], // 0x83
    [0x00, 0x00, 0x00, 0x00, 0x00, 0x00, 0x00, 0x00], // 0x84
    [0x00, 0x00, 0x00, 0x00, 0x00, 0x00, 0x00, 0x00], // 0x85
    [0x00, 0x00, 0x00, 0x00, 0x00, 0x00, 0x00, 0x00], // 0x86
    [0x00, 0x00, 0x00, 0x00, 0x00, 0x00, 0x00, 0x00], // 0x87
    [0x00, 0x00, 0x00, 0x00, 0x00, 0x00, 0x00, 0x00], // 0x88
    [0x00, 0x00, 0x00, 0x00, 0x00, 0x00, 0x00, 0x00], // 0x89
    [0x00, 0x00, 0x00, 0x00, 0x00, 0x00, 0x00, 0x00], // 0x8A
    [0x00, 0x00, 0x00, 0x00, 0x00, 0x00, 0x00, 0x00], // 0x8B
    [0x00, 0x00, 0x00, 0x00, 0x00, 0x00, 0x00, 0x00], // 0x8C
    [0x00, 0x00, 0x00, 0x00, 0x00, 0x00, 0x00, 0x00], // 0x8D
    [0x00, 0x00, 0x00, 0x00, 0x00, 0x00, 0x00, 0x00], // 0x8E
    [0x00, 0x00, 0x00, 0x00, 0x00, 0x00, 0x00, 0x00], // 0x8F
    [0x00, 0x00, 0x00, 0x00, 0x00, 0x00, 0x00, 0x00], // 0x90
    [0x00, 0x00, 0x00, 0x00, 0x00, 0x00, 0x00, 0x00], // 0x91
    [0x00, 0x00, 0x00, 0x00, 0x00, 0x00, 0x00, 0x00], // 0x92
    [0x00, 0x00, 0x00, 0x00, 0x00, 0x00, 0x00, 0x00], // 0x93
    [0x00, 0x00, 0x00, 0x00, 0x00, 0x00, 0x00, 0x00], // 0x94
    [0x00, 0x00, 0x00, 0x00, 0x00, 0x00, 0x00, 0x00], // 0x95
    [0x00, 0x00, 0x00, 0x00, 0x00, 0x00, 0x00, 0x00], // 0x96
    [0x00, 0x00, 0x00, 0x00, 0x00, 0x00, 0x00, 0x00], // 0x97
    [0x00, 0x00, 0x00, 0x00, 0x00, 0x00, 0x00, 0x00], // 0x98
    [0x00, 0x00, 0x00, 0x00, 0x00, 0x00, 0x00, 0x00], // 0x99
    [0x00, 0x00, 0x00, 0x00, 0x00, 0x00, 0x00, 0x00], // 0x9A
    [0x00, 0x00, 0x00, 0x00, 0x00, 0x00, 0x00, 0x00], // 0x9B
    [0x00, 0x00, 0x00, 0x00, 0x00, 0x00, 0x00, 0x00], // 0x9C
    [0x00, 0x00, 0x00, 0x00, 0x00, 0x00, 0x00, 0x00], // 0x9D
    [0x00, 0x00, 0x00, 0x00, 0x00, 0x00, 0x00, 0x00], // 0x9E
    [0x00, 0x00, 0x00, 0x00, 0x00, 0x00, 0x00, 0x00], // 0x9F
    [0x00, 0x00, 0x00, 0x00, 0x00, 0x00, 0x00, 0x00], // 0xA0
    [0x00, 0x00, 0x00, 0x00, 0x00, 0x00, 0x00, 0x00], // 0xA1
    [0x00, 0x00, 0x00, 0x00, 0x00, 0x00, 0x00, 0x00], // 0xA2
    [0x00, 0x00, 0x00, 0x00, 0x00, 0x00, 0x00, 0x00], // 0xA3
    [0x00, 0x00, 0x00, 0x00, 0x00, 0x00, 0x00, 0x00], // 0xA4
    [0x00, 0x00, 0x00, 0x00, 0x00, 0x00, 0x00, 0x00], // 0xA5
    [0x00, 0x00, 0x00, 0x00, 0x00, 0x00, 0x00, 0x00], // 0xA6
    [0x00, 0x00, 0x00, 0x00, 0x00, 0x00, 0x00, 0x00], // 0xA7
    [0x00, 0x00, 0x00, 0x00, 0x00, 0x00, 0x00, 0x00], // 0xA8
    [0x00, 0x00, 0x00, 0x00, 0x00, 0x00, 0x00, 0x00], // 0xA9
    [0x00, 0x00, 0x00, 0x00, 0x00, 0x00, 0x00, 0x00], // 0xAA
    [0x00, 0x00, 0x00, 0x00, 0x00, 0x00, 0x00, 0x00], // 0xAB
    [0x00, 0x00, 0x00, 0x00, 0x00, 0x00, 0x00, 0x00], // 0xAC
    [0x00, 0x00, 0x00, 0x00, 0x00, 0x00, 0x00, 0x00], // 0xAD
    [0x00, 0x00, 0x00, 0x00, 0x00, 0x00, 0x00, 0x00], // 0xAE
    [0x00, 0x00, 0x00, 0x00, 0x00, 0x00, 0x00, 0x00], // 0xAF
    [0x00, 0x00, 0x00, 0x00, 0x00, 0x00, 0x00, 0x00], // 0xB0
    [0x00, 0x00, 0x00, 0x00, 0x00, 0x00, 0x00, 0x00], // 0xB1
    [0x00, 0x00, 0x00, 0x00, 0x00, 0x00, 0x00, 0x00], // 0xB2
    [0x00, 0x00, 0x00, 0x00, 0x00, 0x00, 0x00, 0x00], // 0xB3
    [0x00, 0x00, 0x00, 0x00, 0x00, 0x00, 0x00, 0x00], // 0xB4
    [0x00, 0x00, 0x00, 0x00, 0x00, 0x00, 0x00, 0x00], // 0xB5
    [0x00, 0x00, 0x00, 0x00, 0x00, 0x00, 0x00, 0x00], // 0xB6
    [0x00, 0x00, 0x00, 0x00, 0x00, 0x00, 0x00, 0x00], // 0xB7
    [0x00, 0x00, 0x00, 0x00, 0x00, 0x00, 0x00, 0x00], // 0xB8
    [0x00, 0x00, 0x00, 0x00, 0x00, 0x00, 0x00, 0x00], // 0xB9
    [0x00, 0x00, 0x00, 0x00, 0x00, 0x00, 0x00, 0x00], // 0xBA
    [0x00, 0x00, 0x00, 0x00, 0x00, 0x00, 0x00, 0x00], // 0xBB
    [0x00, 0x00, 0x00, 0x00, 0x00, 0x00, 0x00, 0x00], // 0xBC
    [0x00, 0x00, 0x00, 0x00, 0x00, 0x00, 0x00, 0x00], // 0xBD
    [0x00, 0x00, 0x00, 0x00, 0x00, 0x00, 0x00, 0x00], // 0xBE
    [0x00, 0x00, 0x00, 0x00, 0x00, 0x00, 0x00, 0x00], // 0xBF
    [0x00, 0x00, 0x00, 0x00, 0x00, 0x00, 0x00, 0x00], // 0xC0
    [0x00, 0x00, 0x00, 0x00, 0x00, 0x00, 0x00, 0x00], // 0xC1
    [0x00, 0x00, 0x00, 0x00, 0x00, 0x00, 0x00, 0x00], // 0xC2
    [0x00, 0x00, 0x00, 0x00, 0x00, 0x00, 0x00, 0x00], // 0xC3
    [0x00, 0x00, 0x00, 0x00, 0x00, 0x00, 0x00, 0x00], // 0xC4
    [0x00, 0x00, 0x00, 0x00, 0x00, 0x00, 0x00, 0x00], // 0xC5
    [0x00, 0x00, 0x00, 0x00, 0x00, 0x00, 0x00, 0x00], // 0xC6
    [0x00, 0x00, 0x00, 0x00, 0x00, 0x00, 0x00, 0x00], // 0xC7
    [0x00, 0x00, 0x00, 0x00, 0x00, 0x00, 0x00, 0x00], // 0xC8
    [0x00, 0x00, 0x00, 0x00, 0x00, 0x00, 0x00, 0x00], // 0xC9
    [0x00, 0x00, 0x00, 0x00, 0x00, 0x00, 0x00, 0x00], // 0xCA
    [0x00, 0x00, 0x00, 0x00, 0x00, 0x00, 0x00, 0x00], // 0xCB
    [0x00, 0x00, 0x00, 0x00, 0x00, 0x00, 0x00, 0x00], // 0xCC
    [0x00, 0x00, 0x00, 0x00, 0x00, 0x00, 0x00, 0x00], // 0xCD
    [0x00, 0x00, 0x00, 0x00, 0x00, 0x00, 0x00, 0x00], // 0xCE
    [0x00, 0x00, 0x00, 0x00, 0x00, 0x00, 0x00, 0x00], // 0xCF
    [0x00, 0x00, 0x00, 0x00, 0x00, 0x00, 0x00, 0x00], // 0xD0
    [0x00, 0x00, 0x00, 0x00, 0x00, 0x00, 0x00, 0x00], // 0xD1
    [0x00, 0x00, 0x00, 0x00, 0x00, 0x00, 0x00, 0x00], // 0xD2
    [0x00, 0x00, 0x00, 0x00, 0x00, 0x00, 0x00, 0x00], // 0xD3
    [0x00, 0x00, 0x00, 0x00, 0x00, 0x00, 0x00, 0x00], // 0xD4
    [0x00, 0x00, 0x00, 0x00, 0x00, 0x00, 0x00, 0x00], // 0xD5
    [0x00, 0x00, 0x00, 0x00, 0x00, 0x00, 0x00, 0x00], // 0xD6
    [0x00, 0x00, 0x00, 0x00, 0x00, 0x00, 0x00, 0x00], // 0xD7
    [0x00, 0x00, 0x00, 0x00, 0x00, 0x00, 0x00, 0x00], // 0xD8
    [0x00, 0x00, 0x00, 0x00, 0x00, 0x00, 0x00, 0x00], // 0xD9
    [0x00, 0x00, 0x00, 0x00, 0x00, 0x00, 0x00, 0x00], // 0xDA
    [0x00, 0x00, 0x00, 0x00, 0x00, 0x00, 0x00, 0x00], // 0xDB
    [0x00, 0x00, 0x00, 0x00, 0x00, 0x00, 0x00, 0x00], // 0xDC
    [0x00, 0x00, 0x00, 0x00, 0x00, 0x00, 0x00, 0x00], // 0xDD
    [0x00, 0x00, 0x00, 0x00, 0x00, 0x00, 0x00, 0x00], // 0xDE
    [0x00, 0x00, 0x00, 0x00, 0x00, 0x00, 0x00, 0x00], // 0xDF
    [0x00, 0x00, 0x00, 0x00, 0x00, 0x00, 0x00, 0x00], // 0xE0
    [0x00, 0x00, 0x00, 0x00, 0x00, 0x00, 0x00, 0x00], // 0xE1
    [0x00, 0x00, 0x00, 0x00, 0x00, 0x00, 0x00, 0x00], // 0xE2
    [0x00, 0x00, 0x00, 0x00, 0x00, 0x00, 0x00, 0x00], // 0xE3
    [0x00, 0x00, 0x00, 0x00, 0x00, 0x00, 0x00, 0x00], // 0xE4
    [0x00, 0x00, 0x00, 0x00, 0x00, 0x00, 0x00, 0x00], // 0xE5
    [0x00, 0x00, 0x00, 0x00, 0x00, 0x00, 0x00, 0x00], // 0xE6
    [0x00, 0x00, 0x00, 0x00, 0x00, 0x00, 0x00, 0x00], // 0xE7
    [0x00, 0x00, 0x00, 0x00, 0x00, 0x00, 0x00, 0x00], // 0xE8
    [0x00, 0x00, 0x00, 0x00, 0x00, 0x00, 0x00, 0x00], // 0xE9
    [0x00, 0x00, 0x00, 0x00, 0x00, 0x00, 0x00, 0x00], // 0xEA
    [0x00, 0x00, 0x00, 0x00, 0x00, 0x00, 0x00, 0x00], // 0xEB
    [0x00, 0x00, 0x00, 0x00, 0x00, 0x00, 0x00, 0x00], // 0xEC
    [0x00, 0x00, 0x00, 0x00, 0x00, 0x00, 0x00, 0x00], // 0xED
    [0x00, 0x00, 0x00, 0x00, 0x00, 0x00, 0x00, 0x00], // 0xEE
    [0x00, 0x00, 0x00, 0x00, 0x00, 0x00, 0x00, 0x00], // 0xEF
    [0x00, 0x00, 0x00, 0x00, 0x00, 0x00, 0x00, 0x00], // 0xF0
    [0x00, 0x00, 0x00, 0x00, 0x00, 0x00, 0x00, 0x00], // 0xF1
    [0x00, 0x00, 0x00, 0x00, 0x00, 0x00, 0x00, 0x00], // 0xF2
    [0x00, 0x00, 0x00, 0x00, 0x00, 0x00, 0x00, 0x00], // 0xF3
    [0x00, 0x00, 0x00, 0x00, 0x00, 0x00, 0x00, 0x00], // 0xF4
    [0x00, 0x00, 0x00, 0x00, 0x00, 0x00, 0x00, 0x00], // 0xF5
    [0x00, 0x00, 0x00, 0x00, 0x00, 0x00, 0x00, 0x00], // 0xF6
    [0x00, 0x00, 0x00, 0x00, 0x00, 0x00, 0x00, 0x00], // 0xF7
    [0x00, 0x00, 0x00, 0x00, 0x00, 0x00, 0x00, 0x00], // 0xF8
    [0x00, 0x00, 0x00, 0x00, 0x00, 0x00, 0x00, 0x00], // 0xF9
    [0x00, 0x00, 0x00, 0x00, 0x00, 0x00, 0x00, 0x00], // 0xFA
    [0x00, 0x00, 0x00, 0x00, 0x00, 0x00, 0x00, 0x00], // 0xFB
    [0x00, 0x00, 0x00, 0x00, 0x00, 0x00, 0x00, 0x00], // 0xFC
    [0x00, 0x00, 0x00, 0x00, 0x00, 0x00, 0x00, 0x00], // 0xFD
    [0x00, 0x00, 0x00, 0x00, 0x00, 0x00, 0x00, 0x00], // 0xFE
    [0x00, 0x00, 0x00, 0x00, 0x00, 0x00, 0x00, 0x00], // 0xFF
];

pub const TRS80_DVI_8X8: Font = [
    [0x00, 0x00, 0x00, 0x00, 0x00, 0x00, 0x00, 0x00], // 0x00
    [0x00, 0x00, 0x00, 0x00, 0x00, 0x00, 0x00, 0x00], // 0x01
    [0x00, 0x00, 0x00, 0x00, 0x00, 0x00, 0x00, 0x00], // 0x02
    [0x00, 0x00, 0x00, 0x00, 0x00, 0x00, 0x00, 0x00], // 0x03
    [0x00, 0x00, 0x00, 0x00, 0x00, 0x00, 0x00, 0x00], // 0x04
    [0x00, 0x00, 0x00, 0x00, 0x00, 0x00, 0x00, 0x00], // 0x05
    [0x00, 0x00, 0x00, 0x00, 0x00, 0x00, 0x00, 0x00], // 0x06
    [0x00, 0x00, 0x00, 0x00, 0x00, 0x00, 0x00, 0x00], // 0x07
    [0x00, 0x00, 0x00, 0x00, 0x00, 0x00, 0x00, 0x00], // 0x08
    [0x00, 0x00, 0x00, 0x00, 0x00, 0x00, 0x00, 0x00], // 0x09
    [0x00, 0x00, 0x00, 0x00, 0x00, 0x00, 0x00, 0x00], // 0x0A
    [0x00, 0x00, 0x00, 0x00, 0x00, 0x00, 0x00, 0x00], // 0x0B
    [0x00, 0x00, 0x00, 0x00, 0x00, 0x00, 0x00, 0x00], // 0x0C
    [0x00, 0x00, 0x00, 0x00, 0x00, 0x00, 0x00, 0x00], // 0x0D
    [0x00, 0x00, 0x00, 0x00, 0x00, 0x00, 0x00, 0x00], // 0x0E
    [0x00, 0x00, 0x00, 0x00, 0x00, 0x00, 0x00, 0x00], // 0x0F
    [0x00, 0x00, 0x00, 0x00, 0x00, 0x00, 0x00, 0x00], // 0x10
    [0x00, 0x00, 0x00, 0x00, 0x00, 0x00, 0x00, 0x00], // 0x11
    [0x00, 0x00, 0x00, 0x00, 0x00, 0x00, 0x00, 0x00], // 0x12
    [0x00, 0x00, 0x00, 0x00, 0x00, 0x00, 0x00, 0x00], // 0x13
    [0x00, 0x00, 0x00, 0x00, 0x00, 0x00, 0x00, 0x00], // 0x14
    [0x00, 0x00, 0x00, 0x00, 0x00, 0x00, 0x00, 0x00], // 0x15
    [0x00, 0x00, 0x00, 0x00, 0x00, 0x00, 0x00, 0x00], // 0x16
    [0x00, 0x00, 0x00, 0x00, 0x00, 0x00, 0x00, 0x00], // 0x17
    [0x00, 0x00, 0x00, 0x00, 0x00, 0x00, 0x00, 0x00], // 0x18
    [0x00, 0x00, 0x00, 0x00, 0x00, 0x00, 0x00, 0x00], // 0x19
    [0x00, 0x00, 0x00, 0x00, 0x00, 0x00, 0x00, 0x00], // 0x1A
    [0x00, 0x00, 0x00, 0x00, 0x00, 0x00, 0x00, 0x00], // 0x1B
    [0x00, 0x00, 0x00, 0x00, 0x00, 0x00, 0x00, 0x00], // 0x1C
    [0x00, 0x00, 0x00, 0x00, 0x00, 0x00, 0x00, 0x00], // 0x1D
    [0x00, 0x00, 0x00, 0x00, 0x00, 0x00, 0x00, 0x00], // 0x1E
    [0x00, 0x00, 0x00, 0x00, 0x00, 0x00, 0x00, 0x00], // 0x1F
    [0x00, 0x00, 0x00, 0x00, 0x00, 0x00, 0x00, 0x00], // 0x20
    [0x08, 0x08, 0x08, 0x08, 0x08, 0x00, 0x08, 0x00], // 0x21
    [0x24, 0x24, 0x24, 0x00, 0x00, 0x00, 0x00, 0x00], // 0x22
    [0x24, 0x24, 0x7E, 0x24, 0x7E, 0x24, 0x24, 0x00], // 0x23
    [0x08, 0x3E, 0x48, 0x3C, 0x0A, 0x7C, 0x08, 0x00], // 0x24
    [0x00, 0x62, 0x64, 0x08, 0x10, 0x26, 0x46, 0x00], // 0x25
    [0x30, 0x48, 0x48, 0x30, 0x4A, 0x44, 0x3A, 0x00], // 0x26
    [0x04, 0x08, 0x10, 0x00, 0x00, 0x00, 0x00, 0x00], // 0x27
    [0x04, 0x08, 0x10, 0x10, 0x10, 0x08, 0x04, 0x00], // 0x28
    [0x20, 0x10, 0x08, 0x08, 0x08, 0x10, 0x20, 0x00], // 0x29
    [0x08, 0x2A, 0x1C, 0x08, 0x1C, 0x2A, 0x08, 0x00], // 0x2A
    [0x00, 0x08, 0x08, 0x3E, 0x08, 0x08, 0x00, 0x00], // 0x2B
    [0x00, 0x00, 0x00, 0x00, 0x00, 0x08, 0x08, 0x10], // 0x2C
    [0x00, 0x00, 0x00, 0x7E, 0x00, 0x00, 0x00, 0x00], // 0x2D
    [0x00, 0x00, 0x00, 0x00, 0x00, 0x00, 0x08, 0x00], // 0x2E
    [0x00, 0x02, 0x04, 0x08, 0x10, 0x20, 0x40, 0x00], // 0x2F
    [0x3C, 0x42, 0x46, 0x5A, 0x62, 0x42, 0x3C, 0x00], // 0x30
    [0x08, 0x18, 0x28, 0x08, 0x08, 0x08, 0x3E, 0x00], // 0x31
    [0x3C, 0x42, 0x02, 0x0C, 0x30, 0x40, 0x7E, 0x00], // 0x32
    [0x3C, 0x42, 0x02, 0x1C, 0x02, 0x42, 0x3C, 0x00], // 0x33
    [0x04, 0x0C, 0x14, 0x24, 0x7E, 0x04, 0x04, 0x00], // 0x34
    [0x7E, 0x40, 0x78, 0x04, 0x02, 0x04, 0x78, 0x00], // 0x35
    [0x1C, 0x20, 0x40, 0x7C, 0x42, 0x42, 0x3C, 0x00], // 0x36
    [0x7E, 0x42, 0x04, 0x08, 0x10, 0x10, 0x10, 0x00], // 0x37
    [0x3C, 0x42, 0x42, 0x3C, 0x42, 0x42, 0x3C, 0x00], // 0x38
    [0x3C, 0x42, 0x42, 0x3E, 0x02, 0x04, 0x38, 0x00], // 0x39
    [0x00, 0x00, 0x08, 0x00, 0x00, 0x08, 0x00, 0x00], // 0x3A
    [0x00, 0x00, 0x08, 0x00, 0x00, 0x08, 0x08, 0x10], // 0x3B
    [0x06, 0x0C, 0x18, 0x30, 0x18, 0x0C, 0x06, 0x00], // 0x3C
    [0x00, 0x00, 0x7E, 0x00, 0x7E, 0x00, 0x00, 0x00], // 0x3D
    [0x60, 0x30, 0x18, 0x0C, 0x18, 0x30, 0x60, 0x00], // 0x3E
    [0x3C, 0x42, 0x02, 0x0C, 0x10, 0x00, 0x10, 0x00], // 0x3F
    [0x3C, 0x42, 0x02, 0x3A, 0x4A, 0x4A, 0x3C, 0x00], // 0x40
    [0x18, 0x24, 0x42, 0x7E, 0x42, 0x42, 0x42, 0x00], // 0x41
    [0x7C, 0x22, 0x22, 0x3C, 0x22, 0x22, 0x7C, 0x00], // 0x42
    [0x1C, 0x22, 0x40, 0x40, 0x40, 0x22, 0x1C, 0x00], // 0x43
    [0x78, 0x24, 0x22, 0x22, 0x22, 0x24, 0x78, 0x00], // 0x44
    [0x7E, 0x40, 0x40, 0x78, 0x40, 0x40, 0x7E, 0x00], // 0x45
    [0x7E, 0x40, 0x40, 0x78, 0x40, 0x40, 0x40, 0x00], // 0x46
    [0x1C, 0x22, 0x40, 0x4E, 0x42, 0x22, 0x1C, 0x00], // 0x47
    [0x42, 0x42, 0x42, 0x7E, 0x42, 0x42, 0x42, 0x00], // 0x48
    [0x1C, 0x08, 0x08, 0x08, 0x08, 0x08, 0x1C, 0x00], // 0x49
    [0x0E, 0x04, 0x04, 0x04, 0x04, 0x44, 0x38, 0x00], // 0x4A
    [0x42, 0x44, 0x48, 0x70, 0x48, 0x44, 0x42, 0x00], // 0x4B
    [0x40, 0x40, 0x40, 0x40, 0x40, 0x40, 0x7E, 0x00], // 0x4C
    [0x42, 0x66, 0x5A, 0x5A, 0x42, 0x42, 0x42, 0x00], // 0x4D
    [0x42, 0x62, 0x52, 0x4A, 0x46, 0x42, 0x42, 0x00], // 0x4E
    [0x3C, 0x42, 0x42, 0x42, 0x42, 0x42, 0x3C, 0x00], // 0x4F
    [0x7C, 0x42, 0x42, 0x7C, 0x40, 0x40, 0x40, 0x00], // 0x50
    [0x3C, 0x42, 0x42, 0x42, 0x4A, 0x44, 0x3A, 0x00], // 0x51
    [0x7C, 0x42, 0x42, 0x7C, 0x48, 0x44, 0x42, 0x00], // 0x52
    [0x3C, 0x42, 0x40, 0x3C, 0x02, 0x42, 0x3C, 0x00], // 0x53
    [0x3E, 0x08, 0x08, 0x08, 0x08, 0x08, 0x08, 0x00], // 0x54
    [0x42, 0x42, 0x42, 0x42, 0x42, 0x42, 0x3C, 0x00], // 0x55
    [0x42, 0x42, 0x42, 0x24, 0x24, 0x18, 0x18, 0x00], // 0x56
    [0x42, 0x42, 0x42, 0x5A, 0x5A, 0x66, 0x42, 0x00], // 0x57
    [0x42, 0x42, 0x24, 0x18, 0x24, 0x42, 0x42, 0x00], // 0x58
    [0x22, 0x22, 0x22, 0x1C, 0x08, 0x08, 0x08, 0x00], // 0x59
    [0x7E, 0x02, 0x04, 0x18, 0x20, 0x40, 0x7E, 0x00], // 0x5A
    [0x3C, 0x20, 0x20, 0x20, 0x20, 0x20, 0x3C, 0x00], // 0x5B
    [0x00, 0x40, 0x20, 0x10, 0x08, 0x04, 0x02, 0x00], // 0x5C
    [0x3C, 0x04, 0x04, 0x04, 0x04, 0x04, 0x3C, 0x00], // 0x5D
    [0x08, 0x14, 0x22, 0x00, 0x00, 0x00, 0x00, 0x00], // 0x5E
    [0x00, 0x00, 0x00, 0x00, 0x00, 0x00, 0x00, 0xFF], // 0x5F
    [0x10, 0x08, 0x04, 0x00, 0x00, 0x00, 0x00, 0x00], // 0x60
    [0x00, 0x00, 0x38, 0x04, 0x3C, 0x44, 0x3A, 0x00], // 0x61
    [0x40, 0x40, 0x5C, 0x62, 0x42, 0x62, 0x5C, 0x00], // 0x62
    [0x00, 0x00, 0x3C, 0x42, 0x40, 0x42, 0x3C, 0x00], // 0x63
    [0x02, 0x02, 0x3A, 0x46, 0x42, 0x46, 0x3A, 0x00], // 0x64
    [0x00, 0x00, 0x3C, 0x42, 0x7E, 0x40, 0x3C, 0x00], // 0x65
    [0x0C, 0x12, 0x10, 0x7C, 0x10, 0x10, 0x10, 0x00], // 0x66
    [0x00, 0x00, 0x3A, 0x46, 0x46, 0x3A, 0x02, 0x3C], // 0x67
    [0x40, 0x40, 0x5C, 0x62, 0x42, 0x42, 0x42, 0x00], // 0x68
    [0x08, 0x00, 0x18, 0x08, 0x08, 0x08, 0x1C, 0x00], // 0x69
    [0x04, 0x00, 0x0C, 0x04, 0x04, 0x04, 0x44, 0x38], // 0x6A
    [0x40, 0x40, 0x44, 0x48, 0x50, 0x68, 0x44, 0x00], // 0x6B
    [0x18, 0x08, 0x08, 0x08, 0x08, 0x08, 0x1C, 0x00], // 0x6C
    [0x00, 0x00, 0x76, 0x49, 0x49, 0x49, 0x49, 0x00], // 0x6D
    [0x00, 0x00, 0x5C, 0x62, 0x42, 0x42, 0x42, 0x00], // 0x6E
    [0x00, 0x00, 0x3C, 0x42, 0x42, 0x42, 0x3C, 0x00], // 0x6F
    [0x00, 0x00, 0x5C, 0x62, 0x62, 0x5C, 0x40, 0x40], // 0x70
    [0x00, 0x00, 0x3A, 0x46, 0x46, 0x3A, 0x02, 0x02], // 0x71
    [0x00, 0x00, 0x5C, 0x62, 0x40, 0x40, 0x40, 0x00], // 0x72
    [0x00, 0x00, 0x3E, 0x40, 0x3C, 0x02, 0x7C, 0x00], // 0x73
    [0x10, 0x10, 0x7C, 0x10, 0x10, 0x12, 0x0C, 0x00], // 0x74
    [0x00, 0x00, 0x44, 0x44, 0x44, 0x44, 0x3A, 0x00], // 0x75
    [0x00, 0x00, 0x42, 0x42, 0x42, 0x24, 0x18, 0x00], // 0x76
    [0x00, 0x00, 0x41, 0x49, 0x49, 0x49, 0x36, 0x00], // 0x77
    [0x00, 0x00, 0x42, 0x24, 0x18, 0x24, 0x42, 0x00], // 0x78
    [0x00, 0x00, 0x42, 0x42, 0x46, 0x3A, 0x02, 0x3C], // 0x79
    [0x00, 0x00, 0x7E, 0x04, 0x18, 0x20, 0x7E, 0x00], // 0x7A
    [0x0C, 0x10, 0x10, 0x20, 0x10, 0x10, 0x0C, 0x00], // 0x7B
    [0x08, 0x08, 0x08, 0x00, 0x08, 0x08, 0x08, 0x00], // 0x7C
    [0x30, 0x08, 0x08, 0x04, 0x08, 0x08, 0x30, 0x00], // 0x7D
    [0x30, 0x49, 0x06, 0x00, 0x00, 0x00, 0x00, 0x00], // 0x7E
    [0x00, 0x00, 0x00, 0x00, 0x00, 0x00, 0x00, 0x00], // 0x7F
    [0x3E, 0x63, 0x63, 0x1C, 0x22, 0x63, 0x7F, 0x00], // 0x80
    [0x18, 0x3C, 0x7E, 0x46, 0x5A, 0x46, 0x5E, 0x7E], // 0x81
    [0x70, 0x70, 0x4A, 0x44, 0x4A, 0x70, 0x70, 0x00], // 0x82
    [0x3F, 0x21, 0x41, 0x67, 0x70, 0x78, 0x7C, 0x7E], // 0x83
    [0x18, 0xDB, 0xFF, 0xDB, 0x18, 0xDB, 0xFF, 0xDB], // 0x84
    [0x18, 0x18, 0xFF, 0xFF, 0x18, 0x18, 0x3C, 0x00], // 0x85
    [0x08, 0x1C, 0x3E, 0x55, 0x7F, 0x55, 0x7F, 0x00], // 0x86
    [0x7F, 0x3F, 0x7F, 0x41, 0x77, 0x77, 0x7F, 0x00], // 0x87
    [0x08, 0x00, 0x08, 0x08, 0x08, 0x08, 0x08, 0x00], // 0x88
    [0x0F, 0x08, 0x08, 0x08, 0x08, 0x28, 0x10, 0x00], // 0x89
    [0x01, 0x02, 0x7F, 0x08, 0x7F, 0x20, 0x40, 0x00], // 0x8A
    [0x7F, 0x21, 0x10, 0x0C, 0x10, 0x21, 0x7F, 0x00], // 0x8B
    [0x00, 0x30, 0x49, 0x06, 0x30, 0x49, 0x06, 0x00], // 0x8C
    [0x08, 0x08, 0x3E, 0x08, 0x08, 0x00, 0x3E, 0x00], // 0x8D
    [0x04, 0x08, 0x08, 0x08, 0x08, 0x08, 0x10, 0x00], // 0x8E
    [0x04, 0x0C, 0x1C, 0x3C, 0x1C, 0x0C, 0x04, 0x00], // 0x8F
    [0x3C, 0x42, 0x81, 0x81, 0xFF, 0x24, 0x24, 0xE7], // 0x90
    [0x3C, 0x42, 0x81, 0x81, 0xFF, 0x42, 0x42, 0x66], // 0x91
    [0x1C, 0x2A, 0x08, 0x08, 0x08, 0x2A, 0x1C, 0x00], // 0x92
    [0x08, 0x14, 0x1C, 0x08, 0x1C, 0x2A, 0x14, 0x22], // 0x93
    [0x08, 0x14, 0x28, 0x3E, 0x08, 0x14, 0x22, 0x00], // 0x94
    [0x1F, 0x03, 0x05, 0x79, 0x49, 0x48, 0x78, 0x00], // 0x95
    [0x1C, 0x22, 0x22, 0x1C, 0x08, 0x3E, 0x08, 0x00], // 0x96
    [0x61, 0x82, 0x84, 0x68, 0x16, 0x29, 0x49, 0x86], // 0x97
    [0x1C, 0x2A, 0x08, 0x08, 0x08, 0x08, 0x08, 0x00], // 0x98
    [0x08, 0x08, 0x08, 0x08, 0x08, 0x2A, 0x1C, 0x00], // 0x99
    [0x00, 0x02, 0x01, 0x7F, 0x01, 0x02, 0x00, 0x00], // 0x9A
    [0x00, 0x20, 0x40, 0x7F, 0x40, 0x20, 0x00, 0x00], // 0x9B
    [0x3C, 0x66, 0xE7, 0x81, 0xE7, 0x18, 0x7E, 0x00], // 0x9C
    [0x08, 0x14, 0x22, 0x41, 0x22, 0x14, 0x08, 0x00], // 0x9D
    [0x00, 0x66, 0x99, 0x81, 0x81, 0x42, 0x24, 0x18], // 0x9E
    [0x1C, 0x22, 0x41, 0x55, 0x6B, 0x08, 0x08, 0x00], // 0x9F
    [0x04, 0x08, 0x10, 0x00, 0x00, 0x00, 0x00, 0x00], // 0xA0
    [0x20, 0x10, 0x38, 0x04, 0x3C, 0x44, 0x3A, 0x00], // 0xA1
    [0x00, 0x3C, 0x42, 0x40, 0x42, 0x3C, 0x10, 0x20], // 0xA2
    [0x08, 0x14, 0x10, 0x7C, 0x10, 0x12, 0x7C, 0x00], // 0xA3
    [0x10, 0x08, 0x04, 0x00, 0x00, 0x00, 0x00, 0x00], // 0xA4
    [0x00, 0x22, 0x22, 0x22, 0x3D, 0x20, 0x20, 0x40], // 0xA5
    [0x08, 0x14, 0x08, 0x00, 0x00, 0x00, 0x00, 0x00], // 0xA6
    [0x00, 0x00, 0x7F, 0x3E, 0x1C, 0x08, 0x00, 0x00], // 0xA7
    [0x08, 0x08, 0x1C, 0x08, 0x08, 0x08, 0x08, 0x00], // 0xA8
    [0x3C, 0x40, 0x3C, 0x42, 0x3C, 0x02, 0x3C, 0x00], // 0xA9
    [0x7F, 0x43, 0x5D, 0x43, 0x57, 0x59, 0x7F, 0x00], // 0xAA
    [0x7F, 0x63, 0x5D, 0x5F, 0x5D, 0x63, 0x7F, 0x00], // 0xAB
    [0x42, 0x44, 0x48, 0x50, 0x2A, 0x4E, 0x82, 0x00], // 0xAC
    [0xE0, 0x21, 0xC2, 0x24, 0xE8, 0x15, 0x27, 0x41], // 0xAD
    [0x42, 0x44, 0x48, 0x57, 0x21, 0x47, 0x84, 0x07], // 0xAE
    [0x3F, 0x4A, 0x4A, 0x3A, 0x0A, 0x0A, 0x0A, 0x00], // 0xAF
    [0x22, 0x14, 0x08, 0x3E, 0x08, 0x3E, 0x08, 0x00], // 0xB0
    [0x24, 0x00, 0x18, 0x24, 0x42, 0x7E, 0x42, 0x00], // 0xB1
    [0x24, 0x00, 0x3C, 0x42, 0x42, 0x42, 0x3C, 0x00], // 0xB2
    [0x24, 0x00, 0x42, 0x42, 0x42, 0x42, 0x3C, 0x00], // 0xB3
    [0x08, 0x1C, 0x2A, 0x28, 0x2A, 0x1C, 0x08, 0x00], // 0xB4
    [0x00, 0x00, 0x30, 0x49, 0x06, 0x00, 0x00, 0x00], // 0xB5
    [0x28, 0x00, 0x38, 0x04, 0x3C, 0x44, 0x3A, 0x00], // 0xB6
    [0x00, 0x24, 0x00, 0x3C, 0x42, 0x42, 0x3C, 0x00], // 0xB7
    [0x00, 0x28, 0x00, 0x44, 0x44, 0x44, 0x3A, 0x00], // 0xB8
    [0x3C, 0x22, 0x22, 0x3C, 0x22, 0x22, 0xFC, 0x00], // 0xB9
    [0x7F, 0x08, 0x08, 0x63, 0x55, 0x49, 0x49, 0x00], // 0xBA
    [0x08, 0x10, 0x3C, 0x42, 0x7E, 0x40, 0x3C, 0x00], // 0xBB
    [0x00, 0x20, 0x10, 0x44, 0x44, 0x44, 0x3A, 0x00], // 0xBC
    [0x10, 0x08, 0x3C, 0x42, 0x7E, 0x40, 0x3C, 0x00], // 0xBD
    [0x00, 0x28, 0x00, 0x00, 0x00, 0x00, 0x00, 0x00], // 0xBE
    [0x0C, 0x12, 0x10, 0x38, 0x10, 0x10, 0x38, 0x00], // 0xBF
    [0x10, 0x28, 0x00, 0x38, 0x04, 0x3C, 0x44, 0x3A], // 0xC0
    [0x18, 0x24, 0x00, 0x3C, 0x42, 0x7E, 0x40, 0x3C], // 0xC1
    [0x00, 0x08, 0x14, 0x00, 0x08, 0x00, 0x08, 0x08], // 0xC2
    [0x18, 0x24, 0x00, 0x3C, 0x42, 0x42, 0x3C, 0x00], // 0xC3
    [0x10, 0x28, 0x00, 0x44, 0x44, 0x44, 0x3A, 0x00], // 0xC4
    [0x08, 0x14, 0x22, 0x00, 0x00, 0x00, 0x00, 0x00], // 0xC5
    [0x24, 0x00, 0x3C, 0x42, 0x7E, 0x40, 0x3C, 0x00], // 0xC6
    [0x00, 0x00, 0x14, 0x00, 0x08, 0x00, 0x08, 0x08], // 0xC7
    [0x08, 0x10, 0x38, 0x04, 0x3C, 0x44, 0x3A, 0x00], // 0xC8
    [0x00, 0x04, 0x08, 0x00, 0x08, 0x00, 0x08, 0x08], // 0xC9
    [0x00, 0x08, 0x10, 0x3C, 0x42, 0x42, 0x3C, 0x00], // 0xCA
    [0x00, 0x08, 0x10, 0x44, 0x44, 0x44, 0x3A, 0x00], // 0xCB
    [0x08, 0x10, 0x42, 0x42, 0x46, 0x3A, 0x02, 0x3C], // 0xCC
    [0x32, 0x4C, 0x00, 0x5C, 0x62, 0x42, 0x42, 0x00], // 0xCD
    [0x32, 0x4C, 0x00, 0x38, 0x04, 0x3C, 0x44, 0x3A], // 0xCE
    [0x32, 0x4C, 0x00, 0x3C, 0x42, 0x42, 0x3C, 0x00], // 0xCF
    [0x18, 0x24, 0x00, 0x18, 0x24, 0x42, 0x7E, 0x42], // 0xD0
    [0x18, 0x24, 0x00, 0x7E, 0x40, 0x78, 0x40, 0x7E], // 0xD1
    [0x08, 0x14, 0x00, 0x1C, 0x08, 0x08, 0x08, 0x1C], // 0xD2
    [0x18, 0x24, 0x00, 0x3C, 0x42, 0x42, 0x42, 0x3C], // 0xD3
    [0x18, 0x24, 0x00, 0x42, 0x42, 0x42, 0x42, 0x3C], // 0xD4
    [0x14, 0x00, 0x1C, 0x08, 0x08, 0x08, 0x1C, 0x00], // 0xD5
    [0x24, 0x00, 0x7E, 0x40, 0x78, 0x40, 0x7E, 0x00], // 0xD6
    [0x08, 0x10, 0x7E, 0x40, 0x78, 0x40, 0x7E, 0x00], // 0xD7
    [0x08, 0x10, 0x00, 0x18, 0x24, 0x42, 0x7E, 0x42], // 0xD8
    [0x08, 0x10, 0x00, 0x38, 0x10, 0x10, 0x10, 0x38], // 0xD9
    [0x08, 0x10, 0x3C, 0x42, 0x42, 0x42, 0x3C, 0x00], // 0xDA
    [0x08, 0x10, 0x42, 0x42, 0x42, 0x42, 0x3C, 0x00], // 0xDB
    [0x04, 0x08, 0x22, 0x22, 0x1C, 0x08, 0x08, 0x08], // 0xDC
    [0x10, 0x08, 0x42, 0x42, 0x42, 0x42, 0x3C, 0x00], // 0xDD
    [0x10, 0x08, 0x7E, 0x40, 0x78, 0x40, 0x7E, 0x00], // 0xDE
    [0x10, 0x08, 0x00, 0x18, 0x24, 0x42, 0x7E, 0x42], // 0xDF
    [0x00, 0x00, 0x00, 0x00, 0x00, 0x00, 0x00, 0x00], // 0xE0
    [0xF0, 0xF0, 0xF0, 0xF0, 0x00, 0x00, 0x00, 0x00], // 0xE1
    [0x0F, 0x0F, 0x0F, 0x0F, 0x00, 0x00, 0x00, 0x00], // 0xE2
    [0x00, 0x00, 0x00, 0x00, 0xF0, 0xF0, 0xF0, 0xF0], // 0xE3
    [0x00, 0x00, 0x00, 0x00, 0x0F, 0x0F, 0x0F, 0x0F], // 0xE4
    [0xF0, 0xF0, 0xF0, 0xF0, 0x0F, 0x0F, 0x0F, 0x0F], // 0xE5
    [0x0F, 0x0F, 0x0F, 0x0F, 0xF0, 0xF0, 0xF0, 0xF0], // 0xE6
    [0xFF, 0xFF, 0xFF, 0xFF, 0x00, 0x00, 0x00, 0x00], // 0xE7
    [0x00, 0x00, 0x00, 0x00, 0xFF, 0xFF, 0xFF, 0xFF], // 0xE8
    [0xF0, 0xF0, 0xF0, 0xF0, 0xF0, 0xF0, 0xF0, 0xF0], // 0xE9
    [0x0F, 0x0F, 0x0F, 0x0F, 0x0F, 0x0F, 0x0F, 0x0F], // 0xEA
    [0xFF, 0xFF, 0xFF, 0xFF, 0xF0, 0xF0, 0xF0, 0xF0], // 0xEB
    [0xFF, 0xFF, 0xFF, 0xFF, 0x0F, 0x0F, 0x0F, 0x0F], // 0xEC
    [0xF0, 0xF0, 0xF0, 0xF0, 0xFF, 0xFF, 0xFF, 0xFF], // 0xED
    [0x0F, 0x0F, 0x0F, 0x0F, 0xFF, 0xFF, 0xFF, 0xFF], // 0xEE
    [0xFF, 0xFF, 0xFF, 0xFF, 0xFF, 0xFF, 0xFF, 0xFF], // 0xEF
    [0x00, 0x00, 0x00, 0x1F, 0x10, 0x10, 0x10, 0x10], // 0xF0
    [0x00, 0x00, 0x00, 0xFF, 0x00, 0x00, 0x00, 0x00], // 0xF1
    [0x00, 0x00, 0x00, 0xF0, 0x10, 0x10, 0x10, 0x10], // 0xF2
    [0x00, 0x00, 0x00, 0xFF, 0x10, 0x10, 0x10, 0x10], // 0xF3
    [0x10, 0x10, 0x10, 0x1F, 0x10, 0x10, 0x10, 0x10], // 0xF4
    [0x10, 0x10, 0x10, 0x10, 0x10, 0x10, 0x10, 0x10], // 0xF5
    [0x10, 0x10, 0x10, 0x1F, 0x00, 0x00, 0x00, 0x00], // 0xF6
    [0x10, 0x10, 0x10, 0xF0, 0x00, 0x00, 0x00, 0x00], // 0xF7
    [0x10, 0x10, 0x10, 0xFF, 0x00, 0x00, 0x00, 0x00], // 0xF8
    [0x10, 0x10, 0x10, 0xF0, 0x10, 0x10, 0x10, 0x10], // 0xF9
    [0x10, 0x10, 0x10, 0xFF, 0x10, 0x10, 0x10, 0x10], // 0xFA
    [0xFF, 0xFE, 0xFC, 0xF8, 0xF0, 0xE0, 0xC0, 0x80], // 0xFB
    [0x01, 0x03, 0x07, 0x0F, 0x1F, 0x3F, 0x7F, 0xFF], // 0xFC
    [0xFF, 0x7F, 0x3F, 0x1F, 0x0F, 0x07, 0x03, 0x01], // 0xFD
    [0x80, 0xC0, 0xE0, 0xF0, 0xF8, 0xFC, 0xFE, 0xFF], // 0xFE
    [0x00, 0x00, 0x00, 0x00, 0x00, 0x00, 0x00, 0x00], // 0xFF
];

pub const RISCOS_3: Font = [
    [0x00, 0x00, 0x00, 0x00, 0x00, 0x00, 0x00, 0x00], // 0x00
    [0x00, 0x00, 0x00, 0x00, 0x00, 0x00, 0x00, 0x00], // 0x01
    [0x00, 0x00, 0x00, 0x00, 0x00, 0x00, 0x00, 0x00], // 0x02
    [0x00, 0x00, 0x00, 0x00, 0x00, 0x00, 0x00, 0x00], // 0x03
    [0x00, 0x00, 0x00, 0x00, 0x00, 0x00, 0x00, 0x00], // 0x04
    [0x00, 0x00, 0x00, 0x00, 0x00, 0x00, 0x00, 0x00], // 0x05
    [0x00, 0x00, 0x00, 0x00, 0x00, 0x00, 0x00, 0x00], // 0x06
    [0x00, 0x00, 0x00, 0x00, 0x00, 0x00, 0x00, 0x00], // 0x07
    [0x00, 0x00, 0x00, 0x00, 0x00, 0x00, 0x00, 0x00], // 0x08
    [0x00, 0x00, 0x00, 0x00, 0x00, 0x00, 0x00, 0x00], // 0x09
    [0x00, 0x00, 0x00, 0x00, 0x00, 0x00, 0x00, 0x00], // 0x0A
    [0x00, 0x00, 0x00, 0x00, 0x00, 0x00, 0x00, 0x00], // 0x0B
    [0x00, 0x00, 0x00, 0x00, 0x00, 0x00, 0x00, 0x00], // 0x0C
    [0x00, 0x00, 0x00, 0x00, 0x00, 0x00, 0x00, 0x00], // 0x0D
    [0x00, 0x00, 0x00, 0x00, 0x00, 0x00, 0x00, 0x00], // 0x0E
    [0x00, 0x00, 0x00, 0x00, 0x00, 0x00, 0x00, 0x00], // 0x0F
    [0x00, 0x00, 0x00, 0x00, 0x00, 0x00, 0x00, 0x00], // 0x10
    [0x00, 0x00, 0x00, 0x00, 0x00, 0x00, 0x00, 0x00], // 0x11
    [0x00, 0x00, 0x00, 0x00, 0x00, 0x00, 0x00, 0x00], // 0x12
    [0x00, 0x00, 0x00, 0x00, 0x00, 0x00, 0x00, 0x00], // 0x13
    [0x00, 0x00, 0x00, 0x00, 0x00, 0x00, 0x00, 0x00], // 0x14
    [0x00, 0x00, 0x00, 0x00, 0x00, 0x00, 0x00, 0x00], // 0x15
    [0x00, 0x00, 0x00, 0x00, 0x00, 0x00, 0x00, 0x00], // 0x16
    [0x00, 0x00, 0x00, 0x00, 0x00, 0x00, 0x00, 0x00], // 0x17
    [0x00, 0x00, 0x00, 0x00, 0x00, 0x00, 0x00, 0x00], // 0x18
    [0x00, 0x00, 0x00, 0x00, 0x00, 0x00, 0x00, 0x00], // 0x19
    [0x00, 0x00, 0x00, 0x00, 0x00, 0x00, 0x00, 0x00], // 0x1A
    [0x00, 0x00, 0x00, 0x00, 0x00, 0x00, 0x00, 0x00], // 0x1B
    [0x00, 0x00, 0x00, 0x00, 0x00, 0x00, 0x00, 0x00], // 0x1C
    [0x00, 0x00, 0x00, 0x00, 0x00, 0x00, 0x00, 0x00], // 0x1D
    [0x00, 0x00, 0x00, 0x00, 0x00, 0x00, 0x00, 0x00], // 0x1E
    [0x00, 0x00, 0x00, 0x00, 0x00, 0x00, 0x00, 0x00], // 0x1F
    [0x00, 0x00, 0x00, 0x00, 0x00, 0x00, 0x00, 0x00], // 0x20
    [0x18, 0x18, 0x18, 0x18, 0x18, 0x00, 0x18, 0x00], // 0x21
    [0x6C, 0x6C, 0x6C, 0x00, 0x00, 0x00, 0x00, 0x00], // 0x22
    [0x36, 0x36, 0x7F, 0x36, 0x7F, 0x36, 0x36, 0x00], // 0x23
    [0x0C, 0x3F, 0x68, 0x3E, 0x0B, 0x7E, 0x18, 0x00], // 0x24
    [0x60, 0x66, 0x0C, 0x18, 0x30, 0x66, 0x06, 0x00], // 0x25
    [0x38, 0x6C, 0x6C, 0x38, 0x6D, 0x66, 0x3B, 0x00], // 0x26
    [0x18, 0x18, 0x18, 0x00, 0x00, 0x00, 0x00, 0x00], // 0x27
    [0x0C, 0x18, 0x30, 0x30, 0x30, 0x18, 0x0C, 0x00], // 0x28
    [0x30, 0x18, 0x0C, 0x0C, 0x0C, 0x18, 0x30, 0x00], // 0x29
    [0x00, 0x18, 0x7E, 0x3C, 0x7E, 0x18, 0x00, 0x00], // 0x2A
    [0x00, 0x18, 0x18, 0x7E, 0x18, 0x18, 0x00, 0x00], // 0x2B
    [0x00, 0x00, 0x00, 0x00, 0x00, 0x18, 0x18, 0x30], // 0x2C
    [0x00, 0x00, 0x00, 0x7E, 0x00, 0x00, 0x00, 0x00], // 0x2D
    [0x00, 0x00, 0x00, 0x00, 0x00, 0x18, 0x18, 0x00], // 0x2E
    [0x00, 0x06, 0x0C, 0x18, 0x30, 0x60, 0x00, 0x00], // 0x2F
    [0x3C, 0x66, 0x6E, 0x7E, 0x76, 0x66, 0x3C, 0x00], // 0x30
    [0x18, 0x38, 0x18, 0x18, 0x18, 0x18, 0x7E, 0x00], // 0x31
    [0x3C, 0x66, 0x06, 0x0C, 0x18, 0x30, 0x7E, 0x00], // 0x32
    [0x3C, 0x66, 0x06, 0x1C, 0x06, 0x66, 0x3C, 0x00], // 0x33
    [0x0C, 0x1C, 0x3C, 0x6C, 0x7E, 0x0C, 0x0C, 0x00], // 0x34
    [0x7E, 0x60, 0x7C, 0x06, 0x06, 0x66, 0x3C, 0x00], // 0x35
    [0x1C, 0x30, 0x60, 0x7C, 0x66, 0x66, 0x3C, 0x00], // 0x36
    [0x7E, 0x06, 0x0C, 0x18, 0x30, 0x30, 0x30, 0x00], // 0x37
    [0x3C, 0x66, 0x66, 0x3C, 0x66, 0x66, 0x3C, 0x00], // 0x38
    [0x3C, 0x66, 0x66, 0x3E, 0x06, 0x0C, 0x38, 0x00], // 0x39
    [0x00, 0x00, 0x18, 0x18, 0x00, 0x18, 0x18, 0x00], // 0x3A
    [0x00, 0x00, 0x18, 0x18, 0x00, 0x18, 0x18, 0x30], // 0x3B
    [0x0C, 0x18, 0x30, 0x60, 0x30, 0x18, 0x0C, 0x00], // 0x3C
    [0x00, 0x00, 0x7E, 0x00, 0x7E, 0x00, 0x00, 0x00], // 0x3D
    [0x30, 0x18, 0x0C, 0x06, 0x0C, 0x18, 0x30, 0x00], // 0x3E
    [0x3C, 0x66, 0x0C, 0x18, 0x18, 0x00, 0x18, 0x00], // 0x3F
    [0x3C, 0x66, 0x6E, 0x6A, 0x6E, 0x60, 0x3C, 0x00], // 0x40
    [0x3C, 0x66, 0x66, 0x7E, 0x66, 0x66, 0x66, 0x00], // 0x41
    [0x7C, 0x66, 0x66, 0x7C, 0x66, 0x66, 0x7C, 0x00], // 0x42
    [0x3C, 0x66, 0x60, 0x60, 0x60, 0x66, 0x3C, 0x00], // 0x43
    [0x78, 0x6C, 0x66, 0x66, 0x66, 0x6C, 0x78, 0x00], // 0x44
    [0x7E, 0x60, 0x60, 0x7C, 0x60, 0x60, 0x7E, 0x00], // 0x45
    [0x7E, 0x60, 0x60, 0x7C, 0x60, 0x60, 0x60, 0x00], // 0x46
    [0x3C, 0x66, 0x60, 0x6E, 0x66, 0x66, 0x3C, 0x00], // 0x47
    [0x66, 0x66, 0x66, 0x7E, 0x66, 0x66, 0x66, 0x00], // 0x48
    [0x7E, 0x18, 0x18, 0x18, 0x18, 0x18, 0x7E, 0x00], // 0x49
    [0x3E, 0x0C, 0x0C, 0x0C, 0x0C, 0x6C, 0x38, 0x00], // 0x4A
    [0x66, 0x6C, 0x78, 0x70, 0x78, 0x6C, 0x66, 0x00], // 0x4B
    [0x60, 0x60, 0x60, 0x60, 0x60, 0x60, 0x7E, 0x00], // 0x4C
    [0x63, 0x77, 0x7F, 0x6B, 0x6B, 0x63, 0x63, 0x00], // 0x4D
    [0x66, 0x66, 0x76, 0x7E, 0x6E, 0x66, 0x66, 0x00], // 0x4E
    [0x3C, 0x66, 0x66, 0x66, 0x66, 0x66, 0x3C, 0x00], // 0x4F
    [0x7C, 0x66, 0x66, 0x7C, 0x60, 0x60, 0x60, 0x00], // 0x50
    [0x3C, 0x66, 0x66, 0x66, 0x6A, 0x6C, 0x36, 0x00], // 0x51
    [0x7C, 0x66, 0x66, 0x7C, 0x6C, 0x66, 0x66, 0x00], // 0x52
    [0x3C, 0x66, 0x60, 0x3C, 0x06, 0x66, 0x3C, 0x00], // 0x53
    [0x7E, 0x18, 0x18, 0x18, 0x18, 0x18, 0x18, 0x00], // 0x54
    [0x66, 0x66, 0x66, 0x66, 0x66, 0x66, 0x3C, 0x00], // 0x55
    [0x66, 0x66, 0x66, 0x66, 0x66, 0x3C, 0x18, 0x00], // 0x56
    [0x63, 0x63, 0x6B, 0x6B, 0x7F, 0x77, 0x63, 0x00], // 0x57
    [0x66, 0x66, 0x3C, 0x18, 0x3C, 0x66, 0x66, 0x00], // 0x58
    [0x66, 0x66, 0x66, 0x3C, 0x18, 0x18, 0x18, 0x00], // 0x59
    [0x7E, 0x06, 0x0C, 0x18, 0x30, 0x60, 0x7E, 0x00], // 0x5A
    [0x7C, 0x60, 0x60, 0x60, 0x60, 0x60, 0x7C, 0x00], // 0x5B
    [0x00, 0x60, 0x30, 0x18, 0x0C, 0x06, 0x00, 0x00], // 0x5C
    [0x3E, 0x06, 0x06, 0x06, 0x06, 0x06, 0x3E, 0x00], // 0x5D
    [0x3C, 0x66, 0x00, 0x00, 0x00, 0x00, 0x00, 0x00], // 0x5E
    [0x00, 0x00, 0x00, 0x00, 0x00, 0x00, 0x00, 0xFF], // 0x5F
    [0x30, 0x18, 0x00, 0x00, 0x00, 0x00, 0x00, 0x00], // 0x60
    [0x00, 0x00, 0x3C, 0x06, 0x3E, 0x66, 0x3E, 0x00], // 0x61
    [0x60, 0x60, 0x7C, 0x66, 0x66, 0x66, 0x7C, 0x00], // 0x62
    [0x00, 0x00, 0x3C, 0x66, 0x60, 0x66, 0x3C, 0x00], // 0x63
    [0x06, 0x06, 0x3E, 0x66, 0x66, 0x66, 0x3E, 0x00], // 0x64
    [0x00, 0x00, 0x3C, 0x66, 0x7E, 0x60, 0x3C, 0x00], // 0x65
    [0x1C, 0x30, 0x30, 0x7C, 0x30, 0x30, 0x30, 0x00], // 0x66
    [0x00, 0x00, 0x3E, 0x66, 0x66, 0x3E, 0x06, 0x3C], // 0x67
    [0x60, 0x60, 0x7C, 0x66, 0x66, 0x66, 0x66, 0x00], // 0x68
    [0x18, 0x00, 0x38, 0x18, 0x18, 0x18, 0x3C, 0x00], // 0x69
    [0x18, 0x00, 0x38, 0x18, 0x18, 0x18, 0x18, 0x70], // 0x6A
    [0x60, 0x60, 0x66, 0x6C, 0x78, 0x6C, 0x66, 0x00], // 0x6B
    [0x38, 0x18, 0x18, 0x18, 0x18, 0x18, 0x3C, 0x00], // 0x6C
    [0x00, 0x00, 0x36, 0x7F, 0x6B, 0x6B, 0x63, 0x00], // 0x6D
    [0x00, 0x00, 0x7C, 0x66, 0x66, 0x66, 0x66, 0x00], // 0x6E
    [0x00, 0x00, 0x3C, 0x66, 0x66, 0x66, 0x3C, 0x00], // 0x6F
    [0x00, 0x00, 0x7C, 0x66, 0x66, 0x7C, 0x60, 0x60], // 0x70
    [0x00, 0x00, 0x3E, 0x66, 0x66, 0x3E, 0x06, 0x07], // 0x71
    [0x00, 0x00, 0x6C, 0x76, 0x60, 0x60, 0x60, 0x00], // 0x72
    [0x00, 0x00, 0x3E, 0x60, 0x3C, 0x06, 0x7C, 0x00], // 0x73
    [0x30, 0x30, 0x7C, 0x30, 0x30, 0x30, 0x1C, 0x00], // 0x74
    [0x00, 0x00, 0x66, 0x66, 0x66, 0x66, 0x3E, 0x00], // 0x75
    [0x00, 0x00, 0x66, 0x66, 0x66, 0x3C, 0x18, 0x00], // 0x76
    [0x00, 0x00, 0x63, 0x6B, 0x6B, 0x7F, 0x36, 0x00], // 0x77
    [0x00, 0x00, 0x66, 0x3C, 0x18, 0x3C, 0x66, 0x00], // 0x78
    [0x00, 0x00, 0x66, 0x66, 0x66, 0x3E, 0x06, 0x3C], // 0x79
    [0x00, 0x00, 0x7E, 0x0C, 0x18, 0x30, 0x7E, 0x00], // 0x7A
    [0x0C, 0x18, 0x18, 0x70, 0x18, 0x18, 0x0C, 0x00], // 0x7B
    [0x18, 0x18, 0x18, 0x18, 0x18, 0x18, 0x18, 0x00], // 0x7C
    [0x30, 0x18, 0x18, 0x0E, 0x18, 0x18, 0x30, 0x00], // 0x7D
    [0x31, 0x6B, 0x46, 0x00, 0x00, 0x00, 0x00, 0x00], // 0x7E
    [0xFF, 0xFF, 0xFF, 0xFF, 0xFF, 0xFF, 0xFF, 0xFF], // 0x7F
    [0x06, 0x09, 0x09, 0x69, 0x96, 0x60, 0x90, 0x60], // 0x80
    [0x1C, 0x63, 0x6B, 0x6B, 0x7F, 0x77, 0x63, 0x00], // 0x81
    [0x1C, 0x36, 0x00, 0x6B, 0x6B, 0x7F, 0x36, 0x00], // 0x82
    [0x06, 0x01, 0x06, 0x61, 0x96, 0x60, 0x90, 0x60], // 0x83
    [0x05, 0x05, 0x07, 0x61, 0x91, 0x60, 0x90, 0x60], // 0x84
    [0x18, 0x66, 0x42, 0x66, 0x3C, 0x18, 0x18, 0x00], // 0x85
    [0x18, 0x66, 0x00, 0x66, 0x66, 0x3E, 0x06, 0x3C], // 0x86
    [0x07, 0x01, 0x02, 0x64, 0x94, 0x60, 0x90, 0x60], // 0x87
    [0x06, 0x09, 0x06, 0x69, 0x96, 0x60, 0x90, 0x60], // 0x88
    [0x06, 0x09, 0x07, 0x61, 0x96, 0x60, 0x90, 0x60], // 0x89
    [0x06, 0x09, 0x0F, 0x69, 0x99, 0x60, 0x90, 0x60], // 0x8A
    [0x0E, 0x09, 0x0E, 0x69, 0x9E, 0x60, 0x90, 0x60], // 0x8B
    [0x00, 0x00, 0x00, 0x00, 0x00, 0xDB, 0xDB, 0x00], // 0x8C
    [0xF1, 0x5B, 0x55, 0x51, 0x00, 0x00, 0x00, 0x00], // 0x8D
    [0xC0, 0xCC, 0x18, 0x30, 0x60, 0xDB, 0x1B, 0x00], // 0x8E
    [0x00, 0x00, 0x3C, 0x7E, 0x7E, 0x3C, 0x00, 0x00], // 0x8F
    [0x0C, 0x18, 0x18, 0x00, 0x00, 0x00, 0x00, 0x00], // 0x90
    [0x0C, 0x0C, 0x18, 0x00, 0x00, 0x00, 0x00, 0x00], // 0x91
    [0x00, 0x0C, 0x18, 0x30, 0x30, 0x18, 0x0C, 0x00], // 0x92
    [0x00, 0x30, 0x18, 0x0C, 0x0C, 0x18, 0x30, 0x00], // 0x93
    [0x1B, 0x36, 0x36, 0x00, 0x00, 0x00, 0x00, 0x00], // 0x94
    [0x36, 0x36, 0x6C, 0x00, 0x00, 0x00, 0x00, 0x00], // 0x95
    [0x00, 0x00, 0x00, 0x00, 0x00, 0x36, 0x36, 0x6C], // 0x96
    [0x00, 0x00, 0x00, 0x3C, 0x00, 0x00, 0x00, 0x00], // 0x97
    [0x00, 0x00, 0x00, 0xFF, 0x00, 0x00, 0x00, 0x00], // 0x98
    [0x00, 0x00, 0x00, 0x7E, 0x00, 0x00, 0x00, 0x00], // 0x99
    [0x77, 0xCC, 0xCC, 0xCF, 0xCC, 0xCC, 0x77, 0x00], // 0x9A
    [0x00, 0x00, 0x6E, 0xDB, 0xDF, 0xD8, 0x6E, 0x00], // 0x9B
    [0x18, 0x18, 0x7E, 0x18, 0x18, 0x18, 0x18, 0x18], // 0x9C
    [0x18, 0x18, 0x7E, 0x18, 0x7E, 0x18, 0x18, 0x18], // 0x9D
    [0x3C, 0x66, 0x60, 0xF6, 0x66, 0x66, 0x66, 0x00], // 0x9E
    [0x3E, 0x66, 0x66, 0xF6, 0x66, 0x66, 0x66, 0x00], // 0x9F
    [0x00, 0x00, 0x00, 0x00, 0x00, 0x00, 0x00, 0x00], // 0xA0
    [0x18, 0x00, 0x18, 0x18, 0x18, 0x18, 0x18, 0x00], // 0xA1
    [0x08, 0x3E, 0x6B, 0x68, 0x6B, 0x3E, 0x08, 0x00], // 0xA2
    [0x1C, 0x36, 0x30, 0x7C, 0x30, 0x30, 0x7E, 0x00], // 0xA3
    [0x00, 0x66, 0x3C, 0x66, 0x66, 0x3C, 0x66, 0x00], // 0xA4
    [0x66, 0x3C, 0x18, 0x18, 0x7E, 0x18, 0x18, 0x00], // 0xA5
    [0x18, 0x18, 0x18, 0x00, 0x18, 0x18, 0x18, 0x00], // 0xA6
    [0x3C, 0x60, 0x3C, 0x66, 0x3C, 0x06, 0x3C, 0x00], // 0xA7
    [0x66, 0x00, 0x00, 0x00, 0x00, 0x00, 0x00, 0x00], // 0xA8
    [0x3C, 0x42, 0x99, 0xA1, 0xA1, 0x99, 0x42, 0x3C], // 0xA9
    [0x1C, 0x06, 0x1E, 0x36, 0x1E, 0x00, 0x3E, 0x00], // 0xAA
    [0x00, 0x33, 0x66, 0xCC, 0xCC, 0x66, 0x33, 0x00], // 0xAB
    [0x7E, 0x06, 0x00, 0x00, 0x00, 0x00, 0x00, 0x00], // 0xAC
    [0x00, 0x00, 0x00, 0x7E, 0x00, 0x00, 0x00, 0x00], // 0xAD
    [0x3C, 0x42, 0xB9, 0xA5, 0xB9, 0xA5, 0x42, 0x3C], // 0xAE
    [0x7E, 0x00, 0x00, 0x00, 0x00, 0x00, 0x00, 0x00], // 0xAF
    [0x3C, 0x66, 0x3C, 0x00, 0x00, 0x00, 0x00, 0x00], // 0xB0
    [0x18, 0x18, 0x7E, 0x18, 0x18, 0x00, 0x7E, 0x00], // 0xB1
    [0x38, 0x04, 0x18, 0x20, 0x3C, 0x00, 0x00, 0x00], // 0xB2
    [0x38, 0x04, 0x18, 0x04, 0x38, 0x00, 0x00, 0x00], // 0xB3
    [0x0C, 0x18, 0x00, 0x00, 0x00, 0x00, 0x00, 0x00], // 0xB4
    [0x00, 0x00, 0x33, 0x33, 0x33, 0x33, 0x3E, 0x60], // 0xB5
    [0x03, 0x3E, 0x76, 0x76, 0x36, 0x36, 0x3E, 0x00], // 0xB6
    [0x00, 0x00, 0x00, 0x18, 0x18, 0x00, 0x00, 0x00], // 0xB7
    [0x00, 0x00, 0x00, 0x00, 0x00, 0x00, 0x18, 0x30], // 0xB8
    [0x10, 0x30, 0x10, 0x10, 0x38, 0x00, 0x00, 0x00], // 0xB9
    [0x1C, 0x36, 0x36, 0x36, 0x1C, 0x00, 0x3E, 0x00], // 0xBA
    [0x00, 0xCC, 0x66, 0x33, 0x33, 0x66, 0xCC, 0x00], // 0xBB
    [0x40, 0xC0, 0x40, 0x48, 0x48, 0x0A, 0x0F, 0x02], // 0xBC
    [0x40, 0xC0, 0x40, 0x4F, 0x41, 0x0F, 0x08, 0x0F], // 0xBD
    [0xE0, 0x20, 0xE0, 0x28, 0xE8, 0x0A, 0x0F, 0x02], // 0xBE
    [0x18, 0x00, 0x18, 0x18, 0x30, 0x66, 0x3C, 0x00], // 0xBF
    [0x30, 0x18, 0x00, 0x3C, 0x66, 0x7E, 0x66, 0x00], // 0xC0
    [0x0C, 0x18, 0x00, 0x3C, 0x66, 0x7E, 0x66, 0x00], // 0xC1
    [0x18, 0x66, 0x00, 0x3C, 0x66, 0x7E, 0x66, 0x00], // 0xC2
    [0x36, 0x6C, 0x00, 0x3C, 0x66, 0x7E, 0x66, 0x00], // 0xC3
    [0x66, 0x66, 0x00, 0x3C, 0x66, 0x7E, 0x66, 0x00], // 0xC4
    [0x3C, 0x66, 0x3C, 0x3C, 0x66, 0x7E, 0x66, 0x00], // 0xC5
    [0x3F, 0x66, 0x66, 0x7F, 0x66, 0x66, 0x67, 0x00], // 0xC6
    [0x3C, 0x66, 0x60, 0x60, 0x66, 0x3C, 0x30, 0x60], // 0xC7
    [0x30, 0x18, 0x7E, 0x60, 0x7C, 0x60, 0x7E, 0x00], // 0xC8
    [0x0C, 0x18, 0x7E, 0x60, 0x7C, 0x60, 0x7E, 0x00], // 0xC9
    [0x3C, 0x66, 0x7E, 0x60, 0x7C, 0x60, 0x7E, 0x00], // 0xCA
    [0x66, 0x00, 0x7E, 0x60, 0x7C, 0x60, 0x7E, 0x00], // 0xCB
    [0x30, 0x18, 0x00, 0x7E, 0x18, 0x18, 0x7E, 0x00], // 0xCC
    [0x0C, 0x18, 0x00, 0x7E, 0x18, 0x18, 0x7E, 0x00], // 0xCD
    [0x3C, 0x66, 0x00, 0x7E, 0x18, 0x18, 0x7E, 0x00], // 0xCE
    [0x66, 0x66, 0x00, 0x7E, 0x18, 0x18, 0x7E, 0x00], // 0xCF
    [0x78, 0x6C, 0x66, 0xF6, 0x66, 0x6C, 0x78, 0x00], // 0xD0
    [0x36, 0x6C, 0x00, 0x66, 0x76, 0x6E, 0x66, 0x00], // 0xD1
    [0x30, 0x18, 0x3C, 0x66, 0x66, 0x66, 0x3C, 0x00], // 0xD2
    [0x0C, 0x18, 0x3C, 0x66, 0x66, 0x66, 0x3C, 0x00], // 0xD3
    [0x3C, 0x66, 0x3C, 0x66, 0x66, 0x66, 0x3C, 0x00], // 0xD4
    [0x36, 0x6C, 0x3C, 0x66, 0x66, 0x66, 0x3C, 0x00], // 0xD5
    [0x66, 0x00, 0x3C, 0x66, 0x66, 0x66, 0x3C, 0x00], // 0xD6
    [0x00, 0x63, 0x36, 0x1C, 0x1C, 0x36, 0x63, 0x00], // 0xD7
    [0x3D, 0x66, 0x6E, 0x7E, 0x76, 0x66, 0xBC, 0x00], // 0xD8
    [0x30, 0x18, 0x66, 0x66, 0x66, 0x66, 0x3C, 0x00], // 0xD9
    [0x0C, 0x18, 0x66, 0x66, 0x66, 0x66, 0x3C, 0x00], // 0xDA
    [0x3C, 0x66, 0x00, 0x66, 0x66, 0x66, 0x3C, 0x00], // 0xDB
    [0x66, 0x00, 0x66, 0x66, 0x66, 0x66, 0x3C, 0x00], // 0xDC
    [0x0C, 0x18, 0x66, 0x66, 0x3C, 0x18, 0x18, 0x00], // 0xDD
    [0xF0, 0x60, 0x7C, 0x66, 0x7C, 0x60, 0xF0, 0x00], // 0xDE
    [0x3C, 0x66, 0x66, 0x6C, 0x66, 0x66, 0x6C, 0xC0], // 0xDF
    [0x30, 0x18, 0x3C, 0x06, 0x3E, 0x66, 0x3E, 0x00], // 0xE0
    [0x0C, 0x18, 0x3C, 0x06, 0x3E, 0x66, 0x3E, 0x00], // 0xE1
    [0x18, 0x66, 0x3C, 0x06, 0x3E, 0x66, 0x3E, 0x00], // 0xE2
    [0x36, 0x6C, 0x3C, 0x06, 0x3E, 0x66, 0x3E, 0x00], // 0xE3
    [0x66, 0x00, 0x3C, 0x06, 0x3E, 0x66, 0x3E, 0x00], // 0xE4
    [0x3C, 0x66, 0x3C, 0x06, 0x3E, 0x66, 0x3E, 0x00], // 0xE5
    [0x00, 0x00, 0x3F, 0x0D, 0x3F, 0x6C, 0x3F, 0x00], // 0xE6
    [0x00, 0x00, 0x3C, 0x66, 0x60, 0x66, 0x3C, 0x60], // 0xE7
    [0x30, 0x18, 0x3C, 0x66, 0x7E, 0x60, 0x3C, 0x00], // 0xE8
    [0x0C, 0x18, 0x3C, 0x66, 0x7E, 0x60, 0x3C, 0x00], // 0xE9
    [0x3C, 0x66, 0x3C, 0x66, 0x7E, 0x60, 0x3C, 0x00], // 0xEA
    [0x66, 0x00, 0x3C, 0x66, 0x7E, 0x60, 0x3C, 0x00], // 0xEB
    [0x30, 0x18, 0x00, 0x38, 0x18, 0x18, 0x3C, 0x00], // 0xEC
    [0x0C, 0x18, 0x00, 0x38, 0x18, 0x18, 0x3C, 0x00], // 0xED
    [0x3C, 0x66, 0x00, 0x38, 0x18, 0x18, 0x3C, 0x00], // 0xEE
    [0x66, 0x00, 0x00, 0x38, 0x18, 0x18, 0x3C, 0x00], // 0xEF
    [0x18, 0x3E, 0x0C, 0x06, 0x3E, 0x66, 0x3E, 0x00], // 0xF0
    [0x36, 0x6C, 0x00, 0x7C, 0x66, 0x66, 0x66, 0x00], // 0xF1
    [0x30, 0x18, 0x00, 0x3C, 0x66, 0x66, 0x3C, 0x00], // 0xF2
    [0x0C, 0x18, 0x00, 0x3C, 0x66, 0x66, 0x3C, 0x00], // 0xF3
    [0x3C, 0x66, 0x00, 0x3C, 0x66, 0x66, 0x3C, 0x00], // 0xF4
    [0x36, 0x6C, 0x00, 0x3C, 0x66, 0x66, 0x3C, 0x00], // 0xF5
    [0x66, 0x00, 0x00, 0x3C, 0x66, 0x66, 0x3C, 0x00], // 0xF6
    [0x00, 0x18, 0x00, 0xFF, 0x00, 0x18, 0x00, 0x00], // 0xF7
    [0x00, 0x02, 0x3C, 0x6E, 0x76, 0x66, 0xBC, 0x00], // 0xF8
    [0x30, 0x18, 0x00, 0x66, 0x66, 0x66, 0x3E, 0x00], // 0xF9
    [0x0C, 0x18, 0x00, 0x66, 0x66, 0x66, 0x3E, 0x00], // 0xFA
    [0x3C, 0x66, 0x00, 0x66, 0x66, 0x66, 0x3E, 0x00], // 0xFB
    [0x66, 0x00, 0x00, 0x66, 0x66, 0x66, 0x3E, 0x00], // 0xFC
    [0x0C, 0x18, 0x66, 0x66, 0x66, 0x3E, 0x06, 0x3C], // 0xFD
    [0x60, 0x60, 0x7C, 0x66, 0x7C, 0x60, 0x60, 0x00], // 0xFE
    [0x66, 0x00, 0x66, 0x66, 0x66, 0x3E, 0x06, 0x3C], // 0xFF
];

pub const FONTS: [&Font; FONT_COUNT] = [
    &VGA_8X8,
    &BBC_MASTER,
    &BBC_MASTER_INTERNATIONAL,
    &BBC_MICRO,
    &SYSTEM_8X8,
    &MSX_ARABIC_AX500,
    &MSX_RUSSIAN,
    &MSX_KOREAN,
    &MSX_JAPANESE_F900A,
    &COLECOVISION_BOLD,
    &C64,
    &C16,
    &ATARI_CLASSIC,
    &ATARI_INTERNATIONAL,
    &ATASCII,
    &ATARI_NAJM_65XE_ARABIC,
    &APPLE_I,
    &AMSTRAD_CPC,
    &AMSTRAD_PCW,
    &ATARI_ST_8X8,
    &FUJITSU_FM7,
    &JUPITER_ACE,
    &TRS80_DVI_8X8,
    &RISCOS_3,
];

pub fn selected(id: u8) -> &'static Font {
    FONTS.get(id as usize).copied().unwrap_or(&VGA_8X8)
}
